incidencia_id;viaje_id;vehiculo_id;conductor_id;linea_id;fecha;anno;mes;hora_incidencia;tipo_incidencia;categoria;severidad;requiere_retirada;duracion_resolucion_dias;vehiculo_sustituto;coste_estimado_eur
1;33554;39;11;4;01/06/2022;2022;6;19:11:00;Huelga parcial;Operacional;Alta;VERDADERO;60;FALSO;0
2;9428;21;21;6;16/02/2023;2023;2;20:42:00;Fallo electrico;Vehiculo;Alta;VERDADERO;62;FALSO;57551
3;200;33;5;8;20/01/2022;2022;1;6:21:00;Accidente leve;Seguridad;Alta;VERDADERO;29;VERDADERO;33180
4;12448;17;17;10;16/01/2023;2023;1;2:30:00;Vandalismo;Seguridad;Media;FALSO;16;FALSO;65199
5;39490;11;11;6;08/01/2023;2023;1;14:51:00;Retencion trafico;Externo;Baja;FALSO;14;FALSO;4988
6;42725;12;26;6;02/07/2024;2024;7;17:48:00;Pasajero enfermo;Servicio;Media;FALSO;19;FALSO;4915
7;10823;30;16;7;01/03/2024;2024;3;16:00:00;Vandalismo;Seguridad;Media;FALSO;5;FALSO;79483
8;49499;24;24;5;03/03/2023;2023;3;22:20:00;Obras calzada;Externo;Media;FALSO;5;FALSO;0
9;4145;30;2;5;02/05/2024;2024;5;20:30:00;Huelga parcial;Operacional;Alta;VERDADERO;85;VERDADERO;0
10;36959;42;28;6;09/08/2023;2023;8;18:25:00;Pasajero enfermo;Servicio;Media;FALSO;20;FALSO;2245
11;43107;16;16;5;19/09/2023;2023;9;11:21:00;Accidente leve;Seguridad;Alta;VERDADERO;9;VERDADERO;390861
12;38696;15;1;8;24/07/2023;2023;7;16:41:00;Vandalismo;Seguridad;Media;FALSO;8;FALSO;5649
13;6189;16;2;1;11/02/2022;2022;2;15:00:00;Retencion trafico;Externo;Baja;FALSO;12;FALSO;2007
14;1415;30;16;7;30/05/2024;2024;5;20:23:00;Accidente grave;Seguridad;Critica;VERDADERO;11;VERDADERO;1224712
15;18472;35;21;1;03/05/2022;2022;5;10:11:00;Fallo climatizacion;Vehiculo;Baja;FALSO;5;FALSO;12852
16;29283;10;24;5;29/06/2023;2023;6;9:30:00;Fallo climatizacion;Vehiculo;Baja;FALSO;5;FALSO;13444
17;15178;17;3;6;05/03/2024;2024;3;19:53:00;Pinchazo;Vehiculo;Media;VERDADERO;24;VERDADERO;11368
18;34305;34;6;3;20/10/2024;2024;10;17:40:00;Vandalismo;Seguridad;Media;FALSO;7;FALSO;54769
19;12610;11;11;7;14/10/2023;2023;10;11:50:00;Averia mecanica;Vehiculo;Alta;VERDADERO;5;FALSO;275339
20;12145;8;22;1;09/01/2022;2022;1;18:44:00;Pinchazo;Vehiculo;Media;VERDADERO;21;FALSO;13111
21;6114;25;11;9;04/09/2023;2023;9;21:31:00;Fallo electrico;Vehiculo;Alta;VERDADERO;95;VERDADERO;9938
22;15909;34;6;5;13/05/2022;2022;5;11:00:00;Retencion trafico;Externo;Baja;FALSO;34;FALSO;4447
23;822;25;11;7;06/01/2023;2023;1;11:58:00;Obras calzada;Externo;Media;FALSO;5;FALSO;0
24;15119;42;28;5;22/04/2024;2024;4;17:11:00;Huelga parcial;Operacional;Alta;VERDADERO;100;VERDADERO;0
25;13467;28;28;4;03/09/2022;2022;9;12:00:00;Retencion trafico;Externo;Baja;FALSO;20;FALSO;271
26;26498;39;11;7;18/04/2024;2024;4;7:34:00;Pasajero enfermo;Servicio;Media;FALSO;5;FALSO;8172
27;42112;29;1;1;24/11/2023;2023;11;8:48:00;Obras calzada;Externo;Media;FALSO;27;FALSO;0
28;30189;34;6;10;08/05/2023;2023;5;0:32:00;Accidente leve;Seguridad;Alta;VERDADERO;87;VERDADERO;208282
29;37238;27;27;4;15/12/2024;2024;12;14:51:00;Retencion trafico;Externo;Baja;FALSO;14;FALSO;464
30;33110;15;15;1;31/08/2024;2024;8;10:31:00;Vandalismo;Seguridad;Media;FALSO;39;FALSO;19323
31;36481;26;26;6;30/09/2023;2023;9;6:04:00;Obras calzada;Externo;Media;FALSO;7;FALSO;0
32;24149;42;14;6;02/03/2024;2024;3;18:17:00;Fallo electrico;Vehiculo;Alta;VERDADERO;25;VERDADERO;6098
33;5504;3;17;7;28/11/2022;2022;11;18:05:00;Accidente leve;Seguridad;Alta;VERDADERO;21;VERDADERO;217336
34;3919;14;28;5;02/11/2024;2024;11;13:34:00;Accidente leve;Seguridad;Alta;VERDADERO;47;FALSO;12042
35;38479;8;8;4;10/05/2024;2024;5;12:53:00;Fallo climatizacion;Vehiculo;Baja;FALSO;47;FALSO;2407
36;21124;41;13;3;11/01/2023;2023;1;7:05:00;Vandalismo;Seguridad;Media;FALSO;5;FALSO;34599
37;49718;33;19;5;26/08/2023;2023;8;6:29:00;Huelga parcial;Operacional;Alta;VERDADERO;13;VERDADERO;0
38;42295;2;16;9;12/11/2023;2023;11;20:28:00;Accidente leve;Seguridad;Alta;VERDADERO;5;VERDADERO;281835
39;47610;25;11;5;05/02/2023;2023;2;20:33:00;Obras calzada;Externo;Media;FALSO;9;FALSO;0
40;11077;32;18;6;07/01/2024;2024;1;14:14:00;Accidente leve;Seguridad;Alta;VERDADERO;5;VERDADERO;360716
41;41515;20;20;8;10/11/2024;2024;11;10:22:00;Accidente leve;Seguridad;Alta;VERDADERO;11;FALSO;227926
42;22063;14;28;1;23/12/2024;2024;12;10:52:00;Pinchazo;Vehiculo;Media;VERDADERO;6;VERDADERO;35567
43;9414;7;7;6;15/12/2024;2024;12;12:33:00;Averia mecanica;Vehiculo;Alta;VERDADERO;9;VERDADERO;115747
44;38341;38;10;1;05/01/2023;2023;1;7:40:00;Huelga parcial;Operacional;Alta;VERDADERO;6;VERDADERO;0
45;30264;25;25;7;30/01/2023;2023;1;7:01:00;Pasajero enfermo;Servicio;Media;FALSO;5;FALSO;6071
46;41253;10;10;6;11/09/2023;2023;9;20:06:00;Pasajero enfermo;Servicio;Media;FALSO;5;FALSO;6095
47;14645;30;2;5;24/03/2022;2022;3;10:10:00;Retencion trafico;Externo;Baja;FALSO;9;FALSO;633
48;26336;3;17;5;16/09/2024;2024;9;11:54:00;Accidente grave;Seguridad;Critica;VERDADERO;9;VERDADERO;1462286
49;28103;6;20;5;19/01/2022;2022;1;20:35:00;Averia mecanica;Vehiculo;Alta;VERDADERO;134;VERDADERO;175365
50;17524;11;25;10;16/09/2024;2024;9;22:10:00;Fallo climatizacion;Vehiculo;Baja;FALSO;13;FALSO;28158
51;24713;18;18;5;16/06/2022;2022;6;8:51:00;Fallo electrico;Vehiculo;Alta;VERDADERO;49;VERDADERO;96795
52;40486;41;27;7;29/05/2024;2024;5;10:12:00;Obras calzada;Externo;Media;FALSO;27;FALSO;0
53;3851;30;16;9;10/01/2023;2023;1;22:39:00;Accidente grave;Seguridad;Critica;VERDADERO;52;FALSO;695768
54;40041;16;2;4;11/08/2022;2022;8;16:01:00;Obras calzada;Externo;Media;FALSO;23;FALSO;0
55;15268;23;9;2;05/11/2022;2022;11;12:51:00;Condiciones meteo;Externo;Media;FALSO;13;FALSO;0
56;49147;8;8;10;24/06/2024;2024;6;22:14:00;Obras calzada;Externo;Media;FALSO;33;FALSO;0
57;30002;15;15;9;17/02/2022;2022;2;19:10:00;Pinchazo;Vehiculo;Media;VERDADERO;21;FALSO;32577
58;45927;22;8;2;05/08/2023;2023;8;17:17:00;Huelga parcial;Operacional;Alta;VERDADERO;66;VERDADERO;0
59;43825;20;6;2;03/09/2022;2022;9;20:07:00;Averia mecanica;Vehiculo;Alta;VERDADERO;79;VERDADERO;156336
60;17241;22;22;8;17/08/2022;2022;8;7:24:00;Accidente grave;Seguridad;Critica;VERDADERO;5;FALSO;333186
61;4893;22;22;8;25/08/2023;2023;8;8:14:00;Pinchazo;Vehiculo;Media;VERDADERO;16;VERDADERO;22675
62;726;13;27;5;16/09/2022;2022;9;20:45:00;Fallo electrico;Vehiculo;Alta;VERDADERO;92;VERDADERO;192827
63;22950;19;19;3;14/04/2022;2022;4;15:40:00;Accidente leve;Seguridad;Alta;VERDADERO;50;VERDADERO;15484
64;34658;9;23;1;19/10/2024;2024;10;18:52:00;Pinchazo;Vehiculo;Media;VERDADERO;5;VERDADERO;12163
65;37214;3;3;2;16/04/2024;2024;4;18:13:00;Retencion trafico;Externo;Baja;FALSO;41;FALSO;3564
66;20305;20;6;9;06/06/2023;2023;6;8:39:00;Retencion trafico;Externo;Baja;FALSO;52;FALSO;472
67;15270;25;11;6;13/05/2024;2024;5;15:52:00;Condiciones meteo;Externo;Media;FALSO;5;FALSO;0
68;22368;25;25;8;25/10/2023;2023;10;20:36:00;Accidente leve;Seguridad;Alta;VERDADERO;34;VERDADERO;191781
69;42685;14;14;3;10/05/2023;2023;5;7:46:00;Fallo climatizacion;Vehiculo;Baja;FALSO;15;FALSO;27314
70;46735;32;4;8;06/05/2023;2023;5;10:34:00;Obras calzada;Externo;Media;FALSO;5;FALSO;0
71;11733;16;2;2;02/11/2023;2023;11;12:25:00;Fallo electrico;Vehiculo;Alta;VERDADERO;37;FALSO;195035
72;18620;15;1;10;21/03/2024;2024;3;23:03:00;Vandalismo;Seguridad;Media;FALSO;5;FALSO;14476
73;48493;26;26;4;16/12/2022;2022;12;13:34:00;Accidente grave;Seguridad;Critica;VERDADERO;63;VERDADERO;1463061
74;26804;9;9;3;15/10/2023;2023;10;10:47:00;Accidente grave;Seguridad;Critica;VERDADERO;5;FALSO;1027498
75;44306;39;11;7;16/08/2023;2023;8;7:48:00;Pinchazo;Vehiculo;Media;VERDADERO;63;VERDADERO;20702
76;47523;22;8;5;29/09/2024;2024;9;16:33:00;Fallo climatizacion;Vehiculo;Baja;FALSO;5;FALSO;26321
77;32208;37;9;4;28/09/2023;2023;9;6:30:00;Fallo climatizacion;Vehiculo;Baja;FALSO;15;FALSO;7281
78;2531;12;12;1;27/12/2024;2024;12;19:25:00;Obras calzada;Externo;Media;FALSO;5;FALSO;0
79;17747;24;24;2;10/11/2024;2024;11;7:00:00;Pasajero enfermo;Servicio;Media;FALSO;5;FALSO;7296
80;8271;40;12;8;10/10/2023;2023;10;22:31:00;Condiciones meteo;Externo;Media;FALSO;36;FALSO;0
81;15080;3;17;7;10/02/2024;2024;2;10:31:00;Pasajero enfermo;Servicio;Media;FALSO;5;FALSO;5801
82;13625;18;18;5;27/11/2022;2022;11;14:52:00;Averia mecanica;Vehiculo;Alta;VERDADERO;91;VERDADERO;109847
83;30639;22;8;10;03/04/2024;2024;4;5:30:00;Retencion trafico;Externo;Baja;FALSO;7;FALSO;2776
84;30441;34;6;5;07/10/2023;2023;10;16:05:00;Averia mecanica;Vehiculo;Alta;VERDADERO;5;VERDADERO;147088
85;36057;22;22;4;25/09/2022;2022;9;6:42:00;Accidente leve;Seguridad;Alta;VERDADERO;5;VERDADERO;188541
86;42652;23;9;6;15/10/2024;2024;10;21:50:00;Pinchazo;Vehiculo;Media;VERDADERO;14;VERDADERO;3921
87;36804;13;13;4;31/01/2022;2022;1;11:24:00;Huelga parcial;Operacional;Alta;VERDADERO;80;VERDADERO;0
88;48225;10;10;6;17/01/2024;2024;1;16:03:00;Accidente grave;Seguridad;Critica;VERDADERO;55;VERDADERO;947244
89;29227;38;24;8;12/09/2023;2023;9;12:33:00;Fallo electrico;Vehiculo;Alta;VERDADERO;45;VERDADERO;10879
90;5634;7;7;2;13/03/2022;2022;3;15:06:00;Huelga parcial;Operacional;Alta;VERDADERO;19;VERDADERO;0
91;5988;25;25;6;14/05/2023;2023;5;7:40:00;Fallo electrico;Vehiculo;Alta;VERDADERO;15;FALSO;97454
92;48064;17;17;2;23/07/2022;2022;7;16:23:00;Pasajero enfermo;Servicio;Media;FALSO;5;FALSO;8248
93;1813;8;22;3;07/03/2024;2024;3;15:02:00;Retencion trafico;Externo;Baja;FALSO;12;FALSO;3876
94;27579;28;28;5;29/09/2022;2022;9;9:55:00;Pinchazo;Vehiculo;Media;VERDADERO;8;VERDADERO;32469
95;16824;25;25;9;25/02/2024;2024;2;10:30:00;Accidente leve;Seguridad;Alta;VERDADERO;36;FALSO;327541
96;3929;24;10;8;26/07/2024;2024;7;19:07:00;Fallo electrico;Vehiculo;Alta;VERDADERO;49;VERDADERO;175919
97;37287;34;20;8;16/06/2023;2023;6;14:58:00;Condiciones meteo;Externo;Media;FALSO;51;FALSO;0
98;25046;15;15;3;02/11/2024;2024;11;7:05:00;Pinchazo;Vehiculo;Media;VERDADERO;61;VERDADERO;37013
99;15728;21;21;4;25/10/2024;2024;10;9:20:00;Retencion trafico;Externo;Baja;FALSO;99;FALSO;3472
100;29601;34;6;2;14/01/2024;2024;1;15:31:00;Condiciones meteo;Externo;Media;FALSO;18;FALSO;0
101;10431;16;16;7;29/06/2022;2022;6;19:11:00;Accidente grave;Seguridad;Critica;VERDADERO;34;VERDADERO;140090
102;25769;24;10;7;03/12/2024;2024;12;19:41:00;Fallo climatizacion;Vehiculo;Baja;FALSO;8;FALSO;10405
103;29104;41;13;1;09/09/2024;2024;9;9:53:00;Accidente grave;Seguridad;Critica;VERDADERO;23;FALSO;1333643
104;36538;41;27;7;19/09/2023;2023;9;17:42:00;Accidente leve;Seguridad;Alta;VERDADERO;70;VERDADERO;294537
105;39329;18;18;9;23/08/2024;2024;8;6:17:00;Condiciones meteo;Externo;Media;FALSO;9;FALSO;0
106;35540;9;9;5;09/01/2023;2023;1;11:40:00;Fallo climatizacion;Vehiculo;Baja;FALSO;23;FALSO;29712
107;28076;21;21;6;23/05/2024;2024;5;19:43:00;Huelga parcial;Operacional;Alta;VERDADERO;36;VERDADERO;0
108;17841;34;6;7;01/12/2022;2022;12;13:20:00;Obras calzada;Externo;Media;FALSO;6;FALSO;0
109;27803;42;28;1;14/07/2024;2024;7;13:45:00;Condiciones meteo;Externo;Media;FALSO;37;FALSO;0
110;7683;40;12;5;13/10/2022;2022;10;15:52:00;Fallo climatizacion;Vehiculo;Baja;FALSO;57;FALSO;9106
111;24280;5;5;10;13/11/2024;2024;11;1:01:00;Huelga parcial;Operacional;Alta;VERDADERO;7;VERDADERO;0
112;33071;18;4;3;29/01/2023;2023;1;21:04:00;Pasajero enfermo;Servicio;Media;FALSO;11;FALSO;2329
113;35558;27;27;7;08/02/2023;2023;2;16:22:00;Obras calzada;Externo;Media;FALSO;8;FALSO;0
114;37190;21;7;2;11/12/2023;2023;12;8:52:00;Fallo climatizacion;Vehiculo;Baja;FALSO;5;FALSO;25853
115;47150;27;27;5;16/02/2022;2022;2;20:09:00;Obras calzada;Externo;Media;FALSO;17;FALSO;0
116;46916;3;17;10;18/11/2023;2023;11;4:10:00;Vandalismo;Seguridad;Media;FALSO;17;FALSO;70031
117;9802;17;3;4;26/08/2023;2023;8;9:31:00;Condiciones meteo;Externo;Media;FALSO;13;FALSO;0
118;38801;36;22;8;01/12/2022;2022;12;19:22:00;Pinchazo;Vehiculo;Media;VERDADERO;13;VERDADERO;16234
119;24670;17;3;1;05/03/2024;2024;3;22:14:00;Retencion trafico;Externo;Baja;FALSO;10;FALSO;4129
120;44234;9;23;3;06/02/2024;2024;2;20:22:00;Vandalismo;Seguridad;Media;FALSO;34;FALSO;21479
121;31920;1;1;3;13/11/2023;2023;11;22:03:00;Fallo electrico;Vehiculo;Alta;VERDADERO;47;FALSO;41654
122;7135;38;24;7;12/01/2023;2023;1;21:21:00;Obras calzada;Externo;Media;FALSO;6;FALSO;0
123;33705;22;22;6;18/10/2024;2024;10;17:14:00;Huelga parcial;Operacional;Alta;VERDADERO;115;VERDADERO;0
124;29661;10;10;9;07/11/2023;2023;11;17:15:00;Condiciones meteo;Externo;Media;FALSO;5;FALSO;0
125;17894;3;3;3;30/03/2023;2023;3;12:10:00;Accidente leve;Seguridad;Alta;VERDADERO;15;VERDADERO;203739
126;22019;12;12;4;29/04/2024;2024;4;20:45:00;Huelga parcial;Operacional;Alta;VERDADERO;43;VERDADERO;0
127;13539;16;16;4;23/01/2023;2023;1;12:34:00;Huelga parcial;Operacional;Alta;VERDADERO;61;VERDADERO;0
128;43119;28;28;6;19/07/2023;2023;7;12:42:00;Condiciones meteo;Externo;Media;FALSO;75;FALSO;0
129;36421;8;22;6;24/05/2022;2022;5;18:50:00;Averia mecanica;Vehiculo;Alta;VERDADERO;11;FALSO;263645
130;9406;41;27;7;10/02/2024;2024;2;14:14:00;Pinchazo;Vehiculo;Media;VERDADERO;12;VERDADERO;30155
131;13414;17;3;6;13/11/2022;2022;11;12:51:00;Condiciones meteo;Externo;Media;FALSO;10;FALSO;0
132;6721;2;2;2;07/08/2024;2024;8;19:53:00;Pasajero enfermo;Servicio;Media;FALSO;16;FALSO;2191
133;15602;21;7;6;12/09/2022;2022;9;19:40:00;Obras calzada;Externo;Media;FALSO;5;FALSO;0
134;44744;15;1;4;08/08/2024;2024;8;13:49:00;Condiciones meteo;Externo;Media;FALSO;5;FALSO;0
135;31139;18;4;1;14/11/2024;2024;11;16:12:00;Pasajero enfermo;Servicio;Media;FALSO;35;FALSO;133
136;2730;1;15;6;06/05/2024;2024;5;11:13:00;Pinchazo;Vehiculo;Media;VERDADERO;14;FALSO;15428
137;38243;24;24;5;03/01/2024;2024;1;19:06:00;Pasajero enfermo;Servicio;Media;FALSO;51;FALSO;5267
138;29626;17;3;2;12/10/2022;2022;10;22:42:00;Obras calzada;Externo;Media;FALSO;38;FALSO;0
139;47895;16;16;4;22/05/2023;2023;5;10:11:00;Accidente grave;Seguridad;Critica;VERDADERO;109;VERDADERO;620319
140;42091;8;8;3;05/04/2023;2023;4;7:40:00;Averia mecanica;Vehiculo;Alta;VERDADERO;9;VERDADERO;29407
141;36400;29;1;7;10/06/2022;2022;6;14:30:00;Averia mecanica;Vehiculo;Alta;VERDADERO;47;VERDADERO;205027
142;6245;30;2;5;01/01/2024;2024;1;6:09:00;Accidente leve;Seguridad;Alta;VERDADERO;19;VERDADERO;23283
143;5546;3;3;7;20/07/2023;2023;7;16:29:00;Accidente grave;Seguridad;Critica;VERDADERO;6;VERDADERO;108339
144;4065;34;6;10;13/07/2022;2022;7;23:44:00;Averia mecanica;Vehiculo;Alta;VERDADERO;23;VERDADERO;121176
145;12852;1;1;5;16/03/2023;2023;3;21:30:00;Pasajero enfermo;Servicio;Media;FALSO;19;FALSO;27
146;21803;6;20;9;22/06/2024;2024;6;7:10:00;Retencion trafico;Externo;Baja;FALSO;5;FALSO;3955
147;41164;5;5;5;27/10/2022;2022;10;8:54:00;Huelga parcial;Operacional;Alta;VERDADERO;5;VERDADERO;0
148;6233;18;18;9;25/10/2024;2024;10;6:16:00;Huelga parcial;Operacional;Alta;VERDADERO;8;VERDADERO;0
149;3863;42;28;7;29/08/2023;2023;8;11:27:00;Retencion trafico;Externo;Baja;FALSO;9;FALSO;1178
150;35095;26;12;8;16/09/2024;2024;9;15:37:00;Fallo electrico;Vehiculo;Alta;VERDADERO;184;FALSO;106264
151;40196;3;17;6;01/09/2023;2023;9;21:33:00;Pasajero enfermo;Servicio;Media;FALSO;5;FALSO;222
152;39251;24;24;3;05/08/2022;2022;8;6:03:00;Pasajero enfermo;Servicio;Media;FALSO;10;FALSO;2756
153;6218;3;3;1;10/02/2022;2022;2;13:34:00;Pasajero enfermo;Servicio;Media;FALSO;5;FALSO;7362
154;36776;27;13;1;24/01/2024;2024;1;8:45:00;Fallo climatizacion;Vehiculo;Baja;FALSO;13;FALSO;5042
155;42977;12;26;9;05/11/2023;2023;11;17:51:00;Pinchazo;Vehiculo;Media;VERDADERO;17;VERDADERO;35171
156;48468;1;1;3;11/09/2023;2023;9;14:44:00;Huelga parcial;Operacional;Alta;VERDADERO;34;VERDADERO;0
157;14832;7;21;10;09/02/2022;2022;2;4:20:00;Vandalismo;Seguridad;Media;FALSO;55;FALSO;70061
158;30093;22;22;4;16/02/2024;2024;2;6:23:00;Condiciones meteo;Externo;Media;FALSO;5;FALSO;0
159;8894;33;19;8;28/11/2024;2024;11;15:52:00;Pasajero enfermo;Servicio;Media;FALSO;27;FALSO;7048
160;6021;16;2;8;01/04/2022;2022;4;13:50:00;Pinchazo;Vehiculo;Media;VERDADERO;18;VERDADERO;17385
161;46089;16;2;9;15/03/2024;2024;3;20:53:00;Retencion trafico;Externo;Baja;FALSO;6;FALSO;177
162;15243;40;12;6;16/07/2023;2023;7;17:56:00;Pinchazo;Vehiculo;Media;VERDADERO;9;VERDADERO;30072
163;45308;33;5;7;16/04/2024;2024;4;9:20:00;Averia mecanica;Vehiculo;Alta;VERDADERO;14;VERDADERO;138634
164;26551;8;8;2;01/03/2022;2022;3;20:15:00;Obras calzada;Externo;Media;FALSO;36;FALSO;0
165;6035;30;16;1;15/08/2023;2023;8;9:32:00;Fallo climatizacion;Vehiculo;Baja;FALSO;35;FALSO;19882
166;7906;11;11;1;24/01/2024;2024;1;13:21:00;Pinchazo;Vehiculo;Media;VERDADERO;5;VERDADERO;34973
167;32226;13;27;5;10/05/2023;2023;5;15:20:00;Obras calzada;Externo;Media;FALSO;22;FALSO;0
168;6018;13;27;2;20/02/2024;2024;2;17:27:00;Retencion trafico;Externo;Baja;FALSO;9;FALSO;19
169;21880;41;13;6;30/11/2022;2022;11;12:21:00;Fallo electrico;Vehiculo;Alta;VERDADERO;84;FALSO;129278
170;2792;21;21;2;03/10/2023;2023;10;6:19:00;Averia mecanica;Vehiculo;Alta;VERDADERO;103;VERDADERO;157749
171;42606;19;19;8;06/03/2024;2024;3;9:50:00;Vandalismo;Seguridad;Media;FALSO;6;FALSO;66527
172;5824;29;1;5;01/12/2023;2023;12;9:12:00;Accidente leve;Seguridad;Alta;VERDADERO;5;VERDADERO;71741
173;15388;17;17;8;12/11/2023;2023;11;18:21:00;Condiciones meteo;Externo;Media;FALSO;27;FALSO;0
174;29562;37;23;4;07/10/2023;2023;10;7:29:00;Accidente leve;Seguridad;Alta;VERDADERO;39;VERDADERO;83888
175;39476;39;25;7;10/01/2022;2022;1;11:02:00;Obras calzada;Externo;Media;FALSO;5;FALSO;0
176;293;42;14;2;03/02/2024;2024;2;19:16:00;Pasajero enfermo;Servicio;Media;FALSO;10;FALSO;96
177;16958;33;19;4;14/07/2024;2024;7;21:21:00;Pasajero enfermo;Servicio;Media;FALSO;33;FALSO;8135
178;30861;34;6;10;13/10/2023;2023;10;23:28:00;Obras calzada;Externo;Media;FALSO;16;FALSO;0
179;14074;5;19;8;30/09/2022;2022;9;19:20:00;Condiciones meteo;Externo;Media;FALSO;12;FALSO;0
180;21857;18;18;8;15/09/2022;2022;9;16:00:00;Averia mecanica;Vehiculo;Alta;VERDADERO;11;VERDADERO;271754
181;22080;31;17;6;14/09/2024;2024;9;11:03:00;Accidente leve;Seguridad;Alta;VERDADERO;74;VERDADERO;294335
182;17024;15;1;8;06/09/2022;2022;9;20:04:00;Huelga parcial;Operacional;Alta;VERDADERO;114;VERDADERO;0
183;8740;5;5;6;06/09/2023;2023;9;20:12:00;Fallo electrico;Vehiculo;Alta;VERDADERO;5;VERDADERO;96217
184;15826;35;7;2;23/04/2023;2023;4;18:13:00;Retencion trafico;Externo;Baja;FALSO;5;FALSO;607
185;2742;13;27;5;08/12/2022;2022;12;11:25:00;Accidente grave;Seguridad;Critica;VERDADERO;47;VERDADERO;232289
186;18049;32;18;6;30/06/2024;2024;6;8:29:00;Accidente grave;Seguridad;Critica;VERDADERO;5;FALSO;398006
187;49937;42;14;6;09/04/2022;2022;4;6:47:00;Vandalismo;Seguridad;Media;FALSO;5;FALSO;36696
188;17373;28;14;5;10/01/2024;2024;1;11:30:00;Fallo climatizacion;Vehiculo;Baja;FALSO;5;FALSO;24868
189;22022;15;15;3;05/02/2024;2024;2;18:16:00;Averia mecanica;Vehiculo;Alta;VERDADERO;23;VERDADERO;94683
190;46365;40;26;6;22/11/2023;2023;11;18:21:00;Accidente leve;Seguridad;Alta;VERDADERO;5;VERDADERO;333296
191;23538;19;19;1;11/11/2023;2023;11;21:03:00;Retencion trafico;Externo;Baja;FALSO;17;FALSO;4212
192;45500;15;1;1;25/04/2023;2023;4;12:04:00;Fallo electrico;Vehiculo;Alta;VERDADERO;5;FALSO;122609
193;40186;35;7;1;27/12/2023;2023;12;11:16:00;Pasajero enfermo;Servicio;Media;FALSO;5;FALSO;3564
194;9614;39;11;3;22/03/2022;2022;3;13:12:00;Huelga parcial;Operacional;Alta;VERDADERO;28;VERDADERO;0
195;43282;23;23;2;05/01/2024;2024;1;21:01:00;Pasajero enfermo;Servicio;Media;FALSO;22;FALSO;7867
196;37892;9;9;4;16/02/2022;2022;2;17:36:00;Obras calzada;Externo;Media;FALSO;35;FALSO;0
197;26179;14;28;8;21/05/2022;2022;5;15:33:00;Fallo electrico;Vehiculo;Alta;VERDADERO;75;VERDADERO;145856
198;45893;30;2;9;20/04/2022;2022;4;8:10:00;Retencion trafico;Externo;Baja;FALSO;5;FALSO;489
199;20934;19;19;2;07/11/2023;2023;11;21:41:00;Accidente grave;Seguridad;Critica;VERDADERO;33;VERDADERO;948696
200;40972;23;9;6;26/02/2024;2024;2;6:50:00;Averia mecanica;Vehiculo;Alta;VERDADERO;67;VERDADERO;251898
201;22225;8;22;5;21/02/2022;2022;2;11:05:00;Accidente leve;Seguridad;Alta;VERDADERO;7;FALSO;127031
202;24382;23;23;10;14/07/2023;2023;7;23:31:00;Pinchazo;Vehiculo;Media;VERDADERO;6;VERDADERO;38841
203;34856;39;25;10;04/01/2023;2023;1;3:40:00;Retencion trafico;Externo;Baja;FALSO;13;FALSO;1413
204;48578;27;27;5;01/12/2023;2023;12;16:38:00;Pinchazo;Vehiculo;Media;VERDADERO;10;VERDADERO;11046
205;38537;24;10;2;15/04/2023;2023;4;22:20:00;Fallo electrico;Vehiculo;Alta;VERDADERO;133;VERDADERO;98834
206;31756;5;5;3;22/12/2024;2024;12;11:42:00;Fallo electrico;Vehiculo;Alta;VERDADERO;5;VERDADERO;77425
207;7754;27;27;8;23/04/2022;2022;4;19:01:00;Pinchazo;Vehiculo;Media;VERDADERO;5;VERDADERO;31151
208;46639;20;20;10;28/11/2023;2023;11;22:50:00;Fallo climatizacion;Vehiculo;Baja;FALSO;10;FALSO;12951
209;43835;30;16;2;18/10/2024;2024;10;10:31:00;Obras calzada;Externo;Media;FALSO;60;FALSO;0
210;26236;29;1;5;26/11/2022;2022;11;21:15:00;Accidente grave;Seguridad;Critica;VERDADERO;74;VERDADERO;1353856
211;44230;5;19;9;11/06/2022;2022;6;13:40:00;Obras calzada;Externo;Media;FALSO;18;FALSO;0
212;49597;38;10;6;06/10/2024;2024;10;19:11:00;Condiciones meteo;Externo;Media;FALSO;27;FALSO;0
213;18553;32;18;8;06/09/2024;2024;9;21:57:00;Vandalismo;Seguridad;Media;FALSO;5;FALSO;6699
214;43137;4;18;10;21/11/2023;2023;11;0:41:00;Pasajero enfermo;Servicio;Media;FALSO;20;FALSO;7285
215;36673;8;22;5;17/07/2023;2023;7;7:33:00;Accidente leve;Seguridad;Alta;VERDADERO;34;VERDADERO;205701
216;43650;13;27;9;15/04/2022;2022;4;15:11:00;Obras calzada;Externo;Media;FALSO;8;FALSO;0
217;3941;36;22;10;13/10/2024;2024;10;0:30:00;Huelga parcial;Operacional;Alta;VERDADERO;238;VERDADERO;0
218;31497;40;26;7;30/05/2024;2024;5;14:34:00;Accidente grave;Seguridad;Critica;VERDADERO;47;VERDADERO;837209
219;26594;9;23;4;25/06/2023;2023;6;19:49:00;Accidente grave;Seguridad;Critica;VERDADERO;12;FALSO;944776
220;23922;25;11;9;15/01/2024;2024;1;17:21:00;Accidente leve;Seguridad;Alta;VERDADERO;14;FALSO;335108
221;26403;28;28;7;26/04/2023;2023;4;7:36:00;Condiciones meteo;Externo;Media;FALSO;5;FALSO;0
222;45943;38;24;3;10/02/2022;2022;2;16:01:00;Retencion trafico;Externo;Baja;FALSO;15;FALSO;35
223;48526;17;3;9;09/01/2022;2022;1;18:47:00;Pinchazo;Vehiculo;Media;VERDADERO;5;VERDADERO;10149
224;18316;5;5;7;06/01/2023;2023;1;13:14:00;Accidente leve;Seguridad;Alta;VERDADERO;94;VERDADERO;181444
225;36894;19;19;3;28/01/2023;2023;1;16:24:00;Condiciones meteo;Externo;Media;FALSO;14;FALSO;0
226;26696;27;13;7;21/10/2022;2022;10;8:12:00;Fallo electrico;Vehiculo;Alta;VERDADERO;10;VERDADERO;102435
227;42128;3;17;6;05/03/2022;2022;3;21:42:00;Obras calzada;Externo;Media;FALSO;21;FALSO;0
228;14171;18;4;8;18/05/2024;2024;5;7:15:00;Accidente grave;Seguridad;Critica;VERDADERO;60;FALSO;945486
229;3733;38;10;10;06/04/2022;2022;4;22:22:00;Condiciones meteo;Externo;Media;FALSO;5;FALSO;0
230;7882;29;15;1;27/06/2023;2023;6;7:28:00;Retencion trafico;Externo;Baja;FALSO;60;FALSO;2069
231;6017;12;26;10;26/10/2023;2023;10;22:33:00;Huelga parcial;Operacional;Alta;VERDADERO;21;FALSO;0
232;23030;15;15;3;20/07/2023;2023;7;17:03:00;Pinchazo;Vehiculo;Media;VERDADERO;5;FALSO;25126
233;35474;27;27;7;17/11/2023;2023;11;20:45:00;Retencion trafico;Externo;Baja;FALSO;6;FALSO;1953
234;49686;1;15;10;04/03/2022;2022;3;0:19:00;Averia mecanica;Vehiculo;Alta;VERDADERO;33;VERDADERO;73053
235;4818;31;3;1;13/12/2023;2023;12;22:25:00;Averia mecanica;Vehiculo;Alta;VERDADERO;64;VERDADERO;288627
236;41694;31;3;1;15/05/2024;2024;5;16:44:00;Huelga parcial;Operacional;Alta;VERDADERO;12;FALSO;0
237;12008;39;25;2;17/08/2023;2023;8;20:50:00;Huelga parcial;Operacional;Alta;VERDADERO;6;VERDADERO;0
238;41328;1;1;10;04/05/2024;2024;5;22:11:00;Accidente grave;Seguridad;Critica;VERDADERO;26;VERDADERO;291316
239;9507;16;16;3;05/12/2023;2023;12;8:03:00;Accidente grave;Seguridad;Critica;VERDADERO;10;FALSO;588981
240;44799;28;28;9;18/07/2022;2022;7;8:32:00;Condiciones meteo;Externo;Media;FALSO;5;FALSO;0
241;34063;2;16;6;03/02/2024;2024;2;20:24:00;Vandalismo;Seguridad;Media;FALSO;7;FALSO;29317
242;27475;8;8;5;18/06/2022;2022;6;21:00:00;Condiciones meteo;Externo;Media;FALSO;23;FALSO;0
243;31144;23;9;5;31/03/2024;2024;3;18:19:00;Averia mecanica;Vehiculo;Alta;VERDADERO;18;VERDADERO;38239
244;21236;27;13;4;29/05/2024;2024;5;7:44:00;Fallo climatizacion;Vehiculo;Baja;FALSO;48;FALSO;16064
245;1391;6;20;8;26/01/2024;2024;1;18:25:00;Fallo climatizacion;Vehiculo;Baja;FALSO;5;FALSO;26589
246;38250;31;3;3;24/07/2023;2023;7;12:10:00;Accidente leve;Seguridad;Alta;VERDADERO;57;VERDADERO;133062
247;37625;36;22;6;15/08/2022;2022;8;18:58:00;Accidente grave;Seguridad;Critica;VERDADERO;12;VERDADERO;395285
248;42029;30;2;3;02/11/2023;2023;11;8:26:00;Averia mecanica;Vehiculo;Alta;VERDADERO;22;VERDADERO;183024
249;20835;4;4;5;28/09/2023;2023;9;18:42:00;Accidente grave;Seguridad;Critica;VERDADERO;47;VERDADERO;81623
250;14758;17;3;3;18/11/2022;2022;11;15:42:00;Condiciones meteo;Externo;Media;FALSO;17;FALSO;0
251;26397;22;22;9;24/01/2023;2023;1;14:41:00;Condiciones meteo;Externo;Media;FALSO;31;FALSO;0
252;6809;6;6;5;07/03/2024;2024;3;19:06:00;Retencion trafico;Externo;Baja;FALSO;54;FALSO;113
253;9226;29;15;8;02/05/2024;2024;5;15:20:00;Vandalismo;Seguridad;Media;FALSO;28;FALSO;65468
254;48395;12;12;8;15/07/2023;2023;7;16:13:00;Obras calzada;Externo;Media;FALSO;16;FALSO;0
255;5396;21;21;2;02/03/2023;2023;3;10:21:00;Pasajero enfermo;Servicio;Media;FALSO;5;FALSO;3472
256;6944;15;1;8;17/04/2023;2023;4;20:40:00;Retencion trafico;Externo;Baja;FALSO;5;FALSO;555
257;23871;16;16;9;07/06/2022;2022;6;9:02:00;Condiciones meteo;Externo;Media;FALSO;13;FALSO;0
258;32493;28;14;3;08/05/2022;2022;5;17:33:00;Condiciones meteo;Externo;Media;FALSO;5;FALSO;0
259;36346;17;3;6;16/10/2024;2024;10;6:22:00;Obras calzada;Externo;Media;FALSO;5;FALSO;0
260;10756;5;5;4;26/12/2024;2024;12;15:32:00;Fallo electrico;Vehiculo;Alta;VERDADERO;52;VERDADERO;41322
261;12302;39;11;8;14/11/2024;2024;11;17:48:00;Averia mecanica;Vehiculo;Alta;VERDADERO;176;VERDADERO;160682
262;48387;4;4;9;03/08/2023;2023;8;11:24:00;Vandalismo;Seguridad;Media;FALSO;12;FALSO;58089
263;42746;33;19;8;21/12/2023;2023;12;21:20:00;Fallo electrico;Vehiculo;Alta;VERDADERO;97;FALSO;134527
264;29090;27;27;1;08/08/2024;2024;8;15:21:00;Fallo electrico;Vehiculo;Alta;VERDADERO;12;VERDADERO;153432
265;44713;26;26;3;31/01/2024;2024;1;16:22:00;Huelga parcial;Operacional;Alta;VERDADERO;50;FALSO;0
266;14344;23;9;7;17/06/2022;2022;6;12:22:00;Condiciones meteo;Externo;Media;FALSO;12;FALSO;0
267;38173;38;10;5;21/12/2023;2023;12;9:50:00;Averia mecanica;Vehiculo;Alta;VERDADERO;16;VERDADERO;223667
268;5072;33;5;8;07/04/2024;2024;4;12:55:00;Pinchazo;Vehiculo;Media;VERDADERO;7;VERDADERO;21146
269;24122;15;15;7;04/06/2022;2022;6;18:03:00;Accidente leve;Seguridad;Alta;VERDADERO;21;VERDADERO;329792
270;48810;7;7;8;19/03/2022;2022;3;19:30:00;Huelga parcial;Operacional;Alta;VERDADERO;42;VERDADERO;0
271;17821;14;14;8;11/12/2023;2023;12;19:42:00;Obras calzada;Externo;Media;FALSO;55;FALSO;0
272;1123;32;4;8;08/03/2023;2023;3;14:16:00;Condiciones meteo;Externo;Media;FALSO;11;FALSO;0
273;11265;10;10;6;22/08/2023;2023;8;21:00:00;Huelga parcial;Operacional;Alta;VERDADERO;38;VERDADERO;0
274;30580;5;5;3;24/10/2023;2023;10;8:31:00;Averia mecanica;Vehiculo;Alta;VERDADERO;25;VERDADERO;244258
275;45465;22;22;7;09/10/2023;2023;10;16:43:00;Accidente leve;Seguridad;Alta;VERDADERO;19;VERDADERO;220111
276;48217;2;2;2;16/10/2024;2024;10;9:21:00;Pinchazo;Vehiculo;Media;VERDADERO;16;VERDADERO;35001
277;43045;38;10;9;05/06/2024;2024;6;19:36:00;Vandalismo;Seguridad;Media;FALSO;27;FALSO;77331
278;15657;34;6;8;09/04/2022;2022;4;18:21:00;Accidente leve;Seguridad;Alta;VERDADERO;32;VERDADERO;245853
279;1901;12;26;4;14/11/2022;2022;11;17:18:00;Obras calzada;Externo;Media;FALSO;5;FALSO;0
280;148;23;9;4;26/10/2022;2022;10;6:41:00;Pasajero enfermo;Servicio;Media;FALSO;5;FALSO;5213
281;29643;34;20;10;09/11/2022;2022;11;22:20:00;Condiciones meteo;Externo;Media;FALSO;5;FALSO;0
282;3212;21;21;8;01/03/2022;2022;3;18:40:00;Pinchazo;Vehiculo;Media;VERDADERO;5;VERDADERO;16212
283;43851;4;4;5;11/01/2023;2023;1;20:08:00;Obras calzada;Externo;Media;FALSO;35;FALSO;0
284;2355;4;4;8;09/01/2022;2022;1;8:44:00;Vandalismo;Seguridad;Media;FALSO;5;FALSO;49233
285;31521;22;22;3;05/04/2022;2022;4;15:55:00;Fallo electrico;Vehiculo;Alta;VERDADERO;185;VERDADERO;57173
286;42584;39;25;10;09/07/2022;2022;7;22:04:00;Fallo climatizacion;Vehiculo;Baja;FALSO;30;FALSO;6567
287;43338;37;23;1;13/06/2022;2022;6;6:33:00;Condiciones meteo;Externo;Media;FALSO;14;FALSO;0
288;45285;10;10;3;16/10/2023;2023;10;22:23:00;Retencion trafico;Externo;Baja;FALSO;24;FALSO;1332
289;46957;2;2;10;15/06/2023;2023;6;0:49:00;Condiciones meteo;Externo;Media;FALSO;8;FALSO;0
290;48791;30;16;3;03/11/2024;2024;11;10:41:00;Pasajero enfermo;Servicio;Media;FALSO;11;FALSO;7434
291;36586;5;19;8;22/01/2023;2023;1;22:47:00;Retencion trafico;Externo;Baja;FALSO;70;FALSO;1029
292;10466;9;23;7;17/11/2024;2024;11;11:01:00;Obras calzada;Externo;Media;FALSO;8;FALSO;0
293;7822;11;11;2;30/01/2022;2022;1;10:51:00;Condiciones meteo;Externo;Media;FALSO;5;FALSO;0
294;7206;25;11;8;28/10/2024;2024;10;15:12:00;Vandalismo;Seguridad;Media;FALSO;5;FALSO;3456
295;6414;31;3;10;09/11/2024;2024;11;23:55:00;Retencion trafico;Externo;Baja;FALSO;5;FALSO;4064
296;34047;28;28;5;11/01/2022;2022;1;19:17:00;Pasajero enfermo;Servicio;Media;FALSO;5;FALSO;1243
297;12729;4;18;6;22/09/2024;2024;9;17:10:00;Huelga parcial;Operacional;Alta;VERDADERO;52;FALSO;0
298;6926;39;11;3;27/07/2022;2022;7;21:35:00;Accidente grave;Seguridad;Critica;VERDADERO;5;VERDADERO;1156245
299;27996;25;25;2;29/12/2024;2024;12;21:14:00;Fallo electrico;Vehiculo;Alta;VERDADERO;49;FALSO;190199
300;37613;24;10;10;13/05/2022;2022;5;4:40:00;Averia mecanica;Vehiculo;Alta;VERDADERO;28;FALSO;281224
301;39484;5;5;2;01/09/2023;2023;9;10:01:00;Averia mecanica;Vehiculo;Alta;VERDADERO;8;VERDADERO;122943
302;3017;36;22;7;11/09/2023;2023;9;19:11:00;Pinchazo;Vehiculo;Media;VERDADERO;35;VERDADERO;38865
303;1641;4;18;9;20/05/2022;2022;5;19:41:00;Fallo electrico;Vehiculo;Alta;VERDADERO;25;VERDADERO;116766
304;8884;23;9;9;30/03/2022;2022;3;14:11:00;Accidente leve;Seguridad;Alta;VERDADERO;30;VERDADERO;233595
305;37602;13;27;5;06/09/2022;2022;9;9:13:00;Obras calzada;Externo;Media;FALSO;8;FALSO;0
306;12970;35;7;5;10/04/2023;2023;4;8:07:00;Fallo climatizacion;Vehiculo;Baja;FALSO;55;FALSO;29158
307;23464;29;1;9;30/06/2024;2024;6;6:47:00;Averia mecanica;Vehiculo;Alta;VERDADERO;5;VERDADERO;217095
308;15758;9;23;10;19/06/2022;2022;6;5:30:00;Averia mecanica;Vehiculo;Alta;VERDADERO;8;VERDADERO;234769
309;44077;20;6;7;21/09/2022;2022;9;10:02:00;Accidente leve;Seguridad;Alta;VERDADERO;5;FALSO;136494
310;4087;14;28;5;09/10/2024;2024;10;22:40:00;Retencion trafico;Externo;Baja;FALSO;62;FALSO;1573
311;509;6;6;3;03/06/2023;2023;6;10:51:00;Pasajero enfermo;Servicio;Media;FALSO;5;FALSO;5626
312;6355;14;28;6;16/03/2022;2022;3;9:43:00;Accidente leve;Seguridad;Alta;VERDADERO;21;VERDADERO;55047
313;29645;36;22;7;15/09/2022;2022;9;22:50:00;Fallo climatizacion;Vehiculo;Baja;FALSO;6;FALSO;14089
314;20816;27;13;8;20/01/2023;2023;1;7:30:00;Condiciones meteo;Externo;Media;FALSO;43;FALSO;0
315;6235;20;20;10;08/10/2023;2023;10;4:50:00;Pinchazo;Vehiculo;Media;VERDADERO;24;VERDADERO;32716
316;31990;29;15;1;09/11/2024;2024;11;11:11:00;Fallo climatizacion;Vehiculo;Baja;FALSO;5;FALSO;13516
317;12996;19;5;5;06/11/2023;2023;11;6:09:00;Vandalismo;Seguridad;Media;FALSO;15;FALSO;19756
318;42502;41;27;8;09/07/2024;2024;7;21:03:00;Huelga parcial;Operacional;Alta;VERDADERO;21;FALSO;0
319;38921;30;2;7;09/11/2023;2023;11;15:22:00;Retencion trafico;Externo;Baja;FALSO;21;FALSO;3816
320;263;12;12;6;26/04/2022;2022;4;14:10:00;Fallo climatizacion;Vehiculo;Baja;FALSO;40;FALSO;7614
321;7892;39;25;8;08/06/2023;2023;6;12:50:00;Pinchazo;Vehiculo;Media;VERDADERO;17;VERDADERO;9352
322;10528;29;1;2;31/10/2023;2023;10;13:10:00;Pinchazo;Vehiculo;Media;VERDADERO;7;VERDADERO;35018
323;18601;38;10;2;08/03/2024;2024;3;9:35:00;Pinchazo;Vehiculo;Media;VERDADERO;14;VERDADERO;14635
324;24115;8;8;4;06/10/2024;2024;10;11:50:00;Accidente grave;Seguridad;Critica;VERDADERO;74;FALSO;839341
325;33499;26;12;2;07/04/2023;2023;4;11:35:00;Huelga parcial;Operacional;Alta;VERDADERO;7;VERDADERO;0
326;13472;33;5;6;12/11/2023;2023;11;21:40:00;Pasajero enfermo;Servicio;Media;FALSO;40;FALSO;2102
327;31726;17;3;1;05/10/2024;2024;10;9:57:00;Accidente grave;Seguridad;Critica;VERDADERO;5;VERDADERO;816339
328;23691;4;4;4;29/06/2023;2023;6;19:14:00;Fallo electrico;Vehiculo;Alta;VERDADERO;19;VERDADERO;86199
329;10558;17;3;5;17/01/2024;2024;1;7:18:00;Accidente leve;Seguridad;Alta;VERDADERO;71;VERDADERO;252902
330;6557;6;6;1;24/02/2022;2022;2;19:46:00;Vandalismo;Seguridad;Media;FALSO;5;FALSO;45349
331;45578;9;23;2;28/08/2022;2022;8;19:45:00;Fallo electrico;Vehiculo;Alta;VERDADERO;27;FALSO;196137
332;41504;9;9;3;09/11/2023;2023;11;7:35:00;Fallo climatizacion;Vehiculo;Baja;FALSO;31;FALSO;25114
333;27873;28;14;6;01/02/2024;2024;2;14:11:00;Pasajero enfermo;Servicio;Media;FALSO;21;FALSO;7655
334;10811;18;4;6;23/12/2024;2024;12;9:40:00;Fallo climatizacion;Vehiculo;Baja;FALSO;40;FALSO;2185
335;38215;38;24;4;09/06/2024;2024;6;14:22:00;Accidente grave;Seguridad;Critica;VERDADERO;22;VERDADERO;1372092
336;11731;14;28;7;26/09/2023;2023;9;8:54:00;Averia mecanica;Vehiculo;Alta;VERDADERO;30;VERDADERO;25438
337;27439;14;28;8;02/06/2022;2022;6;13:20:00;Accidente grave;Seguridad;Critica;VERDADERO;125;VERDADERO;105869
338;21780;25;25;8;25/03/2023;2023;3;8:33:00;Retencion trafico;Externo;Baja;FALSO;17;FALSO;1253
339;34080;19;5;8;21/08/2023;2023;8;15:42:00;Accidente leve;Seguridad;Alta;VERDADERO;138;FALSO;381303
340;22916;27;13;2;02/04/2022;2022;4;8:11:00;Fallo climatizacion;Vehiculo;Baja;FALSO;10;FALSO;850
341;8086;23;23;8;05/02/2024;2024;2;22:52:00;Averia mecanica;Vehiculo;Alta;VERDADERO;66;VERDADERO;31642
342;43468;41;13;2;08/04/2024;2024;4;9:50:00;Accidente grave;Seguridad;Critica;VERDADERO;102;VERDADERO;387105
343;14710;11;11;7;04/06/2024;2024;6;22:24:00;Averia mecanica;Vehiculo;Alta;VERDADERO;48;VERDADERO;152615
344;15467;12;12;9;08/08/2024;2024;8;9:55:00;Huelga parcial;Operacional;Alta;VERDADERO;5;FALSO;0
345;37173;4;18;3;01/03/2024;2024;3;17:52:00;Obras calzada;Externo;Media;FALSO;40;FALSO;0
346;28749;22;22;9;12/11/2024;2024;11;12:53:00;Condiciones meteo;Externo;Media;FALSO;5;FALSO;0
347;3105;40;26;6;07/03/2024;2024;3;12:03:00;Fallo electrico;Vehiculo;Alta;VERDADERO;15;VERDADERO;134347
348;709;38;10;2;17/06/2024;2024;6;18:52:00;Fallo climatizacion;Vehiculo;Baja;FALSO;13;FALSO;2339
349;38386;41;27;6;03/06/2022;2022;6;13:51:00;Fallo climatizacion;Vehiculo;Baja;FALSO;5;FALSO;24115
350;23445;10;10;4;19/02/2024;2024;2;9:31:00;Huelga parcial;Operacional;Alta;VERDADERO;10;VERDADERO;0
351;26511;10;24;6;26/01/2022;2022;1;17:38:00;Huelga parcial;Operacional;Alta;VERDADERO;5;VERDADERO;0
352;8467;26;12;10;23/10/2024;2024;10;23:13:00;Huelga parcial;Operacional;Alta;VERDADERO;35;VERDADERO;0
353;6231;16;16;2;29/09/2022;2022;9;18:05:00;Averia mecanica;Vehiculo;Alta;VERDADERO;159;VERDADERO;20320
354;46359;34;20;2;07/06/2024;2024;6;15:01:00;Obras calzada;Externo;Media;FALSO;21;FALSO;0
355;39358;5;19;7;05/04/2022;2022;4;15:20:00;Accidente leve;Seguridad;Alta;VERDADERO;9;VERDADERO;335754
356;16387;8;8;3;21/08/2022;2022;8;13:22:00;Vandalismo;Seguridad;Media;FALSO;13;FALSO;31869
357;34166;21;7;6;26/12/2022;2022;12;21:40:00;Vandalismo;Seguridad;Media;FALSO;10;FALSO;41804
358;4169;12;26;10;20/09/2023;2023;9;3:20:00;Vandalismo;Seguridad;Media;FALSO;5;FALSO;19212
359;5804;9;9;3;03/09/2024;2024;9;22:23:00;Pinchazo;Vehiculo;Media;VERDADERO;8;VERDADERO;39695
360;12754;29;15;1;07/08/2022;2022;8;11:00:00;Averia mecanica;Vehiculo;Alta;VERDADERO;5;VERDADERO;88086
361;2190;7;7;9;03/11/2022;2022;11;9:01:00;Pinchazo;Vehiculo;Media;VERDADERO;26;VERDADERO;24776
362;12188;9;9;4;27/01/2023;2023;1;6:40:00;Averia mecanica;Vehiculo;Alta;VERDADERO;29;VERDADERO;139453
363;31728;19;5;7;04/05/2023;2023;5;13:30:00;Vandalismo;Seguridad;Media;FALSO;9;FALSO;60348
364;19246;11;11;7;11/07/2022;2022;7;14:21:00;Averia mecanica;Vehiculo;Alta;VERDADERO;18;VERDADERO;295176
365;37867;26;12;2;06/07/2022;2022;7;22:51:00;Accidente leve;Seguridad;Alta;VERDADERO;121;VERDADERO;185637
366;43515;4;4;9;20/04/2024;2024;4;22:53:00;Retencion trafico;Externo;Baja;FALSO;5;FALSO;644
367;8719;26;12;4;02/06/2022;2022;6;9:20:00;Huelga parcial;Operacional;Alta;VERDADERO;10;VERDADERO;0
368;28825;14;14;7;28/10/2022;2022;10;7:15:00;Fallo electrico;Vehiculo;Alta;VERDADERO;33;FALSO;68548
369;24469;26;26;6;18/10/2024;2024;10;19:17:00;Pinchazo;Vehiculo;Media;VERDADERO;63;VERDADERO;17781
370;48253;38;10;2;16/06/2023;2023;6;20:54:00;Averia mecanica;Vehiculo;Alta;VERDADERO;185;VERDADERO;230893
371;7202;21;7;6;27/10/2023;2023;10;14:41:00;Retencion trafico;Externo;Baja;FALSO;17;FALSO;1391
372;9283;2;16;2;07/11/2023;2023;11;11:00:00;Condiciones meteo;Externo;Media;FALSO;8;FALSO;0
373;26821;26;26;9;02/09/2024;2024;9;20:30:00;Obras calzada;Externo;Media;FALSO;5;FALSO;0
374;27374;33;19;1;11/01/2022;2022;1;17:32:00;Averia mecanica;Vehiculo;Alta;VERDADERO;13;VERDADERO;55309
375;22493;24;10;8;01/06/2023;2023;6;16:11:00;Averia mecanica;Vehiculo;Alta;VERDADERO;31;FALSO;243829
376;45638;27;27;6;15/12/2024;2024;12;11:14:00;Accidente leve;Seguridad;Alta;VERDADERO;85;VERDADERO;324445
377;45880;17;17;9;25/09/2024;2024;9;13:04:00;Fallo climatizacion;Vehiculo;Baja;FALSO;5;FALSO;756
378;29340;25;25;8;09/02/2023;2023;2;13:01:00;Accidente grave;Seguridad;Critica;VERDADERO;66;VERDADERO;629679
379;46548;13;13;7;24/08/2023;2023;8;6:52:00;Obras calzada;Externo;Media;FALSO;5;FALSO;0
380;10804;11;25;7;13/12/2022;2022;12;7:48:00;Retencion trafico;Externo;Baja;FALSO;37;FALSO;1323
381;20965;8;22;4;11/02/2022;2022;2;22:03:00;Retencion trafico;Externo;Baja;FALSO;5;FALSO;135
382;30033;4;18;4;06/12/2023;2023;12;21:00:00;Huelga parcial;Operacional;Alta;VERDADERO;74;VERDADERO;0
383;5223;16;16;9;13/01/2022;2022;1;7:40:00;Accidente leve;Seguridad;Alta;VERDADERO;47;VERDADERO;386389
384;660;31;17;4;23/09/2024;2024;9;10:22:00;Condiciones meteo;Externo;Media;FALSO;43;FALSO;0
385;33246;25;11;6;08/06/2022;2022;6;16:49:00;Accidente leve;Seguridad;Alta;VERDADERO;11;VERDADERO;172134
386;5866;29;15;7;02/12/2024;2024;12;22:00:00;Huelga parcial;Operacional;Alta;VERDADERO;5;VERDADERO;0
387;48872;27;13;4;26/06/2023;2023;6;7:04:00;Pinchazo;Vehiculo;Media;VERDADERO;5;VERDADERO;3945
388;22986;13;27;8;17/05/2022;2022;5;6:10:00;Averia mecanica;Vehiculo;Alta;VERDADERO;39;VERDADERO;97977
389;28881;28;14;1;03/07/2023;2023;7;11:32:00;Pasajero enfermo;Servicio;Media;FALSO;5;FALSO;9839
390;47088;7;21;2;31/10/2022;2022;10;8:10:00;Fallo electrico;Vehiculo;Alta;VERDADERO;5;FALSO;149252
391;26528;27;13;3;21/08/2022;2022;8;20:43:00;Fallo electrico;Vehiculo;Alta;VERDADERO;10;FALSO;191349
392;9648;31;17;7;24/06/2024;2024;6;6:36:00;Huelga parcial;Operacional;Alta;VERDADERO;5;VERDADERO;0
393;49546;29;15;8;01/03/2024;2024;3;17:31:00;Fallo electrico;Vehiculo;Alta;VERDADERO;42;VERDADERO;61278
394;32375;36;8;5;14/11/2022;2022;11;12:20:00;Fallo climatizacion;Vehiculo;Baja;FALSO;5;FALSO;7974
395;26159;36;8;2;24/10/2024;2024;10;6:53:00;Averia mecanica;Vehiculo;Alta;VERDADERO;89;VERDADERO;38058
396;11712;37;9;3;28/12/2022;2022;12;18:42:00;Huelga parcial;Operacional;Alta;VERDADERO;75;FALSO;0
397;27239;24;24;2;13/07/2024;2024;7;19:25:00;Retencion trafico;Externo;Baja;FALSO;7;FALSO;3717
398;18354;1;15;9;07/08/2022;2022;8;6:05:00;Condiciones meteo;Externo;Media;FALSO;11;FALSO;0
399;49515;40;12;8;26/08/2024;2024;8;6:44:00;Huelga parcial;Operacional;Alta;VERDADERO;10;FALSO;0
400;21725;12;26;5;08/09/2024;2024;9;21:50:00;Vandalismo;Seguridad;Media;FALSO;6;FALSO;58669
401;25925;12;26;4;06/11/2023;2023;11;15:31:00;Condiciones meteo;Externo;Media;FALSO;11;FALSO;0
402;41390;21;7;3;16/10/2024;2024;10;14:26:00;Obras calzada;Externo;Media;FALSO;5;FALSO;0
403;4773;28;14;2;14/05/2024;2024;5;6:33:00;Pinchazo;Vehiculo;Media;VERDADERO;9;VERDADERO;23768
404;35205;10;10;10;25/03/2022;2022;3;2:29:00;Fallo climatizacion;Vehiculo;Baja;FALSO;15;FALSO;19701
405;27879;34;20;3;10/04/2024;2024;4;6:01:00;Vandalismo;Seguridad;Media;FALSO;7;FALSO;36697
406;5875;38;24;2;16/11/2023;2023;11;11:30:00;Fallo electrico;Vehiculo;Alta;VERDADERO;69;VERDADERO;142835
407;17805;40;26;8;15/04/2024;2024;4;21:32:00;Fallo climatizacion;Vehiculo;Baja;FALSO;18;FALSO;13426
408;34224;37;9;8;24/06/2022;2022;6;19:04:00;Huelga parcial;Operacional;Alta;VERDADERO;50;FALSO;0
409;7842;31;3;3;19/05/2024;2024;5;21:41:00;Condiciones meteo;Externo;Media;FALSO;36;FALSO;0
410;15923;6;20;1;03/01/2022;2022;1;6:27:00;Obras calzada;Externo;Media;FALSO;5;FALSO;0
411;28367;18;4;7;16/05/2024;2024;5;6:45:00;Averia mecanica;Vehiculo;Alta;VERDADERO;16;VERDADERO;215222
412;12084;31;17;5;03/12/2022;2022;12;6:00:00;Retencion trafico;Externo;Baja;FALSO;5;FALSO;1434
413;20034;1;15;4;17/03/2023;2023;3;16:32:00;Retencion trafico;Externo;Baja;FALSO;5;FALSO;928
414;14488;41;13;1;22/02/2023;2023;2;8:37:00;Averia mecanica;Vehiculo;Alta;VERDADERO;47;FALSO;128223
415;20819;30;16;7;27/01/2022;2022;1;22:02:00;Accidente leve;Seguridad;Alta;VERDADERO;74;VERDADERO;64896
416;37518;13;27;6;09/03/2022;2022;3;16:29:00;Accidente leve;Seguridad;Alta;VERDADERO;44;VERDADERO;201202
417;44236;11;25;9;20/02/2022;2022;2;6:42:00;Pinchazo;Vehiculo;Media;VERDADERO;6;FALSO;3232
418;48651;16;16;5;20/02/2023;2023;2;12:32:00;Fallo climatizacion;Vehiculo;Baja;FALSO;36;FALSO;2376
419;36236;33;5;10;22/08/2024;2024;8;23:54:00;Pinchazo;Vehiculo;Media;VERDADERO;44;VERDADERO;15954
420;21070;29;15;8;14/09/2024;2024;9;11:48:00;Fallo electrico;Vehiculo;Alta;VERDADERO;6;VERDADERO;169846
421;9524;33;5;1;04/11/2022;2022;11;11:30:00;Accidente leve;Seguridad;Alta;VERDADERO;39;VERDADERO;290433
422;32756;39;25;9;30/03/2023;2023;3;19:30:00;Obras calzada;Externo;Media;FALSO;5;FALSO;0
423;12054;1;15;6;25/11/2022;2022;11;14:01:00;Vandalismo;Seguridad;Media;FALSO;5;FALSO;64832
424;23594;33;19;9;27/09/2023;2023;9;7:32:00;Obras calzada;Externo;Media;FALSO;18;FALSO;0
425;8038;17;3;6;31/05/2022;2022;5;13:30:00;Obras calzada;Externo;Media;FALSO;15;FALSO;0
426;46977;22;22;9;24/02/2022;2022;2;11:13:00;Accidente grave;Seguridad;Critica;VERDADERO;8;VERDADERO;208708
427;16400;21;21;10;17/06/2023;2023;6;23:32:00;Condiciones meteo;Externo;Media;FALSO;5;FALSO;0
428;45786;7;7;2;30/06/2022;2022;6;9:30:00;Retencion trafico;Externo;Baja;FALSO;27;FALSO;4026
429;34616;9;9;4;22/05/2023;2023;5;7:55:00;Obras calzada;Externo;Media;FALSO;5;FALSO;0
430;7625;24;10;9;30/07/2023;2023;7;9:51:00;Huelga parcial;Operacional;Alta;VERDADERO;36;VERDADERO;0
431;13662;13;27;3;14/01/2022;2022;1;17:33:00;Fallo climatizacion;Vehiculo;Baja;FALSO;64;FALSO;14489
432;37737;22;22;10;28/09/2023;2023;9;1:20:00;Huelga parcial;Operacional;Alta;VERDADERO;11;FALSO;0
433;26542;41;27;6;15/09/2024;2024;9;18:05:00;Vandalismo;Seguridad;Media;FALSO;23;FALSO;28687
434;13268;39;25;10;03/08/2023;2023;8;23:30:00;Accidente grave;Seguridad;Critica;VERDADERO;51;FALSO;1480855
435;18083;24;24;10;05/04/2023;2023;4;23:00:00;Pasajero enfermo;Servicio;Media;FALSO;17;FALSO;9656
436;48086;39;11;6;28/07/2022;2022;7;16:02:00;Fallo climatizacion;Vehiculo;Baja;FALSO;28;FALSO;26796
437;42768;13;13;2;30/12/2024;2024;12;20:46:00;Retencion trafico;Externo;Baja;FALSO;13;FALSO;3065
438;4071;40;12;8;22/10/2022;2022;10;12:44:00;Averia mecanica;Vehiculo;Alta;VERDADERO;51;VERDADERO;260854
439;16287;34;20;4;12/03/2023;2023;3;19:51:00;Huelga parcial;Operacional;Alta;VERDADERO;33;VERDADERO;0
440;1119;28;28;8;17/03/2023;2023;3;18:41:00;Vandalismo;Seguridad;Media;FALSO;18;FALSO;10933
441;10075;38;24;3;23/08/2024;2024;8;16:00:00;Condiciones meteo;Externo;Media;FALSO;5;FALSO;0
442;11374;35;7;9;13/04/2024;2024;4;21:50:00;Fallo electrico;Vehiculo;Alta;VERDADERO;13;VERDADERO;8430
443;32685;10;10;5;08/12/2022;2022;12;10:33:00;Condiciones meteo;Externo;Media;FALSO;13;FALSO;0
444;46434;25;11;7;04/11/2022;2022;11;21:30:00;Huelga parcial;Operacional;Alta;VERDADERO;41;FALSO;0
445;25350;25;11;6;10/05/2022;2022;5;19:25:00;Averia mecanica;Vehiculo;Alta;VERDADERO;5;VERDADERO;12738
446;6716;39;25;9;11/10/2024;2024;10;17:13:00;Retencion trafico;Externo;Baja;FALSO;5;FALSO;1521
447;34568;3;17;1;08/01/2023;2023;1;8:55:00;Retencion trafico;Externo;Baja;FALSO;34;FALSO;3792
448;1031;24;24;2;29/09/2022;2022;9;14:44:00;Retencion trafico;Externo;Baja;FALSO;5;FALSO;435
449;22754;33;19;7;08/07/2024;2024;7;10:20:00;Fallo electrico;Vehiculo;Alta;VERDADERO;107;VERDADERO;17763
450;11762;3;3;7;05/05/2022;2022;5;10:25:00;Condiciones meteo;Externo;Media;FALSO;26;FALSO;0
451;35897;30;2;2;04/09/2023;2023;9;18:34:00;Condiciones meteo;Externo;Media;FALSO;33;FALSO;0
452;14493;4;18;5;23/11/2023;2023;11;19:57:00;Condiciones meteo;Externo;Media;FALSO;5;FALSO;0
453;25086;13;27;10;15/09/2024;2024;9;3:10:00;Accidente leve;Seguridad;Alta;VERDADERO;39;VERDADERO;94194
454;20396;27;13;9;10/05/2024;2024;5;8:01:00;Fallo climatizacion;Vehiculo;Baja;FALSO;25;FALSO;12131
455;4814;27;27;6;21/07/2022;2022;7;16:23:00;Averia mecanica;Vehiculo;Alta;VERDADERO;6;VERDADERO;112711
456;8995;8;8;5;13/11/2023;2023;11;10:42:00;Obras calzada;Externo;Media;FALSO;29;FALSO;0
457;49692;7;21;4;13/06/2024;2024;6;21:34:00;Fallo electrico;Vehiculo;Alta;VERDADERO;74;VERDADERO;151163
458;21375;40;12;4;18/02/2022;2022;2;12:55:00;Pinchazo;Vehiculo;Media;VERDADERO;31;VERDADERO;33623
459;30243;4;4;10;06/02/2022;2022;2;22:15:00;Averia mecanica;Vehiculo;Alta;VERDADERO;61;FALSO;77455
460;47579;36;8;9;21/12/2023;2023;12;18:34:00;Pasajero enfermo;Servicio;Media;FALSO;12;FALSO;6036
461;1165;32;18;10;08/02/2024;2024;2;22:50:00;Averia mecanica;Vehiculo;Alta;VERDADERO;11;FALSO;119705
462;24811;32;4;7;19/04/2024;2024;4;17:40:00;Averia mecanica;Vehiculo;Alta;VERDADERO;43;VERDADERO;18112
463;21110;27;27;10;11/01/2024;2024;1;1:59:00;Averia mecanica;Vehiculo;Alta;VERDADERO;65;VERDADERO;21866
464;3698;3;3;4;28/02/2023;2023;2;19:45:00;Huelga parcial;Operacional;Alta;VERDADERO;46;VERDADERO;0
465;11439;16;16;9;21/05/2022;2022;5;10:13:00;Accidente leve;Seguridad;Alta;VERDADERO;8;VERDADERO;9503
466;4470;19;19;10;10/01/2022;2022;1;0:48:00;Accidente grave;Seguridad;Critica;VERDADERO;5;VERDADERO;1171359
467;9808;23;9;9;05/11/2023;2023;11;7:29:00;Huelga parcial;Operacional;Alta;VERDADERO;15;FALSO;0
468;47768;15;1;2;29/12/2022;2022;12;20:07:00;Huelga parcial;Operacional;Alta;VERDADERO;5;VERDADERO;0
469;6749;30;2;3;07/06/2024;2024;6;13:10:00;Pasajero enfermo;Servicio;Media;FALSO;35;FALSO;9086
470;49185;4;18;6;14/08/2023;2023;8;7:15:00;Condiciones meteo;Externo;Media;FALSO;6;FALSO;0
471;17379;34;20;2;24/08/2023;2023;8;20:13:00;Fallo electrico;Vehiculo;Alta;VERDADERO;8;VERDADERO;168465
472;36885;10;10;5;12/05/2023;2023;5;9:21:00;Fallo electrico;Vehiculo;Alta;VERDADERO;9;FALSO;56203
473;13357;2;2;9;18/08/2022;2022;8;18:53:00;Fallo climatizacion;Vehiculo;Baja;FALSO;10;FALSO;20291
474;32405;24;10;7;06/10/2023;2023;10;21:33:00;Retencion trafico;Externo;Baja;FALSO;10;FALSO;3284
475;42455;36;8;10;19/03/2022;2022;3;5:33:00;Pinchazo;Vehiculo;Media;VERDADERO;26;VERDADERO;21884
476;46066;35;7;4;04/07/2024;2024;7;18:44:00;Retencion trafico;Externo;Baja;FALSO;5;FALSO;3783
477;11539;32;4;3;30/01/2022;2022;1;12:43:00;Pasajero enfermo;Servicio;Media;FALSO;44;FALSO;3895
478;2009;36;22;6;15/06/2023;2023;6;11:13:00;Vandalismo;Seguridad;Media;FALSO;21;FALSO;70123
479;3222;31;3;6;11/06/2024;2024;6;7:00:00;Fallo climatizacion;Vehiculo;Baja;FALSO;32;FALSO;14294
480;44997;16;2;9;27/10/2022;2022;10;9:22:00;Pasajero enfermo;Servicio;Media;FALSO;19;FALSO;4652
481;18763;32;4;2;11/07/2022;2022;7;15:30:00;Retencion trafico;Externo;Baja;FALSO;24;FALSO;1843
482;14166;13;27;1;29/07/2022;2022;7;10:31:00;Pinchazo;Vehiculo;Media;VERDADERO;5;VERDADERO;26321
483;40684;29;1;6;11/05/2024;2024;5;12:35:00;Fallo climatizacion;Vehiculo;Baja;FALSO;5;FALSO;11763
484;25081;8;22;1;14/03/2023;2023;3;13:45:00;Huelga parcial;Operacional;Alta;VERDADERO;23;VERDADERO;0
485;1823;18;4;7;10/05/2022;2022;5;10:21:00;Fallo climatizacion;Vehiculo;Baja;FALSO;5;FALSO;19166
486;44662;17;3;8;16/05/2024;2024;5;8:12:00;Averia mecanica;Vehiculo;Alta;VERDADERO;55;VERDADERO;41119
487;6849;4;18;3;07/03/2022;2022;3;7:35:00;Fallo electrico;Vehiculo;Alta;VERDADERO;5;VERDADERO;53863
488;12636;37;9;8;21/02/2023;2023;2;12:23:00;Fallo climatizacion;Vehiculo;Baja;FALSO;40;FALSO;26875
489;37669;38;10;10;12/10/2022;2022;10;23:23:00;Accidente grave;Seguridad;Critica;VERDADERO;53;VERDADERO;1118562
490;6096;7;21;1;23/12/2022;2022;12;9:30:00;Vandalismo;Seguridad;Media;FALSO;5;FALSO;11164
491;39249;22;22;4;03/07/2023;2023;7;7:33:00;Fallo climatizacion;Vehiculo;Baja;FALSO;5;FALSO;28031
492;10578;37;23;5;24/07/2022;2022;7;12:10:00;Vandalismo;Seguridad;Media;FALSO;7;FALSO;39311
493;31075;38;24;8;04/03/2024;2024;3;21:12:00;Fallo electrico;Vehiculo;Alta;VERDADERO;61;FALSO;65618
494;29113;8;22;10;18/09/2022;2022;9;22:24:00;Retencion trafico;Externo;Baja;FALSO;36;FALSO;91
495;10193;30;2;3;18/01/2024;2024;1;8:59:00;Accidente leve;Seguridad;Alta;VERDADERO;26;FALSO;141225
496;315;22;8;7;03/05/2024;2024;5;21:50:00;Pasajero enfermo;Servicio;Media;FALSO;9;FALSO;3604
497;11450;27;27;9;03/02/2024;2024;2;7:21:00;Obras calzada;Externo;Media;FALSO;37;FALSO;0
498;30746;3;3;2;01/09/2024;2024;9;10:52:00;Huelga parcial;Operacional;Alta;VERDADERO;18;VERDADERO;0
499;29703;10;24;3;29/07/2023;2023;7;13:34:00;Obras calzada;Externo;Media;FALSO;71;FALSO;0
500;27659;24;24;10;06/02/2024;2024;2;23:01:00;Huelga parcial;Operacional;Alta;VERDADERO;70;VERDADERO;0
501;23686;41;27;10;11/01/2023;2023;1;23:41:00;Condiciones meteo;Externo;Media;FALSO;21;FALSO;0
502;28376;27;13;2;14/09/2023;2023;9;12:21:00;Condiciones meteo;Externo;Media;FALSO;27;FALSO;0
503;3086;21;7;9;01/04/2023;2023;4;13:53:00;Pasajero enfermo;Servicio;Media;FALSO;8;FALSO;9806
504;49372;23;9;5;12/04/2023;2023;4;15:05:00;Accidente grave;Seguridad;Critica;VERDADERO;66;VERDADERO;609547
505;3752;15;1;9;05/08/2024;2024;8;8:39:00;Pasajero enfermo;Servicio;Media;FALSO;9;FALSO;1219
506;5049;10;10;2;06/04/2023;2023;4;9:01:00;Vandalismo;Seguridad;Media;FALSO;6;FALSO;62622
507;29187;40;12;7;26/06/2023;2023;6;10:13:00;Vandalismo;Seguridad;Media;FALSO;41;FALSO;68714
508;30709;8;22;9;09/10/2022;2022;10;20:45:00;Accidente grave;Seguridad;Critica;VERDADERO;162;FALSO;1162834
509;20147;30;16;1;23/10/2022;2022;10;14:11:00;Pinchazo;Vehiculo;Media;VERDADERO;5;FALSO;20315
510;32250;37;23;8;01/07/2023;2023;7;20:42:00;Averia mecanica;Vehiculo;Alta;VERDADERO;5;VERDADERO;96597
511;4970;15;15;2;29/09/2023;2023;9;20:05:00;Fallo electrico;Vehiculo;Alta;VERDADERO;39;VERDADERO;159269
512;30526;35;7;5;04/10/2022;2022;10;18:11:00;Obras calzada;Externo;Media;FALSO;70;FALSO;0
513;18495;16;16;6;07/11/2022;2022;11;8:02:00;Retencion trafico;Externo;Baja;FALSO;18;FALSO;824
514;38065;14;14;7;01/12/2023;2023;12;15:50:00;Pasajero enfermo;Servicio;Media;FALSO;5;FALSO;8052
515;41837;6;6;8;19/11/2024;2024;11;6:41:00;Retencion trafico;Externo;Baja;FALSO;80;FALSO;2726
516;32753;36;22;8;05/10/2023;2023;10;20:15:00;Obras calzada;Externo;Media;FALSO;11;FALSO;0
517;20074;41;27;9;29/12/2023;2023;12;16:21:00;Accidente grave;Seguridad;Critica;VERDADERO;72;FALSO;884792
518;26274;25;11;3;30/03/2022;2022;3;11:00:00;Accidente grave;Seguridad;Critica;VERDADERO;65;VERDADERO;1310553
519;13650;1;15;10;27/02/2024;2024;2;5:30:00;Obras calzada;Externo;Media;FALSO;6;FALSO;0
520;25534;41;27;1;23/02/2022;2022;2;17:04:00;Fallo electrico;Vehiculo;Alta;VERDADERO;29;FALSO;169196
521;17522;9;23;3;16/05/2023;2023;5;7:36:00;Vandalismo;Seguridad;Media;FALSO;13;FALSO;27353
522;25481;30;2;6;07/09/2024;2024;9;6:34:00;Accidente grave;Seguridad;Critica;VERDADERO;43;VERDADERO;692801
523;48235;20;20;1;25/12/2024;2024;12;12:01:00;Accidente grave;Seguridad;Critica;VERDADERO;5;VERDADERO;525946
524;48788;27;13;5;02/08/2023;2023;8;12:10:00;Accidente leve;Seguridad;Alta;VERDADERO;14;VERDADERO;188527
525;32390;9;23;2;23/05/2023;2023;5;9:23:00;Obras calzada;Externo;Media;FALSO;5;FALSO;0
526;5087;6;20;9;25/05/2022;2022;5;8:07:00;Retencion trafico;Externo;Baja;FALSO;5;FALSO;165
527;17253;34;6;3;10/03/2022;2022;3;9:42:00;Vandalismo;Seguridad;Media;FALSO;9;FALSO;79936
528;4040;9;9;5;06/09/2023;2023;9;22:41:00;Pinchazo;Vehiculo;Media;VERDADERO;8;VERDADERO;33689
529;18387;34;20;10;30/10/2024;2024;10;23:00:00;Pasajero enfermo;Servicio;Media;FALSO;5;FALSO;105
530;4247;6;20;8;17/02/2022;2022;2;18:11:00;Accidente leve;Seguridad;Alta;VERDADERO;82;FALSO;98817
531;18628;23;9;3;14/12/2024;2024;12;14:33:00;Fallo electrico;Vehiculo;Alta;VERDADERO;5;VERDADERO;139995
532;880;41;13;6;28/06/2024;2024;6;19:53:00;Huelga parcial;Operacional;Alta;VERDADERO;62;VERDADERO;0
533;23299;32;4;7;07/05/2024;2024;5;17:04:00;Accidente grave;Seguridad;Critica;VERDADERO;9;VERDADERO;280573
534;29753;18;18;3;10/04/2024;2024;4;21:43:00;Retencion trafico;Externo;Baja;FALSO;10;FALSO;1112
535;30173;18;18;6;01/05/2024;2024;5;6:33:00;Accidente leve;Seguridad;Alta;VERDADERO;7;FALSO;19853
536;28560;1;1;3;27/12/2022;2022;12;20:02:00;Accidente grave;Seguridad;Critica;VERDADERO;63;FALSO;1011269
537;18864;7;21;9;18/11/2022;2022;11;16:35:00;Condiciones meteo;Externo;Media;FALSO;24;FALSO;0
538;43344;1;1;9;11/05/2023;2023;5;9:43:00;Huelga parcial;Operacional;Alta;VERDADERO;25;VERDADERO;0
539;34211;24;24;7;05/10/2022;2022;10;12:32:00;Vandalismo;Seguridad;Media;FALSO;5;FALSO;71484
540;26084;3;17;5;24/10/2024;2024;10;11:45:00;Pinchazo;Vehiculo;Media;VERDADERO;8;VERDADERO;15719
541;1942;11;11;5;05/04/2023;2023;4;9:31:00;Retencion trafico;Externo;Baja;FALSO;18;FALSO;2868
542;22226;9;23;3;08/11/2024;2024;11;8:11:00;Pasajero enfermo;Servicio;Media;FALSO;5;FALSO;8246
543;44692;5;5;10;27/07/2023;2023;7;22:10:00;Pasajero enfermo;Servicio;Media;FALSO;37;FALSO;928
544;43240;23;9;7;14/02/2023;2023;2;18:30:00;Pasajero enfermo;Servicio;Media;FALSO;38;FALSO;6899
545;23860;5;5;2;23/03/2022;2022;3;20:26:00;Retencion trafico;Externo;Baja;FALSO;26;FALSO;2778
546;14159;6;20;3;14/02/2024;2024;2;15:44:00;Obras calzada;Externo;Media;FALSO;5;FALSO;0
547;33876;25;25;1;31/08/2023;2023;8;19:54:00;Vandalismo;Seguridad;Media;FALSO;5;FALSO;74578
548;48105;16;2;2;09/11/2023;2023;11;11:51:00;Accidente leve;Seguridad;Alta;VERDADERO;50;VERDADERO;231879
549;23450;15;15;5;14/07/2024;2024;7;15:34:00;Fallo electrico;Vehiculo;Alta;VERDADERO;44;VERDADERO;106827
550;6624;31;17;6;11/11/2024;2024;11;7:32:00;Pasajero enfermo;Servicio;Media;FALSO;6;FALSO;58
551;38265;4;18;7;01/02/2022;2022;2;6:52:00;Vandalismo;Seguridad;Media;FALSO;31;FALSO;45879
552;26242;35;7;2;09/07/2023;2023;7;11:54:00;Fallo climatizacion;Vehiculo;Baja;FALSO;49;FALSO;11498
553;47592;7;21;10;10/07/2022;2022;7;22:20:00;Fallo climatizacion;Vehiculo;Baja;FALSO;5;FALSO;18315
554;24156;7;21;9;23/02/2024;2024;2;15:20:00;Huelga parcial;Operacional;Alta;VERDADERO;36;VERDADERO;0
555;32059;14;28;4;21/09/2024;2024;9;7:31:00;Condiciones meteo;Externo;Media;FALSO;13;FALSO;0
556;9332;9;9;3;13/10/2024;2024;10;11:32:00;Huelga parcial;Operacional;Alta;VERDADERO;57;VERDADERO;0
557;43565;12;26;10;28/08/2022;2022;8;2:10:00;Pinchazo;Vehiculo;Media;VERDADERO;40;VERDADERO;14787
558;3494;9;23;10;11/08/2024;2024;8;23:27:00;Pasajero enfermo;Servicio;Media;FALSO;63;FALSO;8474
559;4879;8;8;6;04/02/2022;2022;2;6:58:00;Accidente leve;Seguridad;Alta;VERDADERO;5;FALSO;20585
560;47063;24;24;1;23/11/2022;2022;11;21:53:00;Averia mecanica;Vehiculo;Alta;VERDADERO;23;FALSO;58258
561;999;34;20;5;27/03/2022;2022;3;7:36:00;Retencion trafico;Externo;Baja;FALSO;28;FALSO;727
562;37087;2;16;6;12/06/2022;2022;6;18:23:00;Pasajero enfermo;Servicio;Media;FALSO;5;FALSO;6671
563;36438;25;11;7;04/09/2023;2023;9;22:31:00;Accidente grave;Seguridad;Critica;VERDADERO;83;VERDADERO;1129568
564;34750;17;3;2;19/12/2024;2024;12;21:50:00;Obras calzada;Externo;Media;FALSO;41;FALSO;0
565;28617;16;2;8;15/08/2022;2022;8;19:41:00;Obras calzada;Externo;Media;FALSO;5;FALSO;0
566;37096;11;25;1;14/05/2023;2023;5;14:31:00;Fallo electrico;Vehiculo;Alta;VERDADERO;5;VERDADERO;160202
567;22811;6;20;1;13/10/2022;2022;10;15:11:00;Obras calzada;Externo;Media;FALSO;44;FALSO;0
568;7143;4;4;1;19/05/2024;2024;5;18:13:00;Fallo climatizacion;Vehiculo;Baja;FALSO;6;FALSO;11464
569;21559;14;28;10;16/08/2023;2023;8;23:51:00;Fallo electrico;Vehiculo;Alta;VERDADERO;5;VERDADERO;64526
570;9936;25;25;2;20/02/2024;2024;2;12:01:00;Fallo electrico;Vehiculo;Alta;VERDADERO;44;VERDADERO;93072
571;4789;2;2;10;06/06/2023;2023;6;22:12:00;Fallo electrico;Vehiculo;Alta;VERDADERO;22;FALSO;160768
572;30511;20;20;6;13/02/2022;2022;2;14:31:00;Accidente leve;Seguridad;Alta;VERDADERO;45;VERDADERO;131257
573;31190;27;27;9;14/11/2022;2022;11;7:05:00;Fallo climatizacion;Vehiculo;Baja;FALSO;32;FALSO;17705
574;20084;9;9;5;19/02/2022;2022;2;11:30:00;Obras calzada;Externo;Media;FALSO;30;FALSO;0
575;10824;31;17;10;12/10/2022;2022;10;23:02:00;Retencion trafico;Externo;Baja;FALSO;31;FALSO;2133
576;673;2;2;4;28/12/2024;2024;12;20:17:00;Vandalismo;Seguridad;Media;FALSO;30;FALSO;37843
577;15595;14;28;7;22/03/2023;2023;3;19:11:00;Retencion trafico;Externo;Baja;FALSO;10;FALSO;1356
578;43049;42;14;1;25/02/2023;2023;2;16:31:00;Retencion trafico;Externo;Baja;FALSO;42;FALSO;1904
579;21912;31;17;10;07/09/2022;2022;9;0:30:00;Retencion trafico;Externo;Baja;FALSO;5;FALSO;4765
580;11869;26;26;4;19/07/2023;2023;7;18:56:00;Averia mecanica;Vehiculo;Alta;VERDADERO;17;VERDADERO;65818
581;34691;42;28;2;20/03/2023;2023;3;17:07:00;Condiciones meteo;Externo;Media;FALSO;31;FALSO;0
582;11322;25;11;2;27/10/2023;2023;10;7:37:00;Accidente leve;Seguridad;Alta;VERDADERO;66;VERDADERO;367413
583;44212;29;1;4;07/12/2023;2023;12;18:23:00;Fallo climatizacion;Vehiculo;Baja;FALSO;9;FALSO;633
584;24615;4;4;4;29/09/2023;2023;9;12:11:00;Vandalismo;Seguridad;Media;FALSO;23;FALSO;24191
585;12006;37;23;8;14/11/2023;2023;11;20:04:00;Retencion trafico;Externo;Baja;FALSO;21;FALSO;1779
586;3940;35;21;4;22/11/2023;2023;11;6:56:00;Retencion trafico;Externo;Baja;FALSO;5;FALSO;3615
587;4614;37;23;7;17/03/2022;2022;3;16:00:00;Accidente leve;Seguridad;Alta;VERDADERO;5;VERDADERO;66316
588;36760;11;25;10;12/10/2022;2022;10;23:36:00;Fallo electrico;Vehiculo;Alta;VERDADERO;5;VERDADERO;79788
589;31459;2;16;10;01/02/2023;2023;2;23:41:00;Accidente grave;Seguridad;Critica;VERDADERO;27;VERDADERO;254229
590;44953;14;14;2;19/07/2024;2024;7;13:21:00;Pasajero enfermo;Servicio;Media;FALSO;7;FALSO;586
591;4348;23;9;2;16/11/2024;2024;11;21:11:00;Pasajero enfermo;Servicio;Media;FALSO;15;FALSO;7748
592;39328;17;17;9;25/06/2022;2022;6;16:21:00;Accidente grave;Seguridad;Critica;VERDADERO;9;VERDADERO;240465
593;49923;28;28;1;15/08/2022;2022;8;19:47:00;Condiciones meteo;Externo;Media;FALSO;5;FALSO;0
594;22394;9;23;10;23/11/2022;2022;11;5:21:00;Pasajero enfermo;Servicio;Media;FALSO;5;FALSO;3763
595;3157;8;22;9;11/10/2024;2024;10;10:52:00;Condiciones meteo;Externo;Media;FALSO;10;FALSO;0
596;29918;15;15;5;30/12/2023;2023;12;13:40:00;Condiciones meteo;Externo;Media;FALSO;5;FALSO;0
597;37224;13;13;5;26/06/2024;2024;6;17:00:00;Vandalismo;Seguridad;Media;FALSO;32;FALSO;41535
598;13479;40;12;2;26/07/2022;2022;7;6:06:00;Fallo electrico;Vehiculo;Alta;VERDADERO;33;VERDADERO;81831
599;13872;13;13;1;14/01/2023;2023;1;12:43:00;Fallo electrico;Vehiculo;Alta;VERDADERO;7;FALSO;91728
600;38556;1;1;1;26/12/2023;2023;12;13:53:00;Accidente leve;Seguridad;Alta;VERDADERO;16;VERDADERO;168731
601;25330;5;19;2;08/07/2023;2023;7;15:16:00;Accidente leve;Seguridad;Alta;VERDADERO;5;VERDADERO;62852
602;44685;40;26;4;24/07/2024;2024;7;15:13:00;Vandalismo;Seguridad;Media;FALSO;13;FALSO;54183
603;986;21;7;6;14/12/2023;2023;12;15:31:00;Averia mecanica;Vehiculo;Alta;VERDADERO;54;FALSO;44624
604;37140;13;13;5;12/11/2022;2022;11;16:12:00;Pasajero enfermo;Servicio;Media;FALSO;13;FALSO;4009
605;35034;7;7;6;12/02/2024;2024;2;9:40:00;Condiciones meteo;Externo;Media;FALSO;17;FALSO;0
606;23731;2;16;8;18/06/2023;2023;6;8:12:00;Accidente leve;Seguridad;Alta;VERDADERO;17;VERDADERO;18715
607;7531;14;28;4;05/08/2022;2022;8;20:32:00;Condiciones meteo;Externo;Media;FALSO;23;FALSO;0
608;44395;2;16;6;09/02/2023;2023;2;14:31:00;Obras calzada;Externo;Media;FALSO;30;FALSO;0
609;32949;22;22;4;05/07/2022;2022;7;6:59:00;Averia mecanica;Vehiculo;Alta;VERDADERO;91;FALSO;25754
610;30878;9;23;4;13/09/2022;2022;9;20:43:00;Accidente leve;Seguridad;Alta;VERDADERO;55;VERDADERO;259277
611;29931;28;28;1;08/01/2022;2022;1;19:31:00;Averia mecanica;Vehiculo;Alta;VERDADERO;85;VERDADERO;183975
612;23416;23;9;3;02/10/2024;2024;10;7:06:00;Obras calzada;Externo;Media;FALSO;27;FALSO;0
613;6060;13;13;9;06/01/2024;2024;1;21:20:00;Retencion trafico;Externo;Baja;FALSO;5;FALSO;1467
614;23680;35;21;2;16/03/2022;2022;3;16:01:00;Condiciones meteo;Externo;Media;FALSO;5;FALSO;0
615;15941;24;10;2;20/11/2023;2023;11;13:30:00;Condiciones meteo;Externo;Media;FALSO;9;FALSO;0
616;6949;20;6;5;15/06/2024;2024;6;12:10:00;Pasajero enfermo;Servicio;Media;FALSO;29;FALSO;4252
617;30096;25;25;5;09/05/2024;2024;5;10:20:00;Accidente leve;Seguridad;Alta;VERDADERO;33;FALSO;157477
618;41340;13;13;9;16/06/2023;2023;6;10:50:00;Fallo electrico;Vehiculo;Alta;VERDADERO;42;FALSO;162277
619;49599;40;12;7;16/03/2023;2023;3;20:53:00;Huelga parcial;Operacional;Alta;VERDADERO;7;VERDADERO;0
620;33184;5;5;10;10/03/2024;2024;3;0:52:00;Condiciones meteo;Externo;Media;FALSO;8;FALSO;0
621;16581;34;6;2;19/11/2023;2023;11;20:49:00;Fallo climatizacion;Vehiculo;Baja;FALSO;25;FALSO;1031
622;1389;4;18;4;08/07/2022;2022;7;16:40:00;Condiciones meteo;Externo;Media;FALSO;21;FALSO;0
623;21351;16;16;6;29/12/2022;2022;12;10:53:00;Condiciones meteo;Externo;Media;FALSO;22;FALSO;0
624;49751;24;24;9;24/01/2024;2024;1;19:35:00;Accidente leve;Seguridad;Alta;VERDADERO;12;FALSO;74014
625;34432;35;21;2;02/10/2023;2023;10;8:34:00;Accidente grave;Seguridad;Critica;VERDADERO;8;FALSO;456978
626;24455;12;12;5;29/02/2024;2024;2;12:43:00;Accidente grave;Seguridad;Critica;VERDADERO;115;VERDADERO;1080205
627;40360;41;13;1;05/02/2022;2022;2;14:21:00;Fallo climatizacion;Vehiculo;Baja;FALSO;5;FALSO;2116
628;18578;15;15;2;01/12/2022;2022;12;16:41:00;Obras calzada;Externo;Media;FALSO;18;FALSO;0
629;33452;21;21;6;08/10/2024;2024;10;12:20:00;Pinchazo;Vehiculo;Media;VERDADERO;9;VERDADERO;30149
630;47853;16;2;4;01/05/2022;2022;5;11:50:00;Retencion trafico;Externo;Baja;FALSO;31;FALSO;455
631;5;6;6;5;24/03/2022;2022;3;18:18:00;Accidente grave;Seguridad;Critica;VERDADERO;34;VERDADERO;597665
632;29183;36;8;7;25/04/2023;2023;4;6:15:00;Pinchazo;Vehiculo;Media;VERDADERO;6;VERDADERO;11839
633;8231;42;28;4;02/08/2022;2022;8;19:04:00;Pasajero enfermo;Servicio;Media;FALSO;5;FALSO;8239
634;5947;26;12;1;25/09/2024;2024;9;17:27:00;Condiciones meteo;Externo;Media;FALSO;13;FALSO;0
635;7823;12;12;5;02/05/2023;2023;5;12:51:00;Pinchazo;Vehiculo;Media;VERDADERO;44;VERDADERO;27469
636;19487;42;28;2;10/09/2024;2024;9;7:51:00;Fallo electrico;Vehiculo;Alta;VERDADERO;36;VERDADERO;102608
637;15385;14;14;4;09/01/2022;2022;1;10:32:00;Pinchazo;Vehiculo;Media;VERDADERO;5;FALSO;9484
638;41100;25;25;4;05/05/2022;2022;5;13:41:00;Huelga parcial;Operacional;Alta;VERDADERO;6;VERDADERO;0
639;18184;41;13;9;30/03/2023;2023;3;16:40:00;Obras calzada;Externo;Media;FALSO;5;FALSO;0
640;27162;31;3;6;30/05/2024;2024;5;19:43:00;Pasajero enfermo;Servicio;Media;FALSO;25;FALSO;705
641;11646;13;27;3;09/12/2023;2023;12;7:14:00;Condiciones meteo;Externo;Media;FALSO;5;FALSO;0
642;24391;32;4;10;12/02/2024;2024;2;22:31:00;Fallo electrico;Vehiculo;Alta;VERDADERO;32;VERDADERO;68019
643;4851;22;8;7;28/03/2023;2023;3;14:11:00;Obras calzada;Externo;Media;FALSO;26;FALSO;0
644;47436;19;5;2;19/01/2023;2023;1;15:43:00;Accidente leve;Seguridad;Alta;VERDADERO;44;VERDADERO;96432
645;42207;40;12;9;08/12/2022;2022;12;21:59:00;Averia mecanica;Vehiculo;Alta;VERDADERO;32;FALSO;87558
646;45341;24;10;10;21/08/2024;2024;8;2:50:00;Accidente grave;Seguridad;Critica;VERDADERO;12;VERDADERO;147050
647;28170;31;3;5;21/10/2023;2023;10;7:09:00;Pinchazo;Vehiculo;Media;VERDADERO;6;VERDADERO;30052
648;3420;19;5;5;17/08/2024;2024;8;7:19:00;Vandalismo;Seguridad;Media;FALSO;31;FALSO;79803
649;42591;4;4;2;17/08/2023;2023;8;14:45:00;Vandalismo;Seguridad;Media;FALSO;5;FALSO;39715
650;38735;12;12;2;07/08/2022;2022;8;8:28:00;Condiciones meteo;Externo;Media;FALSO;66;FALSO;0
651;36720;13;13;5;07/03/2024;2024;3;7:41:00;Fallo electrico;Vehiculo;Alta;VERDADERO;27;VERDADERO;40698
652;29498;15;15;8;29/03/2023;2023;3;21:07:00;Accidente leve;Seguridad;Alta;VERDADERO;34;VERDADERO;105929
653;4363;38;24;10;30/03/2024;2024;3;22:41:00;Condiciones meteo;Externo;Media;FALSO;5;FALSO;0
654;4029;40;26;5;04/08/2024;2024;8;11:14:00;Fallo electrico;Vehiculo;Alta;VERDADERO;7;VERDADERO;169502
655;3427;26;12;5;08/03/2024;2024;3;11:21:00;Retencion trafico;Externo;Baja;FALSO;8;FALSO;4417
656;20269;26;26;2;25/01/2023;2023;1;21:00:00;Huelga parcial;Operacional;Alta;VERDADERO;27;VERDADERO;0
657;20058;25;11;2;10/06/2022;2022;6;6:02:00;Condiciones meteo;Externo;Media;FALSO;58;FALSO;0
658;11479;14;28;6;15/11/2022;2022;11;10:02:00;Fallo climatizacion;Vehiculo;Baja;FALSO;9;FALSO;20034
659;47945;24;10;6;10/04/2022;2022;4;15:58:00;Retencion trafico;Externo;Baja;FALSO;31;FALSO;3573
660;29393;36;22;9;10/01/2024;2024;1;11:20:00;Huelga parcial;Operacional;Alta;VERDADERO;100;VERDADERO;0
661;29047;26;12;8;30/10/2022;2022;10;19:35:00;Pasajero enfermo;Servicio;Media;FALSO;18;FALSO;923
662;8565;40;26;4;02/11/2023;2023;11;7:48:00;Pasajero enfermo;Servicio;Media;FALSO;57;FALSO;413
663;39507;28;28;4;11/04/2024;2024;4;21:00:00;Huelga parcial;Operacional;Alta;VERDADERO;9;VERDADERO;0
664;49805;36;22;2;15/09/2022;2022;9;10:31:00;Retencion trafico;Externo;Baja;FALSO;10;FALSO;1827
665;25450;41;27;3;28/07/2022;2022;7;14:53:00;Huelga parcial;Operacional;Alta;VERDADERO;146;VERDADERO;0
666;34922;21;7;9;24/08/2024;2024;8;20:00:00;Huelga parcial;Operacional;Alta;VERDADERO;26;FALSO;0
667;30478;29;15;2;07/08/2023;2023;8;15:21:00;Huelga parcial;Operacional;Alta;VERDADERO;115;VERDADERO;0
668;13520;39;25;3;19/12/2024;2024;12;7:05:00;Condiciones meteo;Externo;Media;FALSO;35;FALSO;0
669;34008;31;17;8;04/07/2024;2024;7;8:50:00;Accidente leve;Seguridad;Alta;VERDADERO;29;VERDADERO;384421
670;21316;23;9;1;28/06/2024;2024;6;15:32:00;Pasajero enfermo;Servicio;Media;FALSO;19;FALSO;7047
671;42425;6;6;7;20/10/2024;2024;10;20:51:00;Accidente leve;Seguridad;Alta;VERDADERO;26;VERDADERO;100534
672;48901;14;14;9;20/03/2023;2023;3;18:33:00;Accidente leve;Seguridad;Alta;VERDADERO;29;VERDADERO;27143
673;47633;6;6;10;25/08/2024;2024;8;23:40:00;Pinchazo;Vehiculo;Media;VERDADERO;16;FALSO;24405
674;49789;20;6;7;20/02/2024;2024;2;11:51:00;Accidente leve;Seguridad;Alta;VERDADERO;28;VERDADERO;134435
675;44232;7;21;1;29/01/2024;2024;1;10:20:00;Vandalismo;Seguridad;Media;FALSO;34;FALSO;64304
676;10724;15;1;5;19/04/2024;2024;4;16:32:00;Obras calzada;Externo;Media;FALSO;7;FALSO;0
677;13155;10;24;9;12/11/2022;2022;11;12:58:00;Pinchazo;Vehiculo;Media;VERDADERO;5;VERDADERO;23137
678;13763;30;16;2;10/06/2022;2022;6;16:50:00;Huelga parcial;Operacional;Alta;VERDADERO;29;VERDADERO;0
679;42812;15;1;10;10/08/2024;2024;8;2:49:00;Fallo electrico;Vehiculo;Alta;VERDADERO;76;FALSO;108681
680;30804;19;5;9;12/08/2022;2022;8;11:21:00;Fallo electrico;Vehiculo;Alta;VERDADERO;120;VERDADERO;30188
681;36261;16;2;5;14/06/2023;2023;6;10:27:00;Huelga parcial;Operacional;Alta;VERDADERO;44;FALSO;0
682;21437;18;18;3;23/01/2024;2024;1;6:51:00;Huelga parcial;Operacional;Alta;VERDADERO;13;VERDADERO;0
683;25971;16;16;10;21/06/2024;2024;6;2:51:00;Fallo electrico;Vehiculo;Alta;VERDADERO;11;VERDADERO;32672
684;32204;33;5;2;24/10/2024;2024;10;9:02:00;Pinchazo;Vehiculo;Media;VERDADERO;20;FALSO;3199
685;7181;42;14;10;31/01/2023;2023;1;5:12:00;Accidente leve;Seguridad;Alta;VERDADERO;24;VERDADERO;264141
686;41281;38;10;7;12/10/2024;2024;10;18:30:00;Accidente leve;Seguridad;Alta;VERDADERO;32;VERDADERO;76346
687;28087;32;4;5;26/05/2023;2023;5;21:43:00;Retencion trafico;Externo;Baja;FALSO;70;FALSO;721
688;13702;11;11;7;17/08/2024;2024;8;9:01:00;Condiciones meteo;Externo;Media;FALSO;7;FALSO;0
689;1004;39;25;3;25/03/2024;2024;3;13:00:00;Condiciones meteo;Externo;Media;FALSO;62;FALSO;0
690;9059;30;16;2;20/05/2023;2023;5;8:06:00;Vandalismo;Seguridad;Media;FALSO;5;FALSO;53459
691;44235;10;24;8;16/05/2024;2024;5;21:26:00;Pasajero enfermo;Servicio;Media;FALSO;52;FALSO;822
692;25675;14;28;2;19/12/2022;2022;12;17:47:00;Condiciones meteo;Externo;Media;FALSO;9;FALSO;0
693;45056;33;5;6;18/05/2024;2024;5;10:10:00;Huelga parcial;Operacional;Alta;VERDADERO;13;VERDADERO;0
694;35144;33;5;5;03/06/2022;2022;6;9:53:00;Pasajero enfermo;Servicio;Media;FALSO;73;FALSO;7519
695;38163;28;28;8;28/08/2024;2024;8;9:02:00;Pasajero enfermo;Servicio;Media;FALSO;15;FALSO;7598
696;22477;8;22;7;12/01/2024;2024;1;11:14:00;Retencion trafico;Externo;Baja;FALSO;8;FALSO;1959
697;23007;34;20;7;04/12/2023;2023;12;16:32:00;Pinchazo;Vehiculo;Media;VERDADERO;5;VERDADERO;32205
698;45344;27;13;9;09/01/2024;2024;1;8:43:00;Obras calzada;Externo;Media;FALSO;10;FALSO;0
699;36128;9;9;9;18/06/2023;2023;6;17:44:00;Obras calzada;Externo;Media;FALSO;75;FALSO;0
700;49710;25;11;1;12/07/2023;2023;7;13:33:00;Accidente grave;Seguridad;Critica;VERDADERO;14;VERDADERO;880586
701;13099;38;24;2;16/12/2023;2023;12;20:23:00;Fallo electrico;Vehiculo;Alta;VERDADERO;18;FALSO;145644
702;37196;27;13;6;03/09/2024;2024;9;13:40:00;Accidente leve;Seguridad;Alta;VERDADERO;8;FALSO;153798
703;4108;35;21;10;05/08/2022;2022;8;23:31:00;Vandalismo;Seguridad;Media;FALSO;13;FALSO;66588
704;41336;9;9;1;07/10/2024;2024;10;20:50:00;Accidente grave;Seguridad;Critica;VERDADERO;54;FALSO;946125
705;25223;24;24;10;07/02/2022;2022;2;22:50:00;Huelga parcial;Operacional;Alta;VERDADERO;55;FALSO;0
706;35840;15;1;10;17/09/2024;2024;9;23:20:00;Averia mecanica;Vehiculo;Alta;VERDADERO;8;FALSO;29258
707;29719;26;12;2;11/11/2022;2022;11;9:14:00;Averia mecanica;Vehiculo;Alta;VERDADERO;47;VERDADERO;133838
708;46953;40;26;9;07/08/2023;2023;8;7:11:00;Huelga parcial;Operacional;Alta;VERDADERO;87;FALSO;0
709;29828;9;9;2;04/09/2023;2023;9;6:00:00;Obras calzada;Externo;Media;FALSO;5;FALSO;0
710;17543;30;16;4;11/12/2024;2024;12;7:00:00;Pasajero enfermo;Servicio;Media;FALSO;6;FALSO;9147
711;24916;11;25;2;05/07/2023;2023;7;18:27:00;Accidente leve;Seguridad;Alta;VERDADERO;33;VERDADERO;144694
712;4514;21;7;10;12/07/2022;2022;7;3:40:00;Accidente leve;Seguridad;Alta;VERDADERO;21;FALSO;6123
713;19937;30;2;6;29/07/2022;2022;7;17:36:00;Huelga parcial;Operacional;Alta;VERDADERO;5;VERDADERO;0
714;46525;32;18;2;29/04/2024;2024;4;13:01:00;Obras calzada;Externo;Media;FALSO;5;FALSO;0
715;24511;26;12;5;30/08/2023;2023;8;16:32:00;Pasajero enfermo;Servicio;Media;FALSO;5;FALSO;5982
716;27442;17;3;3;04/06/2022;2022;6;11:12:00;Vandalismo;Seguridad;Media;FALSO;8;FALSO;65759
717;12002;33;19;9;20/06/2023;2023;6;13:22:00;Pasajero enfermo;Servicio;Media;FALSO;5;FALSO;1584
718;23354;3;3;1;01/11/2023;2023;11;21:00:00;Huelga parcial;Operacional;Alta;VERDADERO;78;VERDADERO;0
719;27293;36;22;10;24/06/2024;2024;6;0:21:00;Averia mecanica;Vehiculo;Alta;VERDADERO;35;VERDADERO;167596
720;34204;17;17;8;06/01/2022;2022;1;20:51:00;Pinchazo;Vehiculo;Media;VERDADERO;6;VERDADERO;21963
721;12148;11;25;2;05/03/2022;2022;3;9:45:00;Accidente leve;Seguridad;Alta;VERDADERO;18;FALSO;129131
722;15292;5;5;3;25/03/2023;2023;3;11:40:00;Accidente leve;Seguridad;Alta;VERDADERO;11;FALSO;244339
723;46880;9;9;5;13/03/2024;2024;3;8:38:00;Huelga parcial;Operacional;Alta;VERDADERO;188;VERDADERO;0
724;8691;40;12;5;24/09/2023;2023;9;15:30:00;Fallo electrico;Vehiculo;Alta;VERDADERO;18;FALSO;19927
725;12654;13;27;8;23/01/2022;2022;1;10:40:00;Fallo electrico;Vehiculo;Alta;VERDADERO;16;FALSO;159289
726;31470;13;27;2;22/07/2024;2024;7;19:42:00;Obras calzada;Externo;Media;FALSO;5;FALSO;0
727;2955;16;16;8;01/07/2022;2022;7;20:05:00;Obras calzada;Externo;Media;FALSO;9;FALSO;0
728;3004;23;9;6;21/10/2022;2022;10;19:04:00;Accidente grave;Seguridad;Critica;VERDADERO;18;VERDADERO;785208
729;15814;23;23;3;30/01/2024;2024;1;6:49:00;Averia mecanica;Vehiculo;Alta;VERDADERO;35;FALSO;21571
730;6657;22;22;6;15/09/2024;2024;9;8:02:00;Huelga parcial;Operacional;Alta;VERDADERO;5;FALSO;0
731;12774;7;7;8;08/09/2023;2023;9;6:01:00;Huelga parcial;Operacional;Alta;VERDADERO;5;VERDADERO;0
732;39531;10;24;6;06/03/2022;2022;3;18:45:00;Obras calzada;Externo;Media;FALSO;8;FALSO;0
733;34408;11;25;4;22/04/2024;2024;4;9:01:00;Obras calzada;Externo;Media;FALSO;12;FALSO;0
734;8837;18;18;3;25/06/2023;2023;6;13:52:00;Pasajero enfermo;Servicio;Media;FALSO;16;FALSO;771
735;14618;3;3;8;18/11/2022;2022;11;8:11:00;Pinchazo;Vehiculo;Media;VERDADERO;16;FALSO;30245
736;22836;31;17;2;05/09/2022;2022;9;16:23:00;Huelga parcial;Operacional;Alta;VERDADERO;21;VERDADERO;0
737;15981;22;22;1;30/07/2023;2023;7;20:12:00;Fallo climatizacion;Vehiculo;Baja;FALSO;18;FALSO;2876
738;37916;33;5;7;21/04/2023;2023;4;11:32:00;Retencion trafico;Externo;Baja;FALSO;20;FALSO;68
739;1571;18;4;5;03/03/2022;2022;3;17:20:00;Accidente leve;Seguridad;Alta;VERDADERO;155;VERDADERO;210947
740;35908;41;13;4;13/03/2023;2023;3;15:22:00;Obras calzada;Externo;Media;FALSO;15;FALSO;0
741;26090;9;23;4;20/06/2022;2022;6;13:52:00;Pinchazo;Vehiculo;Media;VERDADERO;9;VERDADERO;21229
742;20914;41;27;4;17/05/2023;2023;5;11:50:00;Retencion trafico;Externo;Baja;FALSO;5;FALSO;652
743;9958;5;19;6;28/03/2023;2023;3;7:50:00;Huelga parcial;Operacional;Alta;VERDADERO;195;FALSO;0
744;18276;7;21;10;24/02/2022;2022;2;23:51:00;Pasajero enfermo;Servicio;Media;FALSO;44;FALSO;4377
745;15432;19;5;9;11/04/2024;2024;4;16:31:00;Fallo electrico;Vehiculo;Alta;VERDADERO;129;VERDADERO;137089
746;23494;17;3;7;07/07/2022;2022;7;19:16:00;Averia mecanica;Vehiculo;Alta;VERDADERO;22;VERDADERO;87009
747;15790;41;27;10;08/12/2023;2023;12;4:19:00;Averia mecanica;Vehiculo;Alta;VERDADERO;15;VERDADERO;287926
748;35780;39;25;10;22/01/2022;2022;1;1:50:00;Condiciones meteo;Externo;Media;FALSO;11;FALSO;0
749;11981;12;26;6;02/09/2024;2024;9;21:34:00;Accidente grave;Seguridad;Critica;VERDADERO;9;VERDADERO;312825
750;44906;9;23;9;24/07/2023;2023;7;19:24:00;Averia mecanica;Vehiculo;Alta;VERDADERO;40;FALSO;248729
751;35763;22;8;6;02/07/2024;2024;7;16:53:00;Condiciones meteo;Externo;Media;FALSO;5;FALSO;0
752;27093;4;18;8;22/07/2024;2024;7;19:32:00;Obras calzada;Externo;Media;FALSO;14;FALSO;0
753;46835;6;20;6;20/09/2023;2023;9;11:01:00;Accidente leve;Seguridad;Alta;VERDADERO;54;VERDADERO;271131
754;33438;7;7;5;24/09/2024;2024;9;16:31:00;Fallo electrico;Vehiculo;Alta;VERDADERO;48;VERDADERO;145909
755;47381;6;6;7;19/05/2024;2024;5;19:54:00;Fallo climatizacion;Vehiculo;Baja;FALSO;39;FALSO;13626
756;1591;38;24;1;26/10/2023;2023;10;11:09:00;Fallo climatizacion;Vehiculo;Baja;FALSO;8;FALSO;13011
757;26756;3;17;5;05/02/2022;2022;2;21:05:00;Accidente leve;Seguridad;Alta;VERDADERO;35;VERDADERO;58128
758;21759;4;4;10;14/02/2023;2023;2;5:30:00;Fallo climatizacion;Vehiculo;Baja;FALSO;17;FALSO;23733
759;3002;21;7;1;03/12/2023;2023;12;11:53:00;Pasajero enfermo;Servicio;Media;FALSO;5;FALSO;7799
760;44112;13;13;2;15/08/2023;2023;8;6:50:00;Retencion trafico;Externo;Baja;FALSO;6;FALSO;4685
761;43520;9;9;8;15/12/2022;2022;12;19:17:00;Huelga parcial;Operacional;Alta;VERDADERO;51;VERDADERO;0
762;629;42;14;5;14/12/2022;2022;12;14:20:00;Fallo electrico;Vehiculo;Alta;VERDADERO;92;VERDADERO;33789
763;20737;32;18;2;14/12/2023;2023;12;20:51:00;Huelga parcial;Operacional;Alta;VERDADERO;5;FALSO;0
764;11903;18;4;3;19/02/2023;2023;2;10:53:00;Accidente leve;Seguridad;Alta;VERDADERO;150;VERDADERO;166038
765;6367;26;12;2;13/02/2023;2023;2;14:36:00;Vandalismo;Seguridad;Media;FALSO;5;FALSO;4875
766;17133;40;26;6;16/09/2022;2022;9;21:20:00;Pasajero enfermo;Servicio;Media;FALSO;13;FALSO;3418
767;9479;30;16;4;24/12/2024;2024;12;16:21:00;Accidente grave;Seguridad;Critica;VERDADERO;7;FALSO;251832
768;41871;40;12;6;30/11/2024;2024;11;10:25:00;Fallo electrico;Vehiculo;Alta;VERDADERO;87;VERDADERO;121659
769;12933;40;26;7;17/08/2024;2024;8;15:10:00;Condiciones meteo;Externo;Media;FALSO;5;FALSO;0
770;13642;35;7;4;28/07/2024;2024;7;8:09:00;Condiciones meteo;Externo;Media;FALSO;46;FALSO;0
771;19627;14;28;5;02/03/2022;2022;3;7:44:00;Pasajero enfermo;Servicio;Media;FALSO;14;FALSO;1723
772;9952;41;13;1;06/08/2024;2024;8;8:50:00;Pinchazo;Vehiculo;Media;VERDADERO;19;VERDADERO;21332
773;28963;26;12;4;12/12/2022;2022;12;6:22:00;Fallo climatizacion;Vehiculo;Baja;FALSO;5;FALSO;15914
774;28446;13;27;7;03/07/2022;2022;7;15:42:00;Retencion trafico;Externo;Baja;FALSO;6;FALSO;3514
775;19699;2;16;4;03/07/2024;2024;7;6:19:00;Averia mecanica;Vehiculo;Alta;VERDADERO;31;FALSO;45794
776;44224;41;13;3;30/11/2022;2022;11;21:22:00;Condiciones meteo;Externo;Media;FALSO;13;FALSO;0
777;2997;16;2;4;13/11/2024;2024;11;6:02:00;Averia mecanica;Vehiculo;Alta;VERDADERO;14;VERDADERO;19590
778;13638;31;3;6;09/08/2024;2024;8;22:51:00;Pasajero enfermo;Servicio;Media;FALSO;8;FALSO;1235
779;22471;2;16;7;24/10/2023;2023;10;15:13:00;Vandalismo;Seguridad;Media;FALSO;7;FALSO;25127
780;36087;10;24;2;18/12/2022;2022;12;9:10:00;Condiciones meteo;Externo;Media;FALSO;5;FALSO;0
781;28918;23;23;8;18/06/2024;2024;6;22:03:00;Obras calzada;Externo;Media;FALSO;7;FALSO;0
782;17650;11;11;6;29/09/2024;2024;9;20:30:00;Huelga parcial;Operacional;Alta;VERDADERO;5;VERDADERO;0
783;27956;27;13;2;30/04/2022;2022;4;17:32:00;Vandalismo;Seguridad;Media;FALSO;18;FALSO;73022
784;2855;42;28;7;15/04/2022;2022;4;18:53:00;Fallo climatizacion;Vehiculo;Baja;FALSO;30;FALSO;25514
785;13390;35;7;3;18/08/2024;2024;8;20:27:00;Obras calzada;Externo;Media;FALSO;7;FALSO;0
786;13049;30;2;8;06/05/2023;2023;5;8:47:00;Pinchazo;Vehiculo;Media;VERDADERO;34;VERDADERO;30281
787;22333;32;18;5;27/05/2022;2022;5;8:52:00;Obras calzada;Externo;Media;FALSO;41;FALSO;0
788;30578;3;3;1;09/08/2022;2022;8;14:40:00;Pasajero enfermo;Servicio;Media;FALSO;12;FALSO;4222
789;34735;2;16;7;22/07/2022;2022;7;12:17:00;Obras calzada;Externo;Media;FALSO;9;FALSO;0
790;19539;10;24;7;13/01/2022;2022;1;10:33:00;Averia mecanica;Vehiculo;Alta;VERDADERO;92;VERDADERO;257367
791;39587;24;24;6;01/04/2024;2024;4;12:10:00;Obras calzada;Externo;Media;FALSO;10;FALSO;0
792;5573;30;2;4;22/06/2024;2024;6;18:05:00;Vandalismo;Seguridad;Media;FALSO;17;FALSO;22382
793;47751;40;12;10;22/07/2023;2023;7;23:59:00;Accidente leve;Seguridad;Alta;VERDADERO;9;VERDADERO;264992
794;30964;11;25;9;20/10/2024;2024;10;6:43:00;Averia mecanica;Vehiculo;Alta;VERDADERO;5;FALSO;257287
795;35496;7;21;2;02/10/2024;2024;10;19:47:00;Accidente grave;Seguridad;Critica;VERDADERO;24;VERDADERO;613806
796;20263;20;20;5;26/04/2023;2023;4;7:49:00;Vandalismo;Seguridad;Media;FALSO;24;FALSO;28684
797;44660;15;1;10;26/12/2024;2024;12;5:50:00;Accidente grave;Seguridad;Critica;VERDADERO;8;VERDADERO;1178967
798;21746;33;19;10;10/11/2024;2024;11;4:58:00;Fallo climatizacion;Vehiculo;Baja;FALSO;5;FALSO;25412
799;47249;42;14;7;11/06/2024;2024;6;12:01:00;Retencion trafico;Externo;Baja;FALSO;27;FALSO;181
800;36228;25;25;1;17/06/2022;2022;6;13:52:00;Accidente grave;Seguridad;Critica;VERDADERO;118;VERDADERO;142963
801;28787;18;4;1;25/06/2024;2024;6;11:51:00;Condiciones meteo;Externo;Media;FALSO;5;FALSO;0
802;35620;5;5;5;27/08/2024;2024;8;7:12:00;Huelga parcial;Operacional;Alta;VERDADERO;14;VERDADERO;0
803;46000;11;25;2;19/05/2024;2024;5;22:45:00;Huelga parcial;Operacional;Alta;VERDADERO;11;VERDADERO;0
804;49513;38;10;4;11/11/2023;2023;11;8:56:00;Fallo climatizacion;Vehiculo;Baja;FALSO;58;FALSO;16319
805;44515;38;24;7;13/04/2022;2022;4;22:11:00;Retencion trafico;Externo;Baja;FALSO;34;FALSO;3278
806;28684;41;13;1;29/03/2022;2022;3;11:21:00;Pinchazo;Vehiculo;Media;VERDADERO;7;VERDADERO;38311
807;31549;8;22;2;04/05/2024;2024;5;21:12:00;Obras calzada;Externo;Media;FALSO;18;FALSO;0
808;31965;4;18;9;19/07/2023;2023;7;13:25:00;Pinchazo;Vehiculo;Media;VERDADERO;27;FALSO;23413
809;9434;27;27;8;01/02/2023;2023;2;7:44:00;Accidente grave;Seguridad;Critica;VERDADERO;11;VERDADERO;552271
810;22374;31;3;10;27/09/2022;2022;9;22:00:00;Retencion trafico;Externo;Baja;FALSO;5;FALSO;8
811;21623;36;8;10;10/09/2023;2023;9;3:28:00;Vandalismo;Seguridad;Media;FALSO;16;FALSO;33037
812;12452;21;21;7;02/12/2024;2024;12;15:33:00;Fallo electrico;Vehiculo;Alta;VERDADERO;29;FALSO;148867
813;11800;41;13;1;08/02/2022;2022;2;10:31:00;Accidente leve;Seguridad;Alta;VERDADERO;5;FALSO;6831
814;31389;16;2;9;03/04/2023;2023;4;19:22:00;Accidente leve;Seguridad;Alta;VERDADERO;5;FALSO;265754
815;20769;22;22;6;14/07/2023;2023;7;20:05:00;Accidente grave;Seguridad;Critica;VERDADERO;21;VERDADERO;887345
816;4829;42;14;8;14/01/2023;2023;1;14:10:00;Condiciones meteo;Externo;Media;FALSO;91;FALSO;0
817;14590;17;3;10;11/10/2023;2023;10;2:58:00;Pasajero enfermo;Servicio;Media;FALSO;5;FALSO;7108
818;1508;39;25;5;11/11/2023;2023;11;18:30:00;Condiciones meteo;Externo;Media;FALSO;5;FALSO;0
819;18613;8;22;9;12/01/2023;2023;1;11:56:00;Huelga parcial;Operacional;Alta;VERDADERO;89;FALSO;0
820;19303;26;12;6;28/01/2022;2022;1;20:21:00;Fallo electrico;Vehiculo;Alta;VERDADERO;73;VERDADERO;66441
821;38310;7;7;1;04/11/2024;2024;11;19:53:00;Vandalismo;Seguridad;Media;FALSO;5;FALSO;69808
822;1739;18;4;7;14/07/2023;2023;7;22:32:00;Averia mecanica;Vehiculo;Alta;VERDADERO;59;VERDADERO;29282
823;35876;9;9;2;02/12/2022;2022;12;15:05:00;Vandalismo;Seguridad;Media;FALSO;50;FALSO;29565
824;47068;29;1;8;13/04/2023;2023;4;22:00:00;Vandalismo;Seguridad;Media;FALSO;7;FALSO;77177
825;5115;34;20;7;09/07/2022;2022;7;21:06:00;Condiciones meteo;Externo;Media;FALSO;13;FALSO;0
826;24907;2;16;7;15/12/2022;2022;12;6:20:00;Fallo climatizacion;Vehiculo;Baja;FALSO;37;FALSO;8494
827;7636;35;21;3;12/02/2022;2022;2;15:11:00;Fallo climatizacion;Vehiculo;Baja;FALSO;8;FALSO;17562
828;14399;36;8;10;12/02/2023;2023;2;23:02:00;Condiciones meteo;Externo;Media;FALSO;8;FALSO;0
829;36171;10;24;10;13/05/2023;2023;5;0:10:00;Huelga parcial;Operacional;Alta;VERDADERO;200;FALSO;0
830;9184;29;1;2;26/02/2023;2023;2;20:31:00;Obras calzada;Externo;Media;FALSO;5;FALSO;0
831;36797;6;6;1;19/11/2024;2024;11;18:31:00;Fallo climatizacion;Vehiculo;Baja;FALSO;5;FALSO;10994
832;37623;34;20;4;17/05/2024;2024;5;8:20:00;Pasajero enfermo;Servicio;Media;FALSO;5;FALSO;8418
833;1656;19;5;10;28/12/2023;2023;12;22:21:00;Accidente grave;Seguridad;Critica;VERDADERO;72;VERDADERO;1297314
834;4327;2;16;4;22/06/2023;2023;6;17:01:00;Condiciones meteo;Externo;Media;FALSO;35;FALSO;0
835;27378;37;23;3;05/09/2024;2024;9;14:08:00;Averia mecanica;Vehiculo;Alta;VERDADERO;21;VERDADERO;21231
836;19045;20;6;4;16/03/2023;2023;3;10:55:00;Retencion trafico;Externo;Baja;FALSO;5;FALSO;846
837;44329;20;6;1;04/01/2022;2022;1;16:13:00;Pinchazo;Vehiculo;Media;VERDADERO;5;VERDADERO;32783
838;9662;3;3;2;13/04/2023;2023;4;22:41:00;Pinchazo;Vehiculo;Media;VERDADERO;47;FALSO;9222
839;15915;40;12;3;01/10/2024;2024;10;18:07:00;Condiciones meteo;Externo;Media;FALSO;38;FALSO;0
840;25467;16;16;4;19/09/2024;2024;9;21:02:00;Accidente leve;Seguridad;Alta;VERDADERO;5;VERDADERO;356441
841;13611;4;4;3;13/10/2022;2022;10;21:10:00;Vandalismo;Seguridad;Media;FALSO;22;FALSO;27285
842;11671;38;24;8;20/06/2024;2024;6;15:20:00;Condiciones meteo;Externo;Media;FALSO;49;FALSO;0
843;1220;3;17;7;05/06/2022;2022;6;9:02:00;Retencion trafico;Externo;Baja;FALSO;15;FALSO;1663
844;38864;15;1;2;07/12/2023;2023;12;8:24:00;Pasajero enfermo;Servicio;Media;FALSO;19;FALSO;3483
845;12558;1;15;4;20/05/2023;2023;5;13:35:00;Obras calzada;Externo;Media;FALSO;19;FALSO;0
846;39144;1;1;4;30/04/2023;2023;4;12:00:00;Condiciones meteo;Externo;Media;FALSO;7;FALSO;0
847;35509;20;6;7;11/07/2022;2022;7;15:50:00;Pasajero enfermo;Servicio;Media;FALSO;8;FALSO;4373
848;11853;10;10;7;14/07/2022;2022;7;21:45:00;Retencion trafico;Externo;Baja;FALSO;8;FALSO;4374
849;13239;10;24;8;26/11/2023;2023;11;19:41:00;Huelga parcial;Operacional;Alta;VERDADERO;17;FALSO;0
850;29951;6;20;8;01/10/2023;2023;10;9:02:00;Averia mecanica;Vehiculo;Alta;VERDADERO;15;VERDADERO;226446
851;27985;14;14;10;04/02/2022;2022;2;23:22:00;Pinchazo;Vehiculo;Media;VERDADERO;21;FALSO;10023
852;22091;42;28;3;10/02/2022;2022;2;11:43:00;Fallo electrico;Vehiculo;Alta;VERDADERO;97;VERDADERO;11734
853;48990;19;19;5;08/04/2023;2023;4;12:40:00;Averia mecanica;Vehiculo;Alta;VERDADERO;52;VERDADERO;58575
854;40640;27;13;4;15/02/2024;2024;2;21:31:00;Averia mecanica;Vehiculo;Alta;VERDADERO;31;FALSO;234849
855;28912;17;17;4;09/07/2024;2024;7;18:32:00;Accidente leve;Seguridad;Alta;VERDADERO;36;VERDADERO;168982
856;8571;4;4;5;28/12/2023;2023;12;16:32:00;Pinchazo;Vehiculo;Media;VERDADERO;9;VERDADERO;36031
857;38432;3;17;10;17/11/2023;2023;11;23:33:00;Pinchazo;Vehiculo;Media;VERDADERO;12;VERDADERO;38831
858;40526;39;11;2;14/10/2023;2023;10;6:51:00;Pinchazo;Vehiculo;Media;VERDADERO;19;VERDADERO;11804
859;35550;19;19;6;12/08/2024;2024;8;17:43:00;Condiciones meteo;Externo;Media;FALSO;33;FALSO;0
860;29488;5;5;3;25/06/2024;2024;6;7:02:00;Pasajero enfermo;Servicio;Media;FALSO;5;FALSO;4301
861;26038;41;27;10;30/09/2024;2024;9;22:52:00;Fallo climatizacion;Vehiculo;Baja;FALSO;5;FALSO;894
862;19371;10;24;4;19/11/2022;2022;11;15:47:00;Fallo climatizacion;Vehiculo;Baja;FALSO;14;FALSO;22323
863;44735;6;20;3;24/12/2024;2024;12;22:30:00;Obras calzada;Externo;Media;FALSO;67;FALSO;0
864;6916;29;1;9;20/04/2022;2022;4;15:43:00;Accidente grave;Seguridad;Critica;VERDADERO;5;VERDADERO;1200542
865;14999;6;20;9;21/02/2023;2023;2;10:42:00;Condiciones meteo;Externo;Media;FALSO;29;FALSO;0
866;16751;36;8;1;11/08/2024;2024;8;13:51:00;Fallo electrico;Vehiculo;Alta;VERDADERO;14;VERDADERO;177128
867;29960;15;1;8;13/01/2024;2024;1;11:22:00;Averia mecanica;Vehiculo;Alta;VERDADERO;5;VERDADERO;264974
868;28857;4;18;8;17/04/2023;2023;4;11:46:00;Fallo climatizacion;Vehiculo;Baja;FALSO;55;FALSO;1719
869;38912;21;21;7;06/01/2024;2024;1;6:47:00;Averia mecanica;Vehiculo;Alta;VERDADERO;12;VERDADERO;171667
870;5844;7;21;10;25/04/2024;2024;4;23:38:00;Pinchazo;Vehiculo;Media;VERDADERO;5;FALSO;28836
871;15770;21;7;7;07/01/2023;2023;1;21:47:00;Pasajero enfermo;Servicio;Media;FALSO;6;FALSO;2006
872;27099;10;24;9;13/08/2023;2023;8;6:54:00;Vandalismo;Seguridad;Media;FALSO;25;FALSO;41469
873;34727;36;8;7;07/05/2023;2023;5;9:30:00;Accidente grave;Seguridad;Critica;VERDADERO;9;VERDADERO;1174146
874;20931;16;16;5;09/03/2022;2022;3;6:24:00;Fallo electrico;Vehiculo;Alta;VERDADERO;12;VERDADERO;119907
875;12314;9;23;7;01/11/2023;2023;11;7:12:00;Fallo climatizacion;Vehiculo;Baja;FALSO;5;FALSO;14753
876;8294;21;7;8;30/12/2024;2024;12;12:10:00;Accidente grave;Seguridad;Critica;VERDADERO;5;FALSO;266582
877;49409;18;18;2;22/07/2023;2023;7;13:02:00;Averia mecanica;Vehiculo;Alta;VERDADERO;5;FALSO;279863
878;22320;19;5;3;05/09/2022;2022;9;11:31:00;Accidente leve;Seguridad;Alta;VERDADERO;17;FALSO;361481
879;20487;34;20;3;19/10/2022;2022;10;7:53:00;Pasajero enfermo;Servicio;Media;FALSO;11;FALSO;6619
880;22611;16;16;6;18/10/2024;2024;10;21:42:00;Fallo electrico;Vehiculo;Alta;VERDADERO;65;VERDADERO;169442
881;12466;35;7;4;25/03/2024;2024;3;13:41:00;Averia mecanica;Vehiculo;Alta;VERDADERO;5;VERDADERO;101202
882;41513;18;18;9;23/11/2022;2022;11;20:31:00;Huelga parcial;Operacional;Alta;VERDADERO;29;VERDADERO;0
883;48610;17;3;9;14/08/2024;2024;8;8:02:00;Pinchazo;Vehiculo;Media;VERDADERO;13;VERDADERO;29131
884;17673;34;6;6;21/11/2023;2023;11;12:12:00;Retencion trafico;Externo;Baja;FALSO;12;FALSO;4318
885;8566;41;27;9;26/03/2022;2022;3;19:08:00;Fallo electrico;Vehiculo;Alta;VERDADERO;50;VERDADERO;178093
886;42906;25;11;1;17/07/2024;2024;7;15:03:00;Vandalismo;Seguridad;Media;FALSO;6;FALSO;77468
887;33295;32;4;6;17/06/2024;2024;6;6:50:00;Condiciones meteo;Externo;Media;FALSO;5;FALSO;0
888;12929;36;22;6;25/04/2024;2024;4;6:55:00;Huelga parcial;Operacional;Alta;VERDADERO;23;VERDADERO;0
889;8384;27;13;9;12/04/2024;2024;4;8:55:00;Fallo climatizacion;Vehiculo;Baja;FALSO;8;FALSO;10823
890;26547;4;4;3;27/01/2022;2022;1;7:39:00;Vandalismo;Seguridad;Media;FALSO;58;FALSO;28097
891;21161;36;22;2;26/01/2022;2022;1;19:44:00;Pasajero enfermo;Servicio;Media;FALSO;30;FALSO;7604
892;25332;7;21;1;09/06/2023;2023;6;18:22:00;Averia mecanica;Vehiculo;Alta;VERDADERO;39;VERDADERO;209518
893;417;40;26;5;14/01/2022;2022;1;10:12:00;Accidente grave;Seguridad;Critica;VERDADERO;13;FALSO;415764
894;38314;11;11;3;02/02/2022;2022;2;21:42:00;Retencion trafico;Externo;Baja;FALSO;6;FALSO;528
895;40759;20;20;8;23/05/2022;2022;5;10:52:00;Fallo climatizacion;Vehiculo;Baja;FALSO;43;FALSO;11158
896;1407;22;8;4;02/01/2022;2022;1;22:10:00;Accidente leve;Seguridad;Alta;VERDADERO;11;VERDADERO;100088
897;27989;18;18;8;28/07/2022;2022;7;21:32:00;Vandalismo;Seguridad;Media;FALSO;37;FALSO;43984
898;20658;37;23;4;07/07/2022;2022;7;18:44:00;Averia mecanica;Vehiculo;Alta;VERDADERO;62;VERDADERO;283386
899;46982;27;27;6;18/04/2023;2023;4;15:43:00;Accidente leve;Seguridad;Alta;VERDADERO;68;VERDADERO;11263
900;29902;41;27;7;26/07/2022;2022;7;19:09:00;Vandalismo;Seguridad;Media;FALSO;14;FALSO;43969
901;32870;27;27;3;26/01/2024;2024;1;7:30:00;Obras calzada;Externo;Media;FALSO;13;FALSO;0
902;21614;27;27;5;08/06/2023;2023;6;15:06:00;Accidente grave;Seguridad;Critica;VERDADERO;8;VERDADERO;422135
903;18693;4;18;6;31/01/2022;2022;1;14:12:00;Accidente leve;Seguridad;Alta;VERDADERO;5;VERDADERO;332475
904;14463;16;16;7;11/08/2023;2023;8;9:30:00;Huelga parcial;Operacional;Alta;VERDADERO;90;VERDADERO;0
905;13530;7;7;10;08/02/2022;2022;2;4:10:00;Vandalismo;Seguridad;Media;FALSO;18;FALSO;43211
906;29805;28;14;2;28/04/2022;2022;4;20:53:00;Vandalismo;Seguridad;Media;FALSO;9;FALSO;66151
907;1445;18;18;1;08/10/2023;2023;10;20:04:00;Huelga parcial;Operacional;Alta;VERDADERO;75;VERDADERO;0
908;18219;34;20;10;14/05/2022;2022;5;23:20:00;Retencion trafico;Externo;Baja;FALSO;5;FALSO;4963
909;45064;41;13;2;02/06/2024;2024;6;20:43:00;Huelga parcial;Operacional;Alta;VERDADERO;28;VERDADERO;0
910;30647;30;16;2;13/09/2024;2024;9;8:52:00;Obras calzada;Externo;Media;FALSO;8;FALSO;0
911;49168;29;1;2;17/08/2023;2023;8;6:06:00;Pasajero enfermo;Servicio;Media;FALSO;9;FALSO;2547
912;39990;7;7;8;02/10/2024;2024;10;20:04:00;Vandalismo;Seguridad;Media;FALSO;5;FALSO;71994
913;44756;27;13;8;21/07/2024;2024;7;6:41:00;Huelga parcial;Operacional;Alta;VERDADERO;17;VERDADERO;0
914;48346;5;19;5;25/11/2024;2024;11;21:31:00;Condiciones meteo;Externo;Media;FALSO;5;FALSO;0
915;42970;5;19;10;24/11/2023;2023;11;22:21:00;Pinchazo;Vehiculo;Media;VERDADERO;5;VERDADERO;3618
916;20420;9;9;1;10/04/2022;2022;4;6:12:00;Accidente leve;Seguridad;Alta;VERDADERO;66;FALSO;33369
917;10897;20;6;8;28/05/2022;2022;5;19:51:00;Condiciones meteo;Externo;Media;FALSO;16;FALSO;0
918;45621;10;10;2;13/02/2023;2023;2;9:00:00;Huelga parcial;Operacional;Alta;VERDADERO;64;FALSO;0
919;36350;21;7;2;03/01/2022;2022;1;11:10:00;Fallo climatizacion;Vehiculo;Baja;FALSO;29;FALSO;15896
920;19313;36;22;5;05/11/2023;2023;11;13:41:00;Pinchazo;Vehiculo;Media;VERDADERO;21;VERDADERO;24761
921;5583;40;12;2;01/03/2024;2024;3;11:20:00;Fallo climatizacion;Vehiculo;Baja;FALSO;24;FALSO;29269
922;6683;6;20;6;01/03/2024;2024;3;7:36:00;Vandalismo;Seguridad;Media;FALSO;49;FALSO;58414
923;30680;21;21;10;20/03/2023;2023;3;23:22:00;Huelga parcial;Operacional;Alta;VERDADERO;89;VERDADERO;0
924;28389;40;26;4;05/03/2023;2023;3;10:23:00;Huelga parcial;Operacional;Alta;VERDADERO;13;VERDADERO;0
925;6848;3;17;7;10/12/2024;2024;12;18:57:00;Accidente grave;Seguridad;Critica;VERDADERO;5;VERDADERO;1378962
926;15982;23;23;3;18/01/2024;2024;1;16:11:00;Averia mecanica;Vehiculo;Alta;VERDADERO;11;VERDADERO;190268
927;33676;35;21;8;01/12/2023;2023;12;13:51:00;Averia mecanica;Vehiculo;Alta;VERDADERO;5;VERDADERO;256327
928;47504;3;17;1;03/03/2022;2022;3;11:00:00;Accidente grave;Seguridad;Critica;VERDADERO;9;VERDADERO;598532
929;7566;7;7;2;21/09/2023;2023;9;12:12:00;Fallo climatizacion;Vehiculo;Baja;FALSO;21;FALSO;17355
930;20729;24;10;1;20/03/2022;2022;3;18:03:00;Accidente grave;Seguridad;Critica;VERDADERO;5;VERDADERO;147519
931;7412;21;21;5;14/05/2023;2023;5;9:42:00;Fallo electrico;Vehiculo;Alta;VERDADERO;22;FALSO;90934
932;25355;30;16;9;24/06/2023;2023;6;19:51:00;Fallo electrico;Vehiculo;Alta;VERDADERO;23;VERDADERO;111186
933;47739;28;28;9;09/08/2023;2023;8;20:55:00;Fallo electrico;Vehiculo;Alta;VERDADERO;5;VERDADERO;195643
934;9759;16;16;5;30/09/2023;2023;9;11:51:00;Pinchazo;Vehiculo;Media;VERDADERO;22;VERDADERO;10128
935;9768;25;25;10;26/03/2023;2023;3;1:28:00;Accidente leve;Seguridad;Alta;VERDADERO;45;VERDADERO;236946
936;7134;37;23;9;23/05/2022;2022;5;10:06:00;Pasajero enfermo;Servicio;Media;FALSO;19;FALSO;3217
937;28594;35;7;7;06/01/2024;2024;1;20:13:00;Averia mecanica;Vehiculo;Alta;VERDADERO;27;VERDADERO;142109
938;41210;9;23;7;27/08/2024;2024;8;14:05:00;Pasajero enfermo;Servicio;Media;FALSO;5;FALSO;978
939;23112;13;13;7;25/03/2023;2023;3;18:06:00;Fallo climatizacion;Vehiculo;Baja;FALSO;6;FALSO;1157
940;44347;38;24;9;13/08/2022;2022;8;20:06:00;Accidente leve;Seguridad;Alta;VERDADERO;21;VERDADERO;377739
941;22810;5;19;9;14/03/2023;2023;3;20:01:00;Accidente grave;Seguridad;Critica;VERDADERO;147;VERDADERO;345798
942;20508;13;13;9;14/12/2023;2023;12;19:31:00;Retencion trafico;Externo;Baja;FALSO;14;FALSO;3705
943;45706;11;11;9;29/09/2023;2023;9;18:58:00;Accidente grave;Seguridad;Critica;VERDADERO;22;FALSO;674777
944;21762;7;7;2;12/06/2024;2024;6;15:30:00;Condiciones meteo;Externo;Media;FALSO;33;FALSO;0
945;21496;35;21;4;18/11/2022;2022;11;14:50:00;Retencion trafico;Externo;Baja;FALSO;35;FALSO;3831
946;11505;40;26;7;22/08/2024;2024;8;11:40:00;Obras calzada;Externo;Media;FALSO;5;FALSO;0
947;32457;34;6;1;02/10/2023;2023;10;9:54:00;Obras calzada;Externo;Media;FALSO;36;FALSO;0
948;44210;27;27;4;04/02/2023;2023;2;14:52:00;Retencion trafico;Externo;Baja;FALSO;17;FALSO;174
949;43813;8;22;4;29/09/2023;2023;9;8:50:00;Accidente leve;Seguridad;Alta;VERDADERO;5;VERDADERO;199159
950;18265;38;10;7;02/06/2024;2024;6;8:15:00;Averia mecanica;Vehiculo;Alta;VERDADERO;22;VERDADERO;189674
951;41115;40;12;5;05/07/2024;2024;7;14:00:00;Retencion trafico;Externo;Baja;FALSO;12;FALSO;2941
952;20035;2;16;10;05/05/2023;2023;5;4:50:00;Fallo electrico;Vehiculo;Alta;VERDADERO;5;VERDADERO;182305
953;10076;39;25;5;11/03/2024;2024;3;21:00:00;Accidente grave;Seguridad;Critica;VERDADERO;54;VERDADERO;1256283
954;37297;2;2;2;01/01/2022;2022;1;9:54:00;Obras calzada;Externo;Media;FALSO;65;FALSO;0
955;14277;40;26;10;25/03/2024;2024;3;22:11:00;Fallo electrico;Vehiculo;Alta;VERDADERO;47;VERDADERO;167499
956;35781;40;26;9;22/04/2024;2024;4;11:44:00;Accidente leve;Seguridad;Alta;VERDADERO;7;VERDADERO;35298
957;16871;30;16;3;21/12/2023;2023;12;13:10:00;Retencion trafico;Externo;Baja;FALSO;5;FALSO;302
958;4230;31;3;9;29/05/2022;2022;5;20:22:00;Pinchazo;Vehiculo;Media;VERDADERO;5;VERDADERO;12641
959;49030;17;3;3;22/09/2023;2023;9;18:10:00;Condiciones meteo;Externo;Media;FALSO;23;FALSO;0
960;168;1;1;1;21/03/2024;2024;3;11:41:00;Pasajero enfermo;Servicio;Media;FALSO;9;FALSO;9841
961;14447;42;28;6;09/07/2024;2024;7;8:09:00;Retencion trafico;Externo;Baja;FALSO;29;FALSO;1981
962;36717;10;10;6;13/09/2023;2023;9;18:50:00;Accidente grave;Seguridad;Critica;VERDADERO;23;FALSO;991847
963;36165;4;18;5;13/02/2024;2024;2;6:54:00;Pinchazo;Vehiculo;Media;VERDADERO;26;FALSO;18388
964;14474;27;27;5;03/08/2023;2023;8;13:42:00;Condiciones meteo;Externo;Media;FALSO;5;FALSO;0
965;44427;34;20;1;31/10/2023;2023;10;6:24:00;Fallo electrico;Vehiculo;Alta;VERDADERO;5;VERDADERO;102315
966;46117;2;2;9;05/05/2024;2024;5;22:10:00;Retencion trafico;Externo;Baja;FALSO;10;FALSO;416
967;30626;9;23;4;28/02/2023;2023;2;7:20:00;Accidente grave;Seguridad;Critica;VERDADERO;6;FALSO;640994
968;9961;8;22;4;04/02/2022;2022;2;10:04:00;Fallo electrico;Vehiculo;Alta;VERDADERO;20;VERDADERO;197979
969;38723;42;28;10;14/01/2023;2023;1;22:20:00;Accidente grave;Seguridad;Critica;VERDADERO;27;VERDADERO;909526
970;28345;38;10;7;27/12/2022;2022;12;13:15:00;Pasajero enfermo;Servicio;Media;FALSO;12;FALSO;22
971;16438;17;3;8;22/01/2023;2023;1;7:43:00;Vandalismo;Seguridad;Media;FALSO;7;FALSO;18443
972;8854;35;7;8;03/08/2024;2024;8;6:21:00;Averia mecanica;Vehiculo;Alta;VERDADERO;34;FALSO;279683
973;17364;19;5;1;21/03/2022;2022;3;12:11:00;Pinchazo;Vehiculo;Media;VERDADERO;11;VERDADERO;17892
974;4581;4;18;10;31/10/2024;2024;10;23:51:00;Accidente grave;Seguridad;Critica;VERDADERO;5;VERDADERO;885066
975;47304;13;13;6;02/08/2022;2022;8;22:32:00;Huelga parcial;Operacional;Alta;VERDADERO;5;VERDADERO;0
976;44680;35;21;6;29/12/2022;2022;12;18:22:00;Vandalismo;Seguridad;Media;FALSO;6;FALSO;72487
977;15193;32;18;5;25/07/2022;2022;7;7:25:00;Retencion trafico;Externo;Baja;FALSO;23;FALSO;3451
978;31448;33;5;10;20/07/2022;2022;7;23:41:00;Vandalismo;Seguridad;Media;FALSO;5;FALSO;29436
979;5526;25;11;5;19/10/2024;2024;10;22:24:00;Accidente leve;Seguridad;Alta;VERDADERO;16;VERDADERO;255904
980;39228;1;1;3;13/02/2024;2024;2;8:59:00;Fallo electrico;Vehiculo;Alta;VERDADERO;23;VERDADERO;84878
981;3468;25;25;5;13/11/2024;2024;11;10:20:00;Condiciones meteo;Externo;Media;FALSO;5;FALSO;0
982;15074;39;11;10;25/09/2024;2024;9;22:11:00;Vandalismo;Seguridad;Media;FALSO;10;FALSO;12535
983;48706;29;15;2;16/08/2022;2022;8;14:02:00;Averia mecanica;Vehiculo;Alta;VERDADERO;49;FALSO;3442
984;13610;3;3;5;20/04/2022;2022;4;7:22:00;Pinchazo;Vehiculo;Media;VERDADERO;31;FALSO;30639
985;18786;13;27;8;25/07/2024;2024;7;21:31:00;Vandalismo;Seguridad;Media;FALSO;92;FALSO;45894
986;39758;27;27;5;07/04/2024;2024;4;20:04:00;Vandalismo;Seguridad;Media;FALSO;6;FALSO;47224
987;24217;26;26;5;22/03/2024;2024;3;11:51:00;Pinchazo;Vehiculo;Media;VERDADERO;7;VERDADERO;17889
988;33986;9;23;10;15/06/2024;2024;6;23:25:00;Fallo climatizacion;Vehiculo;Baja;FALSO;70;FALSO;17072
989;11626;35;7;7;22/06/2024;2024;6;12:21:00;Huelga parcial;Operacional;Alta;VERDADERO;44;VERDADERO;0
990;12137;42;14;10;16/08/2022;2022;8;1:51:00;Vandalismo;Seguridad;Media;FALSO;20;FALSO;21293
991;12629;30;2;6;15/07/2023;2023;7;18:59:00;Retencion trafico;Externo;Baja;FALSO;32;FALSO;4542
992;28348;41;13;9;21/07/2023;2023;7;7:53:00;Retencion trafico;Externo;Baja;FALSO;82;FALSO;3865
993;43512;1;1;4;02/03/2023;2023;3;10:31:00;Vandalismo;Seguridad;Media;FALSO;39;FALSO;68183
994;5873;36;22;8;08/05/2024;2024;5;19:37:00;Averia mecanica;Vehiculo;Alta;VERDADERO;55;VERDADERO;184706
995;48244;29;1;3;13/03/2024;2024;3;16:01:00;Fallo climatizacion;Vehiculo;Baja;FALSO;5;FALSO;29551
996;33982;5;19;1;14/07/2024;2024;7;10:51:00;Retencion trafico;Externo;Baja;FALSO;16;FALSO;1725
997;31261;14;14;7;01/11/2023;2023;11;10:15:00;Retencion trafico;Externo;Baja;FALSO;11;FALSO;4079
998;12293;30;2;2;27/07/2022;2022;7;11:16:00;Accidente grave;Seguridad;Critica;VERDADERO;12;VERDADERO;851114
999;42287;36;8;7;16/04/2022;2022;4;13:31:00;Averia mecanica;Vehiculo;Alta;VERDADERO;78;VERDADERO;277747
1000;13665;16;2;2;04/07/2024;2024;7;21:31:00;Pasajero enfermo;Servicio;Media;FALSO;33;FALSO;305
1001;12951;16;16;8;24/04/2024;2024;4;13:54:00;Obras calzada;Externo;Media;FALSO;18;FALSO;0
1002;31757;6;6;9;11/05/2022;2022;5;10:00:00;Fallo electrico;Vehiculo;Alta;VERDADERO;5;FALSO;39326
1003;14514;25;11;10;29/03/2024;2024;3;2:32:00;Pasajero enfermo;Servicio;Media;FALSO;40;FALSO;7865
1004;20458;5;19;7;26/10/2022;2022;10;7:04:00;Fallo climatizacion;Vehiculo;Baja;FALSO;9;FALSO;10618
1005;41547;10;24;4;04/08/2022;2022;8;13:30:00;Fallo climatizacion;Vehiculo;Baja;FALSO;20;FALSO;2391
1006;851;12;12;3;17/08/2023;2023;8;6:41:00;Fallo electrico;Vehiculo;Alta;VERDADERO;29;VERDADERO;100311
1007;34768;35;21;8;21/03/2024;2024;3;22:07:00;Retencion trafico;Externo;Baja;FALSO;42;FALSO;3538
1008;24913;8;22;4;20/07/2024;2024;7;14:35:00;Huelga parcial;Operacional;Alta;VERDADERO;5;FALSO;0
1009;17970;37;23;6;12/10/2024;2024;10;10:25:00;Accidente leve;Seguridad;Alta;VERDADERO;54;FALSO;137022
1010;28377;28;14;10;27/10/2022;2022;10;23:16:00;Huelga parcial;Operacional;Alta;VERDADERO;77;VERDADERO;0
1011;9890;21;7;7;15/02/2023;2023;2;14:34:00;Fallo electrico;Vehiculo;Alta;VERDADERO;20;VERDADERO;72824
1012;46456;5;5;10;12/02/2024;2024;2;22:21:00;Pinchazo;Vehiculo;Media;VERDADERO;33;FALSO;26707
1013;38500;29;1;10;14/04/2024;2024;4;22:47:00;Huelga parcial;Operacional;Alta;VERDADERO;5;VERDADERO;0
1014;16248;37;9;7;29/08/2024;2024;8;16:22:00;Obras calzada;Externo;Media;FALSO;5;FALSO;0
1015;8787;10;24;4;31/10/2023;2023;10;10:21:00;Huelga parcial;Operacional;Alta;VERDADERO;65;VERDADERO;0
1016;35430;25;11;2;10/05/2024;2024;5;14:24:00;Fallo electrico;Vehiculo;Alta;VERDADERO;75;FALSO;182872
1017;19104;37;9;5;19/08/2022;2022;8;15:54:00;Condiciones meteo;Externo;Media;FALSO;26;FALSO;0
1018;44143;2;16;9;31/07/2024;2024;7;15:53:00;Pasajero enfermo;Servicio;Media;FALSO;10;FALSO;6723
1019;14787;4;4;1;18/08/2022;2022;8;12:04:00;Pinchazo;Vehiculo;Media;VERDADERO;18;FALSO;1142
1020;18217;32;18;1;01/10/2023;2023;10;20:51:00;Condiciones meteo;Externo;Media;FALSO;19;FALSO;0
1021;29737;2;2;7;21/10/2022;2022;10;11:22:00;Condiciones meteo;Externo;Media;FALSO;27;FALSO;0
1022;18195;10;24;2;28/08/2022;2022;8;11:13:00;Pasajero enfermo;Servicio;Media;FALSO;30;FALSO;2773
1023;42356;21;21;9;21/07/2024;2024;7;8:26:00;Huelga parcial;Operacional;Alta;VERDADERO;250;VERDADERO;0
1024;20186;27;27;6;14/12/2024;2024;12;21:03:00;Pinchazo;Vehiculo;Media;VERDADERO;36;VERDADERO;28329
1025;38611;14;28;3;29/03/2023;2023;3;6:37:00;Accidente leve;Seguridad;Alta;VERDADERO;12;VERDADERO;301072
1026;22656;19;5;8;21/04/2024;2024;4;14:23:00;Vandalismo;Seguridad;Media;FALSO;5;FALSO;19266
1027;31786;35;7;5;10/07/2023;2023;7;19:29:00;Accidente leve;Seguridad;Alta;VERDADERO;44;VERDADERO;193033
1028;36667;2;16;9;21/07/2022;2022;7;9:13:00;Pinchazo;Vehiculo;Media;VERDADERO;23;FALSO;25753
1029;44905;8;22;10;22/01/2024;2024;1;22:57:00;Retencion trafico;Externo;Baja;FALSO;20;FALSO;416
1030;6080;33;5;6;07/07/2024;2024;7;14:30:00;Fallo climatizacion;Vehiculo;Baja;FALSO;23;FALSO;28036
1031;15556;17;17;10;13/08/2024;2024;8;22:03:00;Vandalismo;Seguridad;Media;FALSO;13;FALSO;7442
1032;48062;15;15;2;15/11/2022;2022;11;6:30:00;Obras calzada;Externo;Media;FALSO;18;FALSO;0
1033;24408;7;21;8;28/12/2023;2023;12;16:33:00;Accidente leve;Seguridad;Alta;VERDADERO;22;VERDADERO;215616
1034;44889;34;6;7;17/07/2024;2024;7;12:51:00;Vandalismo;Seguridad;Media;FALSO;25;FALSO;74684
1035;6425;42;14;1;26/10/2022;2022;10;6:22:00;Pinchazo;Vehiculo;Media;VERDADERO;6;VERDADERO;13965
1036;46203;4;4;9;14/12/2023;2023;12;22:13:00;Pinchazo;Vehiculo;Media;VERDADERO;29;FALSO;39104
1037;42285;34;6;3;24/07/2024;2024;7;11:35:00;Pasajero enfermo;Servicio;Media;FALSO;37;FALSO;2777
1038;45699;4;4;3;24/12/2022;2022;12;15:52:00;Vandalismo;Seguridad;Media;FALSO;16;FALSO;14565
1039;41461;8;22;7;08/06/2024;2024;6;9:43:00;Huelga parcial;Operacional;Alta;VERDADERO;20;VERDADERO;0
1040;28418;27;27;8;21/08/2022;2022;8;11:13:00;Condiciones meteo;Externo;Media;FALSO;15;FALSO;0
1041;18151;8;8;1;15/04/2023;2023;4;14:51:00;Vandalismo;Seguridad;Media;FALSO;5;FALSO;37332
1042;30624;7;21;2;21/01/2022;2022;1;8:05:00;Huelga parcial;Operacional;Alta;VERDADERO;48;VERDADERO;0
1043;3151;2;16;1;24/02/2024;2024;2;8:23:00;Condiciones meteo;Externo;Media;FALSO;27;FALSO;0
1044;18185;42;14;7;03/02/2022;2022;2;17:01:00;Fallo electrico;Vehiculo;Alta;VERDADERO;5;VERDADERO;163346
1045;26731;20;20;5;16/01/2023;2023;1;15:42:00;Retencion trafico;Externo;Baja;FALSO;6;FALSO;997
1046;12515;42;28;9;28/04/2024;2024;4;6:46:00;Condiciones meteo;Externo;Media;FALSO;13;FALSO;0
1047;36056;21;21;4;29/04/2024;2024;4;22:54:00;Condiciones meteo;Externo;Media;FALSO;5;FALSO;0
1048;40833;10;10;7;06/03/2023;2023;3;17:54:00;Pasajero enfermo;Servicio;Media;FALSO;5;FALSO;8745
1049;34374;19;19;9;27/05/2022;2022;5;6:03:00;Accidente leve;Seguridad;Alta;VERDADERO;37;VERDADERO;31907
1050;45453;10;10;4;03/04/2023;2023;4;22:51:00;Huelga parcial;Operacional;Alta;VERDADERO;103;VERDADERO;0
1051;34308;37;9;1;27/01/2024;2024;1;12:49:00;Pinchazo;Vehiculo;Media;VERDADERO;23;VERDADERO;33953
1052;46162;5;19;5;16/04/2024;2024;4;12:30:00;Obras calzada;Externo;Media;FALSO;7;FALSO;0
1053;37976;9;9;8;03/07/2022;2022;7;16:44:00;Retencion trafico;Externo;Baja;FALSO;32;FALSO;2693
1054;21233;24;10;2;27/02/2023;2023;2;8:55:00;Condiciones meteo;Externo;Media;FALSO;24;FALSO;0
1055;20327;42;28;1;12/03/2022;2022;3;13:29:00;Condiciones meteo;Externo;Media;FALSO;5;FALSO;0
1056;27005;42;14;9;16/02/2023;2023;2;6:12:00;Accidente grave;Seguridad;Critica;VERDADERO;288;VERDADERO;343517
1057;45594;25;11;3;26/01/2022;2022;1;6:22:00;Pasajero enfermo;Servicio;Media;FALSO;15;FALSO;2851
1058;25848;19;5;10;27/08/2024;2024;8;23:52:00;Pasajero enfermo;Servicio;Media;FALSO;5;FALSO;4173
1059;7440;7;21;2;04/01/2022;2022;1;6:58:00;Fallo electrico;Vehiculo;Alta;VERDADERO;63;FALSO;178971
1060;37341;4;18;5;30/11/2024;2024;11;10:30:00;Obras calzada;Externo;Media;FALSO;17;FALSO;0
1061;10027;32;4;4;02/05/2024;2024;5;9:21:00;Retencion trafico;Externo;Baja;FALSO;20;FALSO;4952
1062;20966;9;23;8;27/12/2024;2024;12;14:42:00;Pinchazo;Vehiculo;Media;VERDADERO;32;FALSO;38319
1063;7285;20;6;3;25/04/2024;2024;4;7:54:00;Vandalismo;Seguridad;Media;FALSO;5;FALSO;46499
1064;30275;36;8;1;09/05/2022;2022;5;7:47:00;Fallo electrico;Vehiculo;Alta;VERDADERO;107;VERDADERO;59039
1065;49968;31;17;8;17/06/2022;2022;6;6:16:00;Accidente grave;Seguridad;Critica;VERDADERO;49;VERDADERO;200483
1066;31159;38;24;3;01/02/2023;2023;2;14:48:00;Averia mecanica;Vehiculo;Alta;VERDADERO;21;FALSO;180177
1067;15618;37;23;9;15/09/2024;2024;9;13:27:00;Condiciones meteo;Externo;Media;FALSO;6;FALSO;0
1068;9619;2;16;2;14/11/2022;2022;11;12:50:00;Fallo climatizacion;Vehiculo;Baja;FALSO;5;FALSO;21966
1069;28873;20;6;3;16/09/2024;2024;9;6:22:00;Obras calzada;Externo;Media;FALSO;22;FALSO;0
1070;37268;15;1;8;28/01/2024;2024;1;7:44:00;Fallo electrico;Vehiculo;Alta;VERDADERO;74;VERDADERO;62906
1071;18811;38;24;10;10/03/2022;2022;3;23:40:00;Condiciones meteo;Externo;Media;FALSO;12;FALSO;0
1072;32954;27;27;6;10/02/2023;2023;2;14:02:00;Obras calzada;Externo;Media;FALSO;8;FALSO;0
1073;29894;33;19;7;29/06/2023;2023;6;9:02:00;Pinchazo;Vehiculo;Media;VERDADERO;5;FALSO;24228
1074;32505;40;26;6;02/03/2023;2023;3;8:40:00;Vandalismo;Seguridad;Media;FALSO;8;FALSO;51415
1075;27732;13;13;6;01/01/2024;2024;1;18:29:00;Huelga parcial;Operacional;Alta;VERDADERO;118;FALSO;0
1076;31314;25;11;10;02/06/2023;2023;6;3:19:00;Fallo climatizacion;Vehiculo;Baja;FALSO;8;FALSO;20437
1077;31845;10;10;7;08/12/2024;2024;12;13:53:00;Retencion trafico;Externo;Baja;FALSO;14;FALSO;4962
1078;4274;33;19;3;16/11/2022;2022;11;9:08:00;Fallo electrico;Vehiculo;Alta;VERDADERO;85;VERDADERO;150667
1079;47404;29;1;4;08/11/2022;2022;11;8:12:00;Fallo electrico;Vehiculo;Alta;VERDADERO;33;VERDADERO;192697
1080;23362;11;11;9;31/08/2022;2022;8;14:51:00;Vandalismo;Seguridad;Media;FALSO;5;FALSO;74463
1081;2323;14;28;6;21/04/2023;2023;4;20:42:00;Pasajero enfermo;Servicio;Media;FALSO;12;FALSO;3252
1082;14973;22;22;5;09/11/2022;2022;11;17:51:00;Fallo climatizacion;Vehiculo;Baja;FALSO;5;FALSO;2837
1083;16452;31;17;1;26/07/2024;2024;7;6:57:00;Pasajero enfermo;Servicio;Media;FALSO;16;FALSO;9121
1084;14546;15;15;2;20/01/2024;2024;1;16:14:00;Condiciones meteo;Externo;Media;FALSO;26;FALSO;0
1085;19314;37;23;4;13/01/2022;2022;1;12:59:00;Fallo electrico;Vehiculo;Alta;VERDADERO;11;VERDADERO;108438
1086;23671;26;12;10;30/07/2024;2024;7;22:33:00;Fallo electrico;Vehiculo;Alta;VERDADERO;16;FALSO;186701
1087;37050;7;7;10;20/04/2023;2023;4;23:16:00;Condiciones meteo;Externo;Media;FALSO;41;FALSO;0
1088;45913;8;22;9;12/07/2022;2022;7;11:24:00;Accidente grave;Seguridad;Critica;VERDADERO;80;VERDADERO;137483
1089;26320;29;1;9;29/05/2022;2022;5;11:30:00;Accidente grave;Seguridad;Critica;VERDADERO;5;VERDADERO;136220
1090;33922;29;15;6;16/04/2022;2022;4;15:00:00;Averia mecanica;Vehiculo;Alta;VERDADERO;8;VERDADERO;276201
1091;6323;24;24;6;25/10/2022;2022;10;16:53:00;Vandalismo;Seguridad;Media;FALSO;5;FALSO;71209
1092;466;5;19;1;03/03/2023;2023;3;15:27:00;Accidente grave;Seguridad;Critica;VERDADERO;5;VERDADERO;604472
1093;3254;21;7;2;26/12/2024;2024;12;16:40:00;Condiciones meteo;Externo;Media;FALSO;22;FALSO;0
1094;10987;26;12;4;07/03/2024;2024;3;10:11:00;Retencion trafico;Externo;Baja;FALSO;17;FALSO;1839
1095;14751;10;24;3;30/10/2024;2024;10;17:04:00;Huelga parcial;Operacional;Alta;VERDADERO;41;FALSO;0
1096;14785;2;2;2;19/08/2024;2024;8;17:42:00;Pinchazo;Vehiculo;Media;VERDADERO;5;VERDADERO;16887
1097;565;20;6;8;28/03/2022;2022;3;19:36:00;Pinchazo;Vehiculo;Media;VERDADERO;10;FALSO;26785
1098;43127;36;8;10;05/05/2023;2023;5;23:20:00;Condiciones meteo;Externo;Media;FALSO;23;FALSO;0
1099;12725;42;14;1;23/04/2024;2024;4;18:20:00;Accidente grave;Seguridad;Critica;VERDADERO;30;VERDADERO;20579
1100;33808;41;13;3;03/12/2023;2023;12;20:14:00;Fallo climatizacion;Vehiculo;Baja;FALSO;5;FALSO;9843
1101;7299;34;20;7;19/05/2023;2023;5;8:44:00;Fallo electrico;Vehiculo;Alta;VERDADERO;80;VERDADERO;192691
1102;25389;22;22;10;08/05/2022;2022;5;1:10:00;Pinchazo;Vehiculo;Media;VERDADERO;14;VERDADERO;20476
1103;19686;31;3;8;20/11/2024;2024;11;21:23:00;Huelga parcial;Operacional;Alta;VERDADERO;130;VERDADERO;0
1104;34489;8;22;2;14/08/2023;2023;8;21:33:00;Retencion trafico;Externo;Baja;FALSO;5;FALSO;4987
1105;37828;29;1;2;16/08/2023;2023;8;6:32:00;Condiciones meteo;Externo;Media;FALSO;5;FALSO;0
1106;3594;25;11;10;18/08/2024;2024;8;4:47:00;Pinchazo;Vehiculo;Media;VERDADERO;32;VERDADERO;32836
1107;12401;12;26;5;30/12/2024;2024;12;13:01:00;Huelga parcial;Operacional;Alta;VERDADERO;78;FALSO;0
1108;29940;37;9;10;24/05/2023;2023;5;23:53:00;Averia mecanica;Vehiculo;Alta;VERDADERO;6;VERDADERO;270732
1109;24855;34;20;2;05/04/2023;2023;4;17:41:00;Vandalismo;Seguridad;Media;FALSO;34;FALSO;72834
1110;21776;21;21;5;16/05/2022;2022;5;10:47:00;Pinchazo;Vehiculo;Media;VERDADERO;12;FALSO;23054
1111;38919;28;28;10;25/01/2023;2023;1;22:41:00;Pinchazo;Vehiculo;Media;VERDADERO;5;FALSO;13746
1112;7526;9;23;7;03/11/2024;2024;11;21:25:00;Accidente grave;Seguridad;Critica;VERDADERO;5;FALSO;1498558
1113;8902;41;27;1;15/07/2024;2024;7;6:53:00;Fallo electrico;Vehiculo;Alta;VERDADERO;9;VERDADERO;31883
1114;24779;42;28;9;28/02/2022;2022;2;8:30:00;Fallo electrico;Vehiculo;Alta;VERDADERO;83;VERDADERO;36467
1115;40304;27;13;6;06/07/2024;2024;7;9:21:00;Condiciones meteo;Externo;Media;FALSO;24;FALSO;0
1116;39666;19;19;7;26/01/2024;2024;1;7:44:00;Accidente leve;Seguridad;Alta;VERDADERO;89;VERDADERO;89979
1117;31513;14;14;8;01/07/2022;2022;7;6:34:00;Condiciones meteo;Externo;Media;FALSO;92;FALSO;0
1118;26723;12;12;4;11/10/2024;2024;10;16:20:00;Huelga parcial;Operacional;Alta;VERDADERO;93;FALSO;0
1119;11905;20;6;4;28/12/2023;2023;12;6:10:00;Averia mecanica;Vehiculo;Alta;VERDADERO;113;VERDADERO;228004
1120;32150;21;7;8;25/08/2024;2024;8;7:20:00;Accidente leve;Seguridad;Alta;VERDADERO;122;VERDADERO;326877
1121;48832;29;1;7;24/07/2024;2024;7;7:05:00;Condiciones meteo;Externo;Media;FALSO;6;FALSO;0
1122;21258;7;7;3;22/08/2024;2024;8;11:12:00;Accidente grave;Seguridad;Critica;VERDADERO;19;FALSO;741061
1123;43773;10;10;7;07/01/2024;2024;1;21:51:00;Condiciones meteo;Externo;Media;FALSO;16;FALSO;0
1124;42847;8;8;1;07/06/2023;2023;6;8:05:00;Vandalismo;Seguridad;Media;FALSO;5;FALSO;15563
1125;32749;32;18;1;15/03/2024;2024;3;14:20:00;Pasajero enfermo;Servicio;Media;FALSO;5;FALSO;4365
1126;34536;13;13;8;19/09/2024;2024;9;16:02:00;Accidente grave;Seguridad;Critica;VERDADERO;59;VERDADERO;389291
1127;31921;2;2;10;05/06/2023;2023;6;23:42:00;Pinchazo;Vehiculo;Media;VERDADERO;5;VERDADERO;35752
1128;34537;14;14;8;01/09/2024;2024;9;9:21:00;Accidente leve;Seguridad;Alta;VERDADERO;50;VERDADERO;373899
1129;9074;3;3;6;10/02/2023;2023;2;18:32:00;Accidente grave;Seguridad;Critica;VERDADERO;108;VERDADERO;1027587
1130;2339;30;16;3;09/01/2022;2022;1;21:25:00;Obras calzada;Externo;Media;FALSO;5;FALSO;0
1131;17027;18;4;3;20/08/2022;2022;8;9:00:00;Accidente leve;Seguridad;Alta;VERDADERO;31;FALSO;254486
1132;20215;14;28;1;07/07/2022;2022;7;16:04:00;Condiciones meteo;Externo;Media;FALSO;18;FALSO;0
1133;10993;32;18;2;02/08/2024;2024;8;21:50:00;Obras calzada;Externo;Media;FALSO;5;FALSO;0
1134;16340;3;17;1;07/01/2024;2024;1;6:25:00;Huelga parcial;Operacional;Alta;VERDADERO;7;VERDADERO;0
1135;49127;30;16;1;11/11/2023;2023;11;21:14:00;Pasajero enfermo;Servicio;Media;FALSO;5;FALSO;471
1136;42628;41;13;3;07/08/2023;2023;8;20:52:00;Huelga parcial;Operacional;Alta;VERDADERO;85;FALSO;0
1137;43377;34;6;6;24/08/2024;2024;8;18:57:00;Fallo climatizacion;Vehiculo;Baja;FALSO;5;FALSO;19276
1138;7271;6;20;8;10/03/2022;2022;3;10:22:00;Vandalismo;Seguridad;Media;FALSO;15;FALSO;72328
1139;26458;41;27;5;21/09/2022;2022;9;16:41:00;Pinchazo;Vehiculo;Media;VERDADERO;17;VERDADERO;36859
1140;16282;29;15;8;11/01/2024;2024;1;7:17:00;Averia mecanica;Vehiculo;Alta;VERDADERO;45;FALSO;237476
1141;8727;34;20;3;01/06/2023;2023;6;11:39:00;Condiciones meteo;Externo;Media;FALSO;20;FALSO;0
1142;24193;2;2;9;12/03/2024;2024;3;20:20:00;Fallo climatizacion;Vehiculo;Baja;FALSO;8;FALSO;28177
1143;29728;35;21;2;12/04/2024;2024;4;12:30:00;Obras calzada;Externo;Media;FALSO;5;FALSO;0
1144;1567;14;28;1;22/06/2024;2024;6;7:14:00;Fallo climatizacion;Vehiculo;Baja;FALSO;5;FALSO;1645
1145;43977;4;18;10;11/10/2024;2024;10;22:27:00;Fallo climatizacion;Vehiculo;Baja;FALSO;5;FALSO;2368
1146;11754;37;23;3;04/05/2024;2024;5;10:00:00;Obras calzada;Externo;Media;FALSO;14;FALSO;0
1147;37023;22;8;7;01/02/2022;2022;2;21:00:00;Fallo electrico;Vehiculo;Alta;VERDADERO;54;VERDADERO;109947
1148;34921;20;6;5;24/12/2023;2023;12;20:14:00;Condiciones meteo;Externo;Media;FALSO;5;FALSO;0
1149;13366;11;11;5;07/02/2022;2022;2;17:40:00;Huelga parcial;Operacional;Alta;VERDADERO;34;VERDADERO;0
1150;37399;20;20;1;24/10/2022;2022;10;21:12:00;Retencion trafico;Externo;Baja;FALSO;14;FALSO;4813
1151;36169;8;22;5;13/05/2024;2024;5;22:21:00;Accidente grave;Seguridad;Critica;VERDADERO;11;VERDADERO;371283
1152;12426;37;23;4;07/04/2023;2023;4;22:01:00;Averia mecanica;Vehiculo;Alta;VERDADERO;37;FALSO;20276
1153;645;16;2;6;06/06/2023;2023;6;15:42:00;Pasajero enfermo;Servicio;Media;FALSO;20;FALSO;7567
1154;1040;33;5;8;28/08/2023;2023;8;21:52:00;Accidente grave;Seguridad;Critica;VERDADERO;122;VERDADERO;430179
1155;28077;22;22;1;06/06/2022;2022;6;20:19:00;Accidente grave;Seguridad;Critica;VERDADERO;18;VERDADERO;1477387
1156;11215;2;16;9;05/11/2023;2023;11;17:50:00;Vandalismo;Seguridad;Media;FALSO;6;FALSO;66523
1157;333;40;26;2;19/08/2023;2023;8;17:20:00;Fallo climatizacion;Vehiculo;Baja;FALSO;12;FALSO;24326
1158;6484;17;17;9;24/10/2024;2024;10;19:02:00;Retencion trafico;Externo;Baja;FALSO;8;FALSO;3965
1159;45639;28;28;9;27/12/2024;2024;12;20:42:00;Accidente grave;Seguridad;Critica;VERDADERO;5;VERDADERO;466473
1160;32733;16;2;9;08/07/2024;2024;7;8:34:00;Retencion trafico;Externo;Baja;FALSO;10;FALSO;3366
1161;8179;32;4;7;14/06/2023;2023;6;13:32:00;Obras calzada;Externo;Media;FALSO;17;FALSO;0
1162;16759;2;16;7;29/11/2023;2023;11;6:38:00;Pasajero enfermo;Servicio;Media;FALSO;7;FALSO;1117
1163;47722;11;11;8;25/12/2022;2022;12;10:13:00;Accidente leve;Seguridad;Alta;VERDADERO;17;FALSO;182948
1164;33288;25;25;8;25/07/2024;2024;7;7:21:00;Accidente grave;Seguridad;Critica;VERDADERO;216;VERDADERO;533137
1165;45683;30;16;4;28/09/2022;2022;9;6:20:00;Condiciones meteo;Externo;Media;FALSO;36;FALSO;0
1166;47934;13;27;8;30/04/2023;2023;4;19:56:00;Accidente leve;Seguridad;Alta;VERDADERO;53;VERDADERO;264983
1167;35573;42;14;4;12/05/2022;2022;5;15:40:00;Pasajero enfermo;Servicio;Media;FALSO;7;FALSO;6427
1168;28810;41;27;8;02/03/2024;2024;3;13:38:00;Fallo electrico;Vehiculo;Alta;VERDADERO;26;VERDADERO;149235
1169;20362;35;7;4;19/02/2022;2022;2;20:23:00;Retencion trafico;Externo;Baja;FALSO;53;FALSO;374
1170;4450;41;27;4;17/04/2023;2023;4;20:00:00;Averia mecanica;Vehiculo;Alta;VERDADERO;41;FALSO;114772
1171;47535;34;20;5;11/01/2023;2023;1;18:00:00;Pasajero enfermo;Servicio;Media;FALSO;5;FALSO;2891
1172;18204;19;5;1;03/05/2023;2023;5;10:10:00;Condiciones meteo;Externo;Media;FALSO;17;FALSO;0
1173;18727;38;24;9;08/03/2024;2024;3;11:02:00;Fallo electrico;Vehiculo;Alta;VERDADERO;16;VERDADERO;116659
1174;28132;35;21;7;10/05/2024;2024;5;8:41:00;Averia mecanica;Vehiculo;Alta;VERDADERO;5;VERDADERO;81197
1175;12916;23;9;5;27/05/2022;2022;5;11:30:00;Pasajero enfermo;Servicio;Media;FALSO;5;FALSO;7936
1176;46304;21;21;6;23/03/2023;2023;3;20:17:00;Vandalismo;Seguridad;Media;FALSO;84;FALSO;46626
1177;39062;3;3;4;06/04/2022;2022;4;19:29:00;Pasajero enfermo;Servicio;Media;FALSO;5;FALSO;7495
1178;15510;13;27;6;20/07/2023;2023;7;18:21:00;Retencion trafico;Externo;Baja;FALSO;5;FALSO;2183
1179;16422;1;15;5;11/01/2022;2022;1;22:33:00;Vandalismo;Seguridad;Media;FALSO;19;FALSO;65609
1180;2575;14;28;10;18/04/2023;2023;4;2:09:00;Accidente leve;Seguridad;Alta;VERDADERO;74;VERDADERO;289052
1181;38351;6;20;6;15/02/2024;2024;2;13:25:00;Vandalismo;Seguridad;Media;FALSO;20;FALSO;37468
1182;34003;26;12;4;27/09/2023;2023;9;12:37:00;Fallo climatizacion;Vehiculo;Baja;FALSO;8;FALSO;5797
1183;10601;18;18;4;23/12/2022;2022;12;16:21:00;Pasajero enfermo;Servicio;Media;FALSO;32;FALSO;7454
1184;6937;8;22;8;14/10/2024;2024;10;19:32:00;Condiciones meteo;Externo;Media;FALSO;9;FALSO;0
1185;34097;36;22;2;17/10/2022;2022;10;21:41:00;Averia mecanica;Vehiculo;Alta;VERDADERO;16;FALSO;183002
1186;38823;16;16;8;12/02/2024;2024;2;19:14:00;Vandalismo;Seguridad;Media;FALSO;5;FALSO;14896
1187;30889;20;6;9;26/09/2023;2023;9;16:06:00;Huelga parcial;Operacional;Alta;VERDADERO;14;VERDADERO;0
1188;1499;30;16;2;05/05/2022;2022;5;10:02:00;Fallo climatizacion;Vehiculo;Baja;FALSO;33;FALSO;6942
1189;29446;5;19;2;13/07/2024;2024;7;6:39:00;Retencion trafico;Externo;Baja;FALSO;5;FALSO;2242
1190;29518;35;7;8;02/03/2022;2022;3;18:00:00;Accidente leve;Seguridad;Alta;VERDADERO;5;FALSO;127225
1191;32132;3;17;3;06/08/2024;2024;8;18:23:00;Accidente grave;Seguridad;Critica;VERDADERO;56;VERDADERO;1247548
1192;31915;38;24;8;28/04/2024;2024;4;10:42:00;Huelga parcial;Operacional;Alta;VERDADERO;76;FALSO;0
1193;20538;1;15;4;09/10/2022;2022;10;11:32:00;Accidente grave;Seguridad;Critica;VERDADERO;9;VERDADERO;616097
1194;31680;13;13;8;07/02/2022;2022;2;16:22:00;Retencion trafico;Externo;Baja;FALSO;17;FALSO;332
1195;28407;16;16;9;02/05/2022;2022;5;10:30:00;Huelga parcial;Operacional;Alta;VERDADERO;5;VERDADERO;0
1196;49271;6;20;7;25/04/2022;2022;4;16:31:00;Accidente grave;Seguridad;Critica;VERDADERO;46;FALSO;390355
1197;47069;30;2;5;17/12/2023;2023;12;15:31:00;Fallo climatizacion;Vehiculo;Baja;FALSO;5;FALSO;21541
1198;28692;7;21;6;14/05/2024;2024;5;7:07:00;Huelga parcial;Operacional;Alta;VERDADERO;8;VERDADERO;0
1199;48330;31;3;2;12/02/2022;2022;2;14:50:00;Averia mecanica;Vehiculo;Alta;VERDADERO;17;VERDADERO;200968
1200;41821;32;18;10;20/08/2023;2023;8;2:00:00;Huelga parcial;Operacional;Alta;VERDADERO;51;VERDADERO;0
1201;13535;12;12;5;01/09/2024;2024;9;19:43:00;Averia mecanica;Vehiculo;Alta;VERDADERO;142;VERDADERO;177974
1202;35459;12;12;5;03/12/2022;2022;12;20:08:00;Obras calzada;Externo;Media;FALSO;8;FALSO;0
1203;4860;31;17;6;08/03/2024;2024;3;16:01:00;Fallo electrico;Vehiculo;Alta;VERDADERO;65;VERDADERO;138365
1204;30932;21;21;3;30/05/2022;2022;5;21:40:00;Obras calzada;Externo;Media;FALSO;11;FALSO;0
1205;14075;6;20;9;12/09/2024;2024;9;11:00:00;Fallo climatizacion;Vehiculo;Baja;FALSO;7;FALSO;26544
1206;39012;37;9;9;05/03/2024;2024;3;17:41:00;Fallo electrico;Vehiculo;Alta;VERDADERO;34;VERDADERO;181777
1207;15445;32;18;7;20/08/2023;2023;8;7:12:00;Pinchazo;Vehiculo;Media;VERDADERO;46;VERDADERO;12024
1208;42645;16;2;4;31/01/2023;2023;1;6:10:00;Retencion trafico;Externo;Baja;FALSO;6;FALSO;542
1209;42825;28;14;8;09/03/2024;2024;3;12:21:00;Vandalismo;Seguridad;Media;FALSO;5;FALSO;34897
1210;485;24;10;7;02/11/2023;2023;11;14:01:00;Huelga parcial;Operacional;Alta;VERDADERO;56;VERDADERO;0
1211;40140;31;17;6;03/12/2023;2023;12;22:40:00;Fallo climatizacion;Vehiculo;Baja;FALSO;5;FALSO;18531
1212;35249;12;26;4;07/02/2023;2023;2;22:40:00;Accidente grave;Seguridad;Critica;VERDADERO;24;VERDADERO;1075299
1213;47553;10;10;3;22/01/2023;2023;1;22:03:00;Accidente leve;Seguridad;Alta;VERDADERO;19;FALSO;271149
1214;35752;11;25;8;11/02/2022;2022;2;6:40:00;Accidente leve;Seguridad;Alta;VERDADERO;15;VERDADERO;270799
1215;31135;14;28;9;23/05/2023;2023;5;9:30:00;Averia mecanica;Vehiculo;Alta;VERDADERO;40;VERDADERO;150375
1216;19233;40;26;2;29/03/2024;2024;3;9:52:00;Fallo climatizacion;Vehiculo;Baja;FALSO;11;FALSO;17033
1217;14476;29;1;4;15/08/2023;2023;8;7:16:00;Accidente leve;Seguridad;Alta;VERDADERO;47;VERDADERO;351066
1218;29801;24;10;1;23/10/2024;2024;10;12:06:00;Huelga parcial;Operacional;Alta;VERDADERO;73;FALSO;0
1219;31802;9;23;6;31/12/2024;2024;12;18:53:00;Accidente leve;Seguridad;Alta;VERDADERO;160;FALSO;274367
1220;24676;23;9;10;13/09/2022;2022;9;23:46:00;Huelga parcial;Operacional;Alta;VERDADERO;13;FALSO;0
1221;5237;30;2;2;03/09/2023;2023;9;19:15:00;Pasajero enfermo;Servicio;Media;FALSO;42;FALSO;3301
1222;28202;21;7;6;21/03/2022;2022;3;15:31:00;Fallo climatizacion;Vehiculo;Baja;FALSO;24;FALSO;2902
1223;8043;22;8;9;06/08/2023;2023;8;17:49:00;Pinchazo;Vehiculo;Media;VERDADERO;5;FALSO;11914
1224;3768;31;17;1;15/06/2024;2024;6;7:10:00;Retencion trafico;Externo;Baja;FALSO;5;FALSO;1624
1225;31210;5;19;4;17/03/2023;2023;3;10:11:00;Huelga parcial;Operacional;Alta;VERDADERO;36;FALSO;0
1226;22330;29;15;3;24/06/2024;2024;6;6:27:00;Fallo climatizacion;Vehiculo;Baja;FALSO;29;FALSO;27464
1227;37278;25;11;10;26/10/2022;2022;10;2:40:00;Pinchazo;Vehiculo;Media;VERDADERO;13;VERDADERO;15295
1228;29833;14;14;7;14/01/2024;2024;1;6:44:00;Condiciones meteo;Externo;Media;FALSO;8;FALSO;0
1229;7525;8;22;10;12/06/2024;2024;6;22:28:00;Vandalismo;Seguridad;Media;FALSO;98;FALSO;59548
1230;6808;5;5;4;01/02/2022;2022;2;13:31:00;Retencion trafico;Externo;Baja;FALSO;5;FALSO;39
1231;11099;12;12;4;22/08/2022;2022;8;19:01:00;Vandalismo;Seguridad;Media;FALSO;20;FALSO;45855
1232;4730;27;27;3;21/12/2023;2023;12;15:01:00;Averia mecanica;Vehiculo;Alta;VERDADERO;37;VERDADERO;12204
1233;6770;9;23;5;12/08/2024;2024;8;21:26:00;Fallo climatizacion;Vehiculo;Baja;FALSO;7;FALSO;8071
1234;23258;33;19;4;09/10/2023;2023;10;10:04:00;Averia mecanica;Vehiculo;Alta;VERDADERO;44;VERDADERO;24396
1235;9554;21;7;3;30/10/2022;2022;10;6:56:00;Fallo climatizacion;Vehiculo;Baja;FALSO;19;FALSO;6675
1236;11911;26;12;9;20/06/2022;2022;6;21:02:00;Accidente grave;Seguridad;Critica;VERDADERO;185;VERDADERO;1017435
1237;25134;19;19;5;08/05/2024;2024;5;10:14:00;Accidente grave;Seguridad;Critica;VERDADERO;51;FALSO;82713
1238;19367;6;20;3;14/12/2023;2023;12;14:48:00;Fallo climatizacion;Vehiculo;Baja;FALSO;5;FALSO;993
1239;16003;2;16;1;29/08/2023;2023;8;9:02:00;Accidente leve;Seguridad;Alta;VERDADERO;8;VERDADERO;291936
1240;1645;8;22;5;11/04/2022;2022;4;13:45:00;Huelga parcial;Operacional;Alta;VERDADERO;28;VERDADERO;0
1241;45781;2;2;6;10/02/2024;2024;2;21:43:00;Condiciones meteo;Externo;Media;FALSO;5;FALSO;0
1242;20135;18;4;2;27/12/2023;2023;12;14:50:00;Pasajero enfermo;Servicio;Media;FALSO;7;FALSO;7176
1243;28822;11;11;5;29/09/2024;2024;9;17:35:00;Pinchazo;Vehiculo;Media;VERDADERO;46;VERDADERO;30672
1244;27637;2;2;5;25/12/2022;2022;12;8:17:00;Condiciones meteo;Externo;Media;FALSO;5;FALSO;0
1245;40658;3;3;10;28/08/2022;2022;8;4:11:00;Pinchazo;Vehiculo;Media;VERDADERO;14;VERDADERO;30443
1246;3280;5;5;8;05/05/2023;2023;5;22:12:00;Accidente leve;Seguridad;Alta;VERDADERO;48;VERDADERO;21781
1247;43954;23;23;9;11/07/2024;2024;7;16:46:00;Pasajero enfermo;Servicio;Media;FALSO;14;FALSO;7904
1248;39538;17;3;2;03/12/2023;2023;12;8:29:00;Vandalismo;Seguridad;Media;FALSO;17;FALSO;52238
1249;44981;42;14;5;15/05/2024;2024;5;19:23:00;Pasajero enfermo;Servicio;Media;FALSO;5;FALSO;417
1250;22666;29;15;1;25/07/2023;2023;7;10:40:00;Accidente leve;Seguridad;Alta;VERDADERO;5;VERDADERO;235173
1251;8249;18;18;5;01/03/2024;2024;3;9:43:00;Vandalismo;Seguridad;Media;FALSO;25;FALSO;59418
1252;16167;40;12;5;26/07/2024;2024;7;22:34:00;Accidente grave;Seguridad;Critica;VERDADERO;17;VERDADERO;573178
1253;31709;42;14;2;05/03/2024;2024;3;6:44:00;Condiciones meteo;Externo;Media;FALSO;10;FALSO;0
1254;37418;39;11;10;14/03/2022;2022;3;4:11:00;Vandalismo;Seguridad;Media;FALSO;42;FALSO;32522
1255;38543;30;16;9;31/05/2023;2023;5;20:52:00;Accidente grave;Seguridad;Critica;VERDADERO;85;FALSO;1200304
1256;38706;25;11;10;18/06/2023;2023;6;22:30:00;Accidente leve;Seguridad;Alta;VERDADERO;48;VERDADERO;354017
1257;40565;36;22;10;31/07/2022;2022;7;0:50:00;Vandalismo;Seguridad;Media;FALSO;8;FALSO;46476
1258;26085;4;18;8;05/10/2024;2024;10;7:54:00;Averia mecanica;Vehiculo;Alta;VERDADERO;17;VERDADERO;238808
1259;17005;38;10;10;10/08/2023;2023;8;4:50:00;Accidente leve;Seguridad;Alta;VERDADERO;30;VERDADERO;125103
1260;42437;18;18;10;30/10/2023;2023;10;4:00:00;Vandalismo;Seguridad;Media;FALSO;5;FALSO;24179
1261;6706;29;15;7;18/10/2022;2022;10;18:35:00;Accidente leve;Seguridad;Alta;VERDADERO;40;VERDADERO;320974
1262;10173;10;10;9;13/01/2024;2024;1;22:51:00;Vandalismo;Seguridad;Media;FALSO;33;FALSO;45221
1263;22086;37;23;5;01/05/2024;2024;5;8:31:00;Condiciones meteo;Externo;Media;FALSO;27;FALSO;0
1264;48744;25;25;2;29/05/2022;2022;5;6:30:00;Huelga parcial;Operacional;Alta;VERDADERO;33;FALSO;0
1265;5153;30;2;4;21/06/2023;2023;6;8:34:00;Retencion trafico;Externo;Baja;FALSO;17;FALSO;1501
1266;13060;41;13;6;06/01/2024;2024;1;21:10:00;Averia mecanica;Vehiculo;Alta;VERDADERO;15;VERDADERO;29169
1267;17722;41;27;3;22/05/2022;2022;5;14:20:00;Accidente leve;Seguridad;Alta;VERDADERO;74;VERDADERO;79412
1268;42214;5;19;8;05/10/2023;2023;10;8:10:00;Huelga parcial;Operacional;Alta;VERDADERO;10;FALSO;0
1269;24802;23;23;9;06/08/2024;2024;8;10:05:00;Huelga parcial;Operacional;Alta;VERDADERO;66;FALSO;0
1270;20156;39;25;7;28/08/2023;2023;8;19:00:00;Accidente leve;Seguridad;Alta;VERDADERO;28;VERDADERO;133366
1271;5147;24;24;3;26/05/2024;2024;5;6:30:00;Vandalismo;Seguridad;Media;FALSO;13;FALSO;44339
1272;32730;13;27;7;01/05/2024;2024;5;8:13:00;Pasajero enfermo;Servicio;Media;FALSO;27;FALSO;7818
1273;49253;30;2;7;30/06/2024;2024;6;21:31:00;Obras calzada;Externo;Media;FALSO;27;FALSO;0
1274;49477;2;2;10;15/07/2024;2024;7;23:10:00;Fallo electrico;Vehiculo;Alta;VERDADERO;24;VERDADERO;143249
1275;39443;6;20;1;29/03/2023;2023;3;7:08:00;Accidente leve;Seguridad;Alta;VERDADERO;100;VERDADERO;105104
1276;43121;30;2;6;26/09/2023;2023;9;16:20:00;Vandalismo;Seguridad;Media;FALSO;14;FALSO;54238
1277;18577;14;14;10;03/07/2023;2023;7;4:10:00;Obras calzada;Externo;Media;FALSO;34;FALSO;0
1278;41585;6;6;1;15/01/2023;2023;1;19:23:00;Fallo electrico;Vehiculo;Alta;VERDADERO;7;VERDADERO;4123
1279;35109;40;26;3;10/06/2024;2024;6;10:42:00;Pinchazo;Vehiculo;Media;VERDADERO;5;VERDADERO;30487
1280;36718;11;11;2;03/01/2023;2023;1;17:22:00;Retencion trafico;Externo;Baja;FALSO;6;FALSO;1334
1281;20617;38;10;8;03/08/2023;2023;8;16:41:00;Retencion trafico;Externo;Baja;FALSO;18;FALSO;1507
1282;17769;4;18;9;03/08/2022;2022;8;13:52:00;Accidente grave;Seguridad;Critica;VERDADERO;5;FALSO;257871
1283;16398;19;19;9;10/02/2022;2022;2;16:10:00;Retencion trafico;Externo;Baja;FALSO;9;FALSO;875
1284;1233;16;2;8;02/09/2022;2022;9;11:08:00;Pasajero enfermo;Servicio;Media;FALSO;5;FALSO;7983
1285;40280;3;17;10;04/11/2023;2023;11;23:42:00;Vandalismo;Seguridad;Media;FALSO;9;FALSO;22069
1286;11070;25;11;2;22/01/2022;2022;1;19:43:00;Pinchazo;Vehiculo;Media;VERDADERO;7;VERDADERO;2542
1287;32394;13;27;5;25/02/2022;2022;2;19:22:00;Averia mecanica;Vehiculo;Alta;VERDADERO;6;VERDADERO;269575
1288;9431;24;24;1;23/08/2023;2023;8;13:50:00;Averia mecanica;Vehiculo;Alta;VERDADERO;43;VERDADERO;22892
1289;17864;15;1;7;27/07/2022;2022;7;11:41:00;Retencion trafico;Externo;Baja;FALSO;5;FALSO;1891
1290;34418;21;7;7;14/11/2023;2023;11;11:34:00;Vandalismo;Seguridad;Media;FALSO;5;FALSO;46213
1291;44845;32;18;7;07/09/2022;2022;9;13:31:00;Vandalismo;Seguridad;Media;FALSO;33;FALSO;75717
1292;27617;24;10;2;14/10/2023;2023;10;17:04:00;Condiciones meteo;Externo;Media;FALSO;37;FALSO;0
1293;13035;16;16;3;02/09/2024;2024;9;20:33:00;Vandalismo;Seguridad;Media;FALSO;11;FALSO;66775
1294;1604;9;9;5;01/07/2023;2023;7;12:32:00;Pinchazo;Vehiculo;Media;VERDADERO;5;FALSO;9105
1295;25037;6;6;5;05/09/2023;2023;9;20:14:00;Fallo electrico;Vehiculo;Alta;VERDADERO;31;VERDADERO;5778
1296;43369;26;26;7;08/12/2022;2022;12;10:11:00;Obras calzada;Externo;Media;FALSO;9;FALSO;0
1297;8538;13;27;10;02/09/2022;2022;9;23:00:00;Pasajero enfermo;Servicio;Media;FALSO;26;FALSO;1737
1298;28602;1;15;6;21/03/2023;2023;3;6:31:00;Pinchazo;Vehiculo;Media;VERDADERO;5;FALSO;8731
1299;30645;28;14;1;09/12/2022;2022;12;16:02:00;Accidente grave;Seguridad;Critica;VERDADERO;5;VERDADERO;535131
1300;37322;27;27;3;15/10/2022;2022;10;12:24:00;Accidente leve;Seguridad;Alta;VERDADERO;13;VERDADERO;308633
1301;17285;24;10;4;30/09/2023;2023;9;7:33:00;Fallo electrico;Vehiculo;Alta;VERDADERO;8;VERDADERO;131916
1302;8376;19;5;3;12/06/2023;2023;6;11:24:00;Accidente leve;Seguridad;Alta;VERDADERO;83;FALSO;58297
1303;32583;34;20;4;25/10/2024;2024;10;10:01:00;Fallo electrico;Vehiculo;Alta;VERDADERO;15;VERDADERO;167326
1304;49233;10;10;3;03/04/2023;2023;4;12:11:00;Pasajero enfermo;Servicio;Media;FALSO;20;FALSO;3403
1305;15351;22;8;10;03/09/2022;2022;9;22:51:00;Averia mecanica;Vehiculo;Alta;VERDADERO;5;FALSO;112666
1306;42886;5;19;9;29/08/2022;2022;8;12:30:00;Huelga parcial;Operacional;Alta;VERDADERO;78;VERDADERO;0
1307;33627;28;28;9;26/07/2024;2024;7;8:23:00;Accidente leve;Seguridad;Alta;VERDADERO;27;VERDADERO;78431
1308;1537;26;26;10;08/06/2024;2024;6;22:31:00;Pinchazo;Vehiculo;Media;VERDADERO;34;VERDADERO;12227
1309;42912;31;17;2;09/06/2024;2024;6;7:57:00;Vandalismo;Seguridad;Media;FALSO;5;FALSO;36886
1310;21191;24;24;10;28/12/2022;2022;12;3:00:00;Averia mecanica;Vehiculo;Alta;VERDADERO;35;FALSO;80694
1311;1182;7;7;2;28/12/2023;2023;12;11:22:00;Obras calzada;Externo;Media;FALSO;18;FALSO;0
1312;6584;33;5;1;14/04/2022;2022;4;15:22:00;Vandalismo;Seguridad;Media;FALSO;12;FALSO;7405
1313;11500;35;21;10;03/02/2023;2023;2;22:00:00;Fallo climatizacion;Vehiculo;Baja;FALSO;5;FALSO;7455
1314;30781;38;10;8;17/09/2022;2022;9;21:21:00;Fallo climatizacion;Vehiculo;Baja;FALSO;27;FALSO;25538
1315;10127;6;20;9;01/11/2022;2022;11;21:53:00;Fallo climatizacion;Vehiculo;Baja;FALSO;5;FALSO;19887
1316;13023;4;4;10;17/08/2023;2023;8;22:20:00;Obras calzada;Externo;Media;FALSO;5;FALSO;0
1317;34213;26;26;1;02/08/2023;2023;8;7:14:00;Averia mecanica;Vehiculo;Alta;VERDADERO;5;VERDADERO;268324
1318;48908;21;21;5;01/02/2022;2022;2;11:35:00;Pinchazo;Vehiculo;Media;VERDADERO;6;VERDADERO;39977
1319;21229;20;6;7;30/03/2022;2022;3;19:32:00;Pasajero enfermo;Servicio;Media;FALSO;65;FALSO;2584
1320;4456;5;5;1;19/12/2022;2022;12;15:24:00;Accidente leve;Seguridad;Alta;VERDADERO;6;VERDADERO;162804
1321;8441;42;14;9;08/03/2022;2022;3;12:25:00;Accidente grave;Seguridad;Critica;VERDADERO;184;FALSO;1168617
1322;5713;2;2;4;18/04/2022;2022;4;15:26:00;Huelga parcial;Operacional;Alta;VERDADERO;5;VERDADERO;0
1323;27663;28;28;7;23/10/2024;2024;10;9:52:00;Averia mecanica;Vehiculo;Alta;VERDADERO;93;FALSO;160293
1324;19825;2;2;2;18/02/2022;2022;2;6:35:00;Huelga parcial;Operacional;Alta;VERDADERO;55;FALSO;0
1325;31176;13;13;1;24/03/2022;2022;3;21:11:00;Pasajero enfermo;Servicio;Media;FALSO;11;FALSO;6398
1326;11710;35;7;3;24/01/2023;2023;1;10:26:00;Pasajero enfermo;Servicio;Media;FALSO;34;FALSO;8905
1327;15720;13;13;2;08/06/2023;2023;6;6:41:00;Obras calzada;Externo;Media;FALSO;6;FALSO;0
1328;20476;23;9;7;25/12/2022;2022;12;20:02:00;Fallo climatizacion;Vehiculo;Baja;FALSO;10;FALSO;19869
1329;18425;30;2;3;24/08/2023;2023;8;16:04:00;Fallo electrico;Vehiculo;Alta;VERDADERO;16;VERDADERO;92477
1330;9550;17;3;3;25/04/2023;2023;4;14:26:00;Accidente grave;Seguridad;Critica;VERDADERO;214;FALSO;430434
1331;43966;35;7;5;03/09/2024;2024;9;10:21:00;Accidente leve;Seguridad;Alta;VERDADERO;38;VERDADERO;202978
1332;31207;2;16;2;09/01/2022;2022;1;7:00:00;Vandalismo;Seguridad;Media;FALSO;27;FALSO;66912
1333;12968;33;5;6;15/01/2023;2023;1;19:29:00;Huelga parcial;Operacional;Alta;VERDADERO;16;FALSO;0
1334;41471;18;4;8;03/05/2024;2024;5;17:02:00;Condiciones meteo;Externo;Media;FALSO;5;FALSO;0
1335;46711;8;8;4;12/10/2022;2022;10;11:36:00;Pinchazo;Vehiculo;Media;VERDADERO;39;VERDADERO;9564
1336;9294;13;27;2;07/02/2023;2023;2;21:43:00;Accidente grave;Seguridad;Critica;VERDADERO;20;VERDADERO;129570
1337;38336;33;5;5;09/03/2024;2024;3;21:17:00;Accidente grave;Seguridad;Critica;VERDADERO;36;VERDADERO;1419031
1338;18615;10;24;5;26/02/2023;2023;2;14:24:00;Accidente grave;Seguridad;Critica;VERDADERO;29;VERDADERO;1309415
1339;38275;14;28;9;22/08/2023;2023;8;15:30:00;Condiciones meteo;Externo;Media;FALSO;5;FALSO;0
1340;4520;27;13;5;30/04/2024;2024;4;6:52:00;Fallo electrico;Vehiculo;Alta;VERDADERO;8;VERDADERO;35904
1341;22110;19;19;10;29/04/2023;2023;4;23:30:00;Pinchazo;Vehiculo;Media;VERDADERO;36;VERDADERO;23016
1342;42243;34;20;10;17/11/2024;2024;11;22:01:00;Averia mecanica;Vehiculo;Alta;VERDADERO;126;VERDADERO;37565
1343;18223;38;24;6;03/08/2023;2023;8;22:05:00;Fallo climatizacion;Vehiculo;Baja;FALSO;40;FALSO;25538
1344;45396;37;9;10;16/08/2023;2023;8;1:19:00;Pinchazo;Vehiculo;Media;VERDADERO;13;FALSO;9691
1345;4885;14;14;6;13/03/2023;2023;3;11:43:00;Vandalismo;Seguridad;Media;FALSO;18;FALSO;22028
1346;4507;14;28;8;27/08/2023;2023;8;21:12:00;Huelga parcial;Operacional;Alta;VERDADERO;6;FALSO;0
1347;42664;35;21;10;14/10/2022;2022;10;23:03:00;Pasajero enfermo;Servicio;Media;FALSO;7;FALSO;665
1348;25812;25;25;6;20/08/2023;2023;8;21:40:00;Vandalismo;Seguridad;Media;FALSO;5;FALSO;16329
1349;11125;38;10;8;05/07/2024;2024;7;6:50:00;Pasajero enfermo;Servicio;Media;FALSO;13;FALSO;3646
1350;665;36;22;4;07/11/2022;2022;11;18:40:00;Fallo climatizacion;Vehiculo;Baja;FALSO;10;FALSO;5241
1351;19131;22;8;4;18/09/2023;2023;9;6:01:00;Accidente leve;Seguridad;Alta;VERDADERO;43;VERDADERO;299376
1352;40411;8;8;2;14/06/2023;2023;6;7:50:00;Condiciones meteo;Externo;Media;FALSO;6;FALSO;0
1353;18300;31;17;2;23/10/2024;2024;10;19:05:00;Fallo climatizacion;Vehiculo;Baja;FALSO;8;FALSO;26337
1354;6685;8;22;5;18/12/2024;2024;12;21:00:00;Accidente grave;Seguridad;Critica;VERDADERO;50;FALSO;810011
1355;502;41;27;6;22/04/2022;2022;4;16:01:00;Accidente grave;Seguridad;Critica;VERDADERO;7;VERDADERO;1262484
1356;28099;2;16;6;04/12/2023;2023;12;14:08:00;Condiciones meteo;Externo;Media;FALSO;17;FALSO;0
1357;44872;17;17;5;24/08/2024;2024;8;8:23:00;Fallo electrico;Vehiculo;Alta;VERDADERO;106;VERDADERO;42479
1358;32651;18;4;8;07/07/2022;2022;7;6:30:00;Accidente grave;Seguridad;Critica;VERDADERO;40;FALSO;1172987
1359;41289;4;18;2;29/07/2024;2024;7;11:00:00;Pasajero enfermo;Servicio;Media;FALSO;5;FALSO;1778
1360;33571;14;28;2;26/03/2022;2022;3;10:35:00;Retencion trafico;Externo;Baja;FALSO;5;FALSO;2771
1361;31893;16;2;5;03/05/2022;2022;5;20:00:00;Accidente leve;Seguridad;Alta;VERDADERO;48;VERDADERO;291866
1362;49651;8;8;4;11/02/2022;2022;2;20:52:00;Accidente leve;Seguridad;Alta;VERDADERO;93;VERDADERO;77471
1363;48952;23;9;4;18/04/2022;2022;4;7:42:00;Fallo climatizacion;Vehiculo;Baja;FALSO;12;FALSO;18922
1364;18088;29;1;10;21/11/2024;2024;11;2:39:00;Retencion trafico;Externo;Baja;FALSO;5;FALSO;3187
1365;11179;8;8;1;24/04/2024;2024;4;21:02:00;Accidente leve;Seguridad;Alta;VERDADERO;137;VERDADERO;21875
1366;19603;32;4;10;04/11/2023;2023;11;2:12:00;Pinchazo;Vehiculo;Media;VERDADERO;9;FALSO;29745
1367;13252;23;9;10;20/01/2024;2024;1;22:11:00;Huelga parcial;Operacional;Alta;VERDADERO;77;VERDADERO;0
1368;16417;38;10;9;20/05/2022;2022;5;16:21:00;Obras calzada;Externo;Media;FALSO;5;FALSO;0
1369;23207;24;24;5;11/01/2023;2023;1;15:22:00;Accidente grave;Seguridad;Critica;VERDADERO;60;VERDADERO;309845
1370;39881;24;10;5;02/01/2022;2022;1;15:25:00;Fallo electrico;Vehiculo;Alta;VERDADERO;40;FALSO;31183
1371;39376;23;9;2;23/10/2024;2024;10;7:44:00;Pinchazo;Vehiculo;Media;VERDADERO;8;VERDADERO;35131
1372;11437;14;14;9;10/11/2024;2024;11;20:55:00;Condiciones meteo;Externo;Media;FALSO;13;FALSO;0
1373;45270;37;23;9;09/05/2023;2023;5;9:15:00;Pasajero enfermo;Servicio;Media;FALSO;17;FALSO;5621
1374;29464;23;9;5;12/09/2023;2023;9;19:31:00;Accidente leve;Seguridad;Alta;VERDADERO;145;VERDADERO;350554
1375;6737;18;18;6;03/07/2023;2023;7;21:23:00;Huelga parcial;Operacional;Alta;VERDADERO;57;FALSO;0
1376;20687;24;24;1;11/01/2023;2023;1;17:30:00;Accidente leve;Seguridad;Alta;VERDADERO;27;VERDADERO;381723
1377;17050;41;27;4;21/06/2024;2024;6;18:17:00;Retencion trafico;Externo;Baja;FALSO;6;FALSO;3463
1378;45512;27;13;8;05/05/2023;2023;5;14:31:00;Vandalismo;Seguridad;Media;FALSO;5;FALSO;37394
1379;4845;16;2;10;15/09/2023;2023;9;0:20:00;Huelga parcial;Operacional;Alta;VERDADERO;77;FALSO;0
1380;3273;40;26;8;16/05/2024;2024;5;12:11:00;Pasajero enfermo;Servicio;Media;FALSO;35;FALSO;3457
1381;32714;39;11;3;24/04/2023;2023;4;13:40:00;Accidente leve;Seguridad;Alta;VERDADERO;86;VERDADERO;126858
1382;33178;41;27;7;08/05/2023;2023;5;7:01:00;Huelga parcial;Operacional;Alta;VERDADERO;7;FALSO;0
1383;49771;2;16;10;12/05/2023;2023;5;22:12:00;Pinchazo;Vehiculo;Media;VERDADERO;14;VERDADERO;37869
1384;31808;15;1;3;07/07/2022;2022;7;21:31:00;Fallo climatizacion;Vehiculo;Baja;FALSO;22;FALSO;28478
1385;33270;7;7;3;28/05/2023;2023;5;14:53:00;Averia mecanica;Vehiculo;Alta;VERDADERO;47;FALSO;166633
1386;16096;11;25;1;29/05/2023;2023;5;19:53:00;Pasajero enfermo;Servicio;Media;FALSO;5;FALSO;6034
1387;8905;2;2;4;24/04/2022;2022;4;13:02:00;Obras calzada;Externo;Media;FALSO;33;FALSO;0
1388;8407;8;8;9;18/10/2023;2023;10;15:59:00;Retencion trafico;Externo;Baja;FALSO;5;FALSO;2632
1389;5013;16;2;5;27/06/2022;2022;6;11:51:00;Huelga parcial;Operacional;Alta;VERDADERO;75;VERDADERO;0
1390;4244;3;17;7;06/12/2022;2022;12;14:31:00;Vandalismo;Seguridad;Media;FALSO;10;FALSO;25449
1391;15419;6;20;7;11/05/2024;2024;5;14:30:00;Huelga parcial;Operacional;Alta;VERDADERO;35;VERDADERO;0
1392;41124;7;21;10;03/08/2022;2022;8;0:38:00;Pinchazo;Vehiculo;Media;VERDADERO;5;VERDADERO;3447
1393;29756;21;21;6;26/02/2022;2022;2;8:35:00;Fallo climatizacion;Vehiculo;Baja;FALSO;66;FALSO;9958
1394;32164;35;21;6;28/02/2023;2023;2;14:40:00;Condiciones meteo;Externo;Media;FALSO;19;FALSO;0
1395;31980;19;5;5;04/01/2022;2022;1;21:03:00;Accidente leve;Seguridad;Alta;VERDADERO;88;FALSO;128564
1396;36444;31;17;2;13/01/2023;2023;1;16:21:00;Obras calzada;Externo;Media;FALSO;7;FALSO;0
1397;16482;19;19;6;02/08/2023;2023;8;16:12:00;Obras calzada;Externo;Media;FALSO;5;FALSO;0
1398;1115;24;24;4;25/12/2022;2022;12;7:00:00;Fallo climatizacion;Vehiculo;Baja;FALSO;5;FALSO;19738
1399;14876;9;9;3;20/10/2024;2024;10;20:00:00;Averia mecanica;Vehiculo;Alta;VERDADERO;112;VERDADERO;256958
1400;6267;10;24;10;09/08/2022;2022;8;23:23:00;Accidente leve;Seguridad;Alta;VERDADERO;45;VERDADERO;378893
1401;39209;24;10;1;10/11/2024;2024;11;18:44:00;Accidente leve;Seguridad;Alta;VERDADERO;11;VERDADERO;146453
1402;32427;4;4;4;19/04/2023;2023;4;19:40:00;Averia mecanica;Vehiculo;Alta;VERDADERO;44;VERDADERO;92949
1403;11918;33;19;6;22/04/2022;2022;4;15:52:00;Huelga parcial;Operacional;Alta;VERDADERO;60;FALSO;0
1404;23181;40;26;8;20/09/2024;2024;9;11:41:00;Condiciones meteo;Externo;Media;FALSO;28;FALSO;0
1405;41354;27;27;1;06/07/2023;2023;7;19:43:00;Accidente leve;Seguridad;Alta;VERDADERO;5;VERDADERO;25190
1406;35149;38;10;7;11/01/2022;2022;1;7:22:00;Fallo climatizacion;Vehiculo;Baja;FALSO;28;FALSO;17248
1407;30573;40;26;1;24/03/2024;2024;3;8:46:00;Retencion trafico;Externo;Baja;FALSO;18;FALSO;3046
1408;47807;12;12;3;10/08/2023;2023;8;6:24:00;Fallo electrico;Vehiculo;Alta;VERDADERO;54;VERDADERO;10177
1409;45286;11;11;5;28/11/2024;2024;11;6:53:00;Pasajero enfermo;Servicio;Media;FALSO;15;FALSO;7588
1410;42791;36;8;7;18/08/2022;2022;8;8:13:00;Huelga parcial;Operacional;Alta;VERDADERO;114;VERDADERO;0
1411;20997;40;26;7;09/02/2023;2023;2;21:11:00;Fallo climatizacion;Vehiculo;Baja;FALSO;13;FALSO;13424
1412;34299;28;28;3;21/09/2024;2024;9;16:00:00;Obras calzada;Externo;Media;FALSO;6;FALSO;0
1413;22049;42;14;6;21/07/2022;2022;7;9:21:00;Fallo electrico;Vehiculo;Alta;VERDADERO;86;VERDADERO;189237
1414;2529;10;10;10;26/01/2022;2022;1;23:50:00;Condiciones meteo;Externo;Media;FALSO;34;FALSO;0
1415;30519;28;28;7;23/02/2023;2023;2;6:24:00;Condiciones meteo;Externo;Media;FALSO;35;FALSO;0
1416;29541;16;2;6;21/04/2023;2023;4;20:29:00;Accidente grave;Seguridad;Critica;VERDADERO;25;VERDADERO;370062
1417;27441;16;2;10;17/12/2023;2023;12;0:00:00;Condiciones meteo;Externo;Media;FALSO;7;FALSO;0
1418;43855;8;8;4;25/11/2023;2023;11;15:00:00;Averia mecanica;Vehiculo;Alta;VERDADERO;19;VERDADERO;180184
1419;26939;18;4;9;01/03/2022;2022;3;12:42:00;Pinchazo;Vehiculo;Media;VERDADERO;30;VERDADERO;12922
1420;2985;4;18;9;05/08/2024;2024;8;18:02:00;Pinchazo;Vehiculo;Media;VERDADERO;5;FALSO;3878
1421;14774;33;19;1;09/07/2024;2024;7;11:32:00;Pinchazo;Vehiculo;Media;VERDADERO;42;FALSO;16746
1422;27928;41;13;8;21/04/2022;2022;4;16:33:00;Averia mecanica;Vehiculo;Alta;VERDADERO;54;VERDADERO;118196
1423;22426;41;27;7;20/06/2024;2024;6;11:30:00;Pasajero enfermo;Servicio;Media;FALSO;38;FALSO;7916
1424;26390;15;15;10;15/03/2022;2022;3;0:50:00;Obras calzada;Externo;Media;FALSO;15;FALSO;0
1425;42169;2;2;5;07/03/2024;2024;3;13:52:00;Vandalismo;Seguridad;Media;FALSO;38;FALSO;29176
1426;45903;40;12;10;17/11/2024;2024;11;0:39:00;Vandalismo;Seguridad;Media;FALSO;18;FALSO;60439
1427;19186;35;7;9;13/08/2024;2024;8;17:36:00;Retencion trafico;Externo;Baja;FALSO;17;FALSO;2274
1428;18987;4;4;6;21/11/2024;2024;11;21:57:00;Vandalismo;Seguridad;Media;FALSO;20;FALSO;48414
1429;29621;12;26;7;18/08/2022;2022;8;22:32:00;Averia mecanica;Vehiculo;Alta;VERDADERO;15;VERDADERO;195741
1430;20561;24;10;3;08/01/2024;2024;1;9:40:00;Obras calzada;Externo;Media;FALSO;7;FALSO;0
1431;35150;39;11;5;26/04/2023;2023;4;18:51:00;Huelga parcial;Operacional;Alta;VERDADERO;90;VERDADERO;0
1432;24235;2;16;2;31/08/2024;2024;8;10:31:00;Vandalismo;Seguridad;Media;FALSO;19;FALSO;48007
1433;15434;21;7;5;18/08/2023;2023;8;9:11:00;Pinchazo;Vehiculo;Media;VERDADERO;6;VERDADERO;1006
1434;2864;9;9;9;25/07/2023;2023;7;18:10:00;Obras calzada;Externo;Media;FALSO;18;FALSO;0
1435;23220;37;9;9;21/10/2022;2022;10;14:41:00;Vandalismo;Seguridad;Media;FALSO;46;FALSO;50911
1436;16663;32;4;9;03/02/2024;2024;2;10:02:00;Vandalismo;Seguridad;Media;FALSO;17;FALSO;12889
1437;15768;19;5;2;25/12/2024;2024;12;10:59:00;Pasajero enfermo;Servicio;Media;FALSO;26;FALSO;7448
1438;14479;32;4;2;04/12/2023;2023;12;10:10:00;Accidente grave;Seguridad;Critica;VERDADERO;9;VERDADERO;1445664
1439;9956;3;17;3;07/07/2022;2022;7;12:30:00;Pasajero enfermo;Servicio;Media;FALSO;5;FALSO;936
1440;31403;30;16;8;03/04/2024;2024;4;7:20:00;Obras calzada;Externo;Media;FALSO;5;FALSO;0
1441;21050;9;23;4;18/08/2023;2023;8;9:01:00;Pasajero enfermo;Servicio;Media;FALSO;19;FALSO;817
1442;34970;27;27;8;17/06/2024;2024;6;11:54:00;Vandalismo;Seguridad;Media;FALSO;15;FALSO;36208
1443;24269;36;22;3;12/12/2024;2024;12;9:31:00;Accidente grave;Seguridad;Critica;VERDADERO;5;VERDADERO;1019841
1444;23205;22;22;8;14/08/2022;2022;8;16:01:00;Pinchazo;Vehiculo;Media;VERDADERO;5;VERDADERO;18394
1445;3378;19;19;1;15/05/2022;2022;5;6:24:00;Vandalismo;Seguridad;Media;FALSO;29;FALSO;45408
1446;1600;5;5;9;08/01/2023;2023;1;18:01:00;Obras calzada;Externo;Media;FALSO;15;FALSO;0
1447;477;16;2;6;10/02/2023;2023;2;18:03:00;Fallo climatizacion;Vehiculo;Baja;FALSO;5;FALSO;29109
1448;10799;6;20;10;11/12/2024;2024;12;5:29:00;Accidente grave;Seguridad;Critica;VERDADERO;14;VERDADERO;415272
1449;8640;31;17;7;31/01/2024;2024;1;12:31:00;Condiciones meteo;Externo;Media;FALSO;5;FALSO;0
1450;22143;10;24;6;23/01/2023;2023;1;14:11:00;Obras calzada;Externo;Media;FALSO;32;FALSO;0
1451;22183;8;8;10;21/01/2024;2024;1;0:29:00;Condiciones meteo;Externo;Media;FALSO;5;FALSO;0
1452;9933;22;22;8;17/09/2024;2024;9;17:23:00;Vandalismo;Seguridad;Media;FALSO;5;FALSO;43463
1453;21047;6;20;5;14/01/2024;2024;1;21:42:00;Pinchazo;Vehiculo;Media;VERDADERO;37;VERDADERO;16245
1454;45443;42;28;9;15/12/2023;2023;12;7:11:00;Pinchazo;Vehiculo;Media;VERDADERO;9;FALSO;29865
1455;36232;29;1;4;05/12/2023;2023;12;21:27:00;Averia mecanica;Vehiculo;Alta;VERDADERO;5;FALSO;228131
1456;43953;22;22;10;05/06/2024;2024;6;23:31:00;Pinchazo;Vehiculo;Media;VERDADERO;8;VERDADERO;9653
1457;38327;24;24;6;18/05/2023;2023;5;6:00:00;Condiciones meteo;Externo;Media;FALSO;11;FALSO;0
1458;38593;38;10;8;26/11/2024;2024;11;17:32:00;Pasajero enfermo;Servicio;Media;FALSO;17;FALSO;5492
1459;17782;17;3;5;07/02/2024;2024;2;21:50:00;Condiciones meteo;Externo;Media;FALSO;5;FALSO;0
1460;29876;15;1;4;12/04/2023;2023;4;20:01:00;Accidente grave;Seguridad;Critica;VERDADERO;54;FALSO;1322337
1461;31071;34;20;6;27/08/2024;2024;8;17:01:00;Fallo electrico;Vehiculo;Alta;VERDADERO;5;VERDADERO;144165
1462;22257;40;26;5;30/09/2022;2022;9;17:36:00;Averia mecanica;Vehiculo;Alta;VERDADERO;9;FALSO;234249
1463;9460;11;25;9;28/08/2023;2023;8;9:52:00;Condiciones meteo;Externo;Media;FALSO;5;FALSO;0
1464;10666;41;27;9;06/11/2022;2022;11;12:00:00;Accidente leve;Seguridad;Alta;VERDADERO;30;FALSO;107171
1465;8332;17;17;1;23/11/2022;2022;11;21:20:00;Accidente grave;Seguridad;Critica;VERDADERO;24;VERDADERO;1246378
1466;25866;37;23;1;26/11/2024;2024;11;19:48:00;Fallo electrico;Vehiculo;Alta;VERDADERO;71;VERDADERO;161675
1467;48002;39;11;10;29/04/2024;2024;4;23:03:00;Accidente grave;Seguridad;Critica;VERDADERO;19;VERDADERO;85361
1468;17555;42;28;4;27/10/2023;2023;10;7:57:00;Fallo climatizacion;Vehiculo;Baja;FALSO;31;FALSO;10205
1469;38887;38;24;3;15/09/2023;2023;9;11:41:00;Huelga parcial;Operacional;Alta;VERDADERO;89;VERDADERO;0
1470;28591;32;4;8;22/11/2022;2022;11;18:31:00;Fallo electrico;Vehiculo;Alta;VERDADERO;138;VERDADERO;14356
1471;15303;16;16;7;17/02/2024;2024;2;19:31:00;Retencion trafico;Externo;Baja;FALSO;104;FALSO;4472
1472;27981;10;10;7;23/11/2022;2022;11;13:55:00;Fallo climatizacion;Vehiculo;Baja;FALSO;19;FALSO;14299
1473;19594;23;23;1;23/11/2022;2022;11;16:52:00;Retencion trafico;Externo;Baja;FALSO;25;FALSO;3325
1474;11840;39;25;2;22/01/2022;2022;1;10:33:00;Retencion trafico;Externo;Baja;FALSO;19;FALSO;3389
1475;19063;38;24;5;24/06/2024;2024;6;7:11:00;Obras calzada;Externo;Media;FALSO;10;FALSO;0
1476;26701;32;18;1;16/11/2022;2022;11;21:11:00;Condiciones meteo;Externo;Media;FALSO;5;FALSO;0
1477;39869;12;26;9;10/06/2022;2022;6;17:17:00;Vandalismo;Seguridad;Media;FALSO;14;FALSO;2607
1478;18827;12;12;5;02/05/2023;2023;5;10:10:00;Accidente grave;Seguridad;Critica;VERDADERO;9;FALSO;124630
1479;44783;12;12;5;29/09/2023;2023;9;9:31:00;Averia mecanica;Vehiculo;Alta;VERDADERO;27;VERDADERO;20521
1480;13474;35;7;10;19/03/2024;2024;3;5:50:00;Pasajero enfermo;Servicio;Media;FALSO;5;FALSO;4867
1481;1812;7;21;4;16/05/2024;2024;5;12:46:00;Averia mecanica;Vehiculo;Alta;VERDADERO;5;VERDADERO;138616
1482;5577;34;6;4;24/03/2022;2022;3;19:40:00;Accidente grave;Seguridad;Critica;VERDADERO;59;VERDADERO;243231
1483;13605;40;26;3;13/06/2024;2024;6;16:06:00;Fallo electrico;Vehiculo;Alta;VERDADERO;94;VERDADERO;168672
1484;45815;36;8;4;24/11/2024;2024;11;16:30:00;Pinchazo;Vehiculo;Media;VERDADERO;20;VERDADERO;19127
1485;19288;11;25;6;21/03/2022;2022;3;15:46:00;Condiciones meteo;Externo;Media;FALSO;13;FALSO;0
1486;45445;2;2;2;24/02/2022;2022;2;14:20:00;Huelga parcial;Operacional;Alta;VERDADERO;61;VERDADERO;0
1487;2214;31;3;6;09/05/2022;2022;5;11:22:00;Fallo electrico;Vehiculo;Alta;VERDADERO;7;FALSO;15731
1488;27631;38;24;6;25/03/2022;2022;3;10:20:00;Condiciones meteo;Externo;Media;FALSO;5;FALSO;0
1489;43905;16;2;8;18/02/2024;2024;2;20:49:00;Pinchazo;Vehiculo;Media;VERDADERO;36;VERDADERO;23716
1490;30732;31;17;9;03/12/2024;2024;12;16:21:00;Pinchazo;Vehiculo;Media;VERDADERO;5;VERDADERO;10824
1491;21256;5;5;9;03/09/2023;2023;9;21:21:00;Pinchazo;Vehiculo;Media;VERDADERO;7;VERDADERO;24886
1492;22983;10;24;6;20/04/2023;2023;4;13:30:00;Accidente grave;Seguridad;Critica;VERDADERO;59;VERDADERO;981698
1493;16040;39;25;8;04/10/2022;2022;10;10:10:00;Vandalismo;Seguridad;Media;FALSO;8;FALSO;59894
1494;2673;28;14;5;05/12/2022;2022;12;11:51:00;Accidente leve;Seguridad;Alta;VERDADERO;9;VERDADERO;319814
1495;29364;7;21;6;21/05/2023;2023;5;14:31:00;Pasajero enfermo;Servicio;Media;FALSO;26;FALSO;4832
1496;2609;6;6;10;24/10/2024;2024;10;23:23:00;Fallo climatizacion;Vehiculo;Baja;FALSO;6;FALSO;29337
1497;20497;2;2;6;03/09/2024;2024;9;8:27:00;Vandalismo;Seguridad;Media;FALSO;38;FALSO;43483
1498;47609;24;10;5;24/01/2024;2024;1;10:55:00;Retencion trafico;Externo;Baja;FALSO;9;FALSO;345
1499;5160;37;9;7;14/11/2024;2024;11;9:10:00;Huelga parcial;Operacional;Alta;VERDADERO;114;VERDADERO;0
1500;39382;29;15;9;22/10/2023;2023;10;7:06:00;Obras calzada;Externo;Media;FALSO;6;FALSO;0
1501;35577;4;18;2;23/09/2022;2022;9;15:45:00;Pinchazo;Vehiculo;Media;VERDADERO;5;VERDADERO;8353
1502;34235;6;20;10;07/07/2022;2022;7;23:52:00;Pinchazo;Vehiculo;Media;VERDADERO;23;VERDADERO;18094
1503;32778;19;19;8;03/08/2023;2023;8;19:16:00;Retencion trafico;Externo;Baja;FALSO;30;FALSO;1243
1504;11402;21;7;7;28/08/2023;2023;8;20:25:00;Averia mecanica;Vehiculo;Alta;VERDADERO;250;VERDADERO;131941
1505;10505;6;6;8;06/02/2023;2023;2;12:02:00;Obras calzada;Externo;Media;FALSO;5;FALSO;0
1506;33527;12;12;6;18/03/2024;2024;3;19:12:00;Accidente grave;Seguridad;Critica;VERDADERO;47;VERDADERO;1365061
1507;41590;11;11;8;16/04/2022;2022;4;21:50:00;Accidente leve;Seguridad;Alta;VERDADERO;73;FALSO;288715
1508;5755;2;16;9;03/06/2022;2022;6;21:30:00;Obras calzada;Externo;Media;FALSO;38;FALSO;0
1509;44771;42;28;10;24/12/2024;2024;12;1:24:00;Vandalismo;Seguridad;Media;FALSO;11;FALSO;58941
1510;22012;5;5;9;27/09/2024;2024;9;13:20:00;Fallo climatizacion;Vehiculo;Baja;FALSO;52;FALSO;20061
1511;45389;30;2;4;30/03/2023;2023;3;19:32:00;Retencion trafico;Externo;Baja;FALSO;5;FALSO;1739
1512;20938;23;23;5;10/05/2024;2024;5;20:01:00;Pinchazo;Vehiculo;Media;VERDADERO;27;VERDADERO;10248
1513;21935;12;12;10;19/05/2022;2022;5;23:22:00;Accidente grave;Seguridad;Critica;VERDADERO;71;FALSO;738291
1514;8035;14;28;8;19/07/2022;2022;7;19:43:00;Pasajero enfermo;Servicio;Media;FALSO;8;FALSO;2904
1515;7127;30;16;10;17/12/2024;2024;12;23:16:00;Vandalismo;Seguridad;Media;FALSO;8;FALSO;49896
1516;47616;31;17;6;07/12/2023;2023;12;6:12:00;Accidente grave;Seguridad;Critica;VERDADERO;5;VERDADERO;801707
1517;47791;38;24;8;31/01/2023;2023;1;8:32:00;Pasajero enfermo;Servicio;Media;FALSO;35;FALSO;1687
1518;46123;8;8;2;06/09/2022;2022;9;15:26:00;Fallo electrico;Vehiculo;Alta;VERDADERO;15;FALSO;171746
1519;35847;22;8;3;17/06/2024;2024;6;19:54:00;Averia mecanica;Vehiculo;Alta;VERDADERO;77;VERDADERO;189052
1520;34583;18;4;2;13/03/2022;2022;3;7:41:00;Fallo electrico;Vehiculo;Alta;VERDADERO;5;VERDADERO;92778
1521;13083;22;8;6;06/12/2022;2022;12;19:14:00;Accidente grave;Seguridad;Critica;VERDADERO;5;VERDADERO;731944
1522;40647;34;20;8;27/09/2024;2024;9;10:10:00;Vandalismo;Seguridad;Media;FALSO;44;FALSO;61288
1523;21906;25;11;1;23/09/2024;2024;9;11:11:00;Obras calzada;Externo;Media;FALSO;18;FALSO;0
1524;25239;40;12;1;16/04/2024;2024;4;16:23:00;Huelga parcial;Operacional;Alta;VERDADERO;32;FALSO;0
1525;35976;25;25;7;07/07/2023;2023;7;17:57:00;Huelga parcial;Operacional;Alta;VERDADERO;66;VERDADERO;0
1526;6497;30;2;3;23/11/2022;2022;11;13:36:00;Obras calzada;Externo;Media;FALSO;10;FALSO;0
1527;43694;15;15;10;11/05/2024;2024;5;23:51:00;Huelga parcial;Operacional;Alta;VERDADERO;89;VERDADERO;0
1528;33525;10;10;8;07/04/2022;2022;4;19:53:00;Fallo electrico;Vehiculo;Alta;VERDADERO;75;FALSO;70991
1529;20702;39;11;3;25/12/2023;2023;12;19:11:00;Fallo climatizacion;Vehiculo;Baja;FALSO;18;FALSO;23582
1530;13313;42;14;7;12/01/2024;2024;1;6:23:00;Condiciones meteo;Externo;Media;FALSO;7;FALSO;0
1531;10037;42;14;3;21/12/2023;2023;12;6:46:00;Pinchazo;Vehiculo;Media;VERDADERO;11;VERDADERO;1387
1532;14165;12;26;2;16/04/2024;2024;4;6:15:00;Condiciones meteo;Externo;Media;FALSO;50;FALSO;0
1533;31155;34;20;6;09/03/2023;2023;3;12:10:00;Retencion trafico;Externo;Baja;FALSO;38;FALSO;4351
1534;24949;2;2;10;10/01/2022;2022;1;23:10:00;Pinchazo;Vehiculo;Media;VERDADERO;5;VERDADERO;16471
1535;35309;30;2;8;15/06/2023;2023;6;6:50:00;Obras calzada;Externo;Media;FALSO;24;FALSO;0
1536;47764;11;25;4;11/01/2022;2022;1;12:10:00;Pinchazo;Vehiculo;Media;VERDADERO;5;FALSO;17757
1537;32908;23;9;4;27/02/2024;2024;2;13:31:00;Huelga parcial;Operacional;Alta;VERDADERO;254;FALSO;0
1538;45610;41;27;10;10/07/2023;2023;7;23:31:00;Accidente grave;Seguridad;Critica;VERDADERO;27;VERDADERO;943438
1539;5254;5;19;10;17/11/2024;2024;11;4:02:00;Retencion trafico;Externo;Baja;FALSO;9;FALSO;432
1540;19105;38;10;6;18/08/2022;2022;8;15:52:00;Obras calzada;Externo;Media;FALSO;6;FALSO;0
1541;32806;5;19;8;07/10/2022;2022;10;9:00:00;Obras calzada;Externo;Media;FALSO;5;FALSO;0
1542;40517;30;2;10;26/07/2024;2024;7;22:12:00;Accidente grave;Seguridad;Critica;VERDADERO;27;FALSO;574439
1543;3883;20;20;1;22/08/2023;2023;8;10:21:00;Fallo electrico;Vehiculo;Alta;VERDADERO;117;FALSO;55318
1544;22989;16;2;8;01/09/2024;2024;9;12:51:00;Pinchazo;Vehiculo;Media;VERDADERO;9;VERDADERO;29257
1545;31225;20;6;3;26/07/2023;2023;7;14:46:00;Fallo climatizacion;Vehiculo;Baja;FALSO;7;FALSO;27941
1546;3419;18;4;1;09/07/2022;2022;7;18:01:00;Vandalismo;Seguridad;Media;FALSO;29;FALSO;45316
1547;38930;39;11;2;25/07/2023;2023;7;17:30:00;Pinchazo;Vehiculo;Media;VERDADERO;35;VERDADERO;16201
1548;23542;23;23;3;09/08/2024;2024;8;18:12:00;Fallo climatizacion;Vehiculo;Baja;FALSO;22;FALSO;5609
1549;26355;22;8;1;25/12/2022;2022;12;9:51:00;Pinchazo;Vehiculo;Media;VERDADERO;6;VERDADERO;33569
1550;19772;33;5;1;07/11/2022;2022;11;20:49:00;Accidente leve;Seguridad;Alta;VERDADERO;5;FALSO;363978
1551;10190;27;27;6;12/04/2023;2023;4;19:17:00;Averia mecanica;Vehiculo;Alta;VERDADERO;12;FALSO;51971
1552;44563;2;16;10;20/09/2023;2023;9;5:50:00;Accidente grave;Seguridad;Critica;VERDADERO;82;VERDADERO;455767
1553;44561;42;14;6;25/11/2024;2024;11;22:12:00;Accidente grave;Seguridad;Critica;VERDADERO;38;VERDADERO;315917
1554;44945;6;6;9;12/12/2022;2022;12;12:36:00;Obras calzada;Externo;Media;FALSO;9;FALSO;0
1555;5196;31;17;5;28/10/2023;2023;10;8:58:00;Averia mecanica;Vehiculo;Alta;VERDADERO;40;VERDADERO;238401
1556;37256;3;17;7;29/11/2023;2023;11;6:28:00;Obras calzada;Externo;Media;FALSO;6;FALSO;0
1557;31611;28;28;7;22/01/2024;2024;1;22:22:00;Huelga parcial;Operacional;Alta;VERDADERO;5;VERDADERO;0
1558;2192;9;9;3;13/03/2024;2024;3;11:52:00;Vandalismo;Seguridad;Media;FALSO;16;FALSO;69942
1559;31040;3;17;8;15/07/2024;2024;7;16:10:00;Obras calzada;Externo;Media;FALSO;25;FALSO;0
1560;46777;32;18;6;30/06/2022;2022;6;19:35:00;Accidente leve;Seguridad;Alta;VERDADERO;167;VERDADERO;381745
1561;7786;17;3;3;10/04/2024;2024;4;6:50:00;Obras calzada;Externo;Media;FALSO;25;FALSO;0
1562;46173;16;2;10;05/07/2022;2022;7;22:51:00;Huelga parcial;Operacional;Alta;VERDADERO;105;VERDADERO;0
1563;42979;14;28;8;23/10/2024;2024;10;12:48:00;Pinchazo;Vehiculo;Media;VERDADERO;5;VERDADERO;25465
1564;48127;38;24;6;20/12/2024;2024;12;10:50:00;Fallo climatizacion;Vehiculo;Baja;FALSO;25;FALSO;19996
1565;3155;6;20;9;21/02/2022;2022;2;11:15:00;Huelga parcial;Operacional;Alta;VERDADERO;47;FALSO;0
1566;22796;33;5;1;15/12/2024;2024;12;13:10:00;Pasajero enfermo;Servicio;Media;FALSO;75;FALSO;7033
1567;29896;35;21;2;15/02/2024;2024;2;10:30:00;Vandalismo;Seguridad;Media;FALSO;16;FALSO;79712
1568;16913;30;2;7;13/10/2022;2022;10;7:52:00;Vandalismo;Seguridad;Media;FALSO;12;FALSO;62408
1569;41043;10;24;3;29/03/2022;2022;3;12:44:00;Accidente leve;Seguridad;Alta;VERDADERO;35;VERDADERO;11700
1570;42716;3;17;7;11/04/2023;2023;4;11:00:00;Fallo climatizacion;Vehiculo;Baja;FALSO;18;FALSO;11154
1571;7442;9;23;3;24/06/2022;2022;6;22:41:00;Condiciones meteo;Externo;Media;FALSO;5;FALSO;0
1572;12849;40;26;9;09/10/2023;2023;10;17:13:00;Averia mecanica;Vehiculo;Alta;VERDADERO;8;FALSO;91968
1573;12620;21;21;9;10/05/2022;2022;5;16:01:00;Fallo electrico;Vehiculo;Alta;VERDADERO;34;FALSO;67009
1574;19747;8;8;9;22/07/2024;2024;7;12:22:00;Retencion trafico;Externo;Baja;FALSO;14;FALSO;3029
1575;1423;38;24;8;16/09/2022;2022;9;8:03:00;Condiciones meteo;Externo;Media;FALSO;19;FALSO;0
1576;26895;16;16;7;16/05/2024;2024;5;11:42:00;Vandalismo;Seguridad;Media;FALSO;20;FALSO;15969
1577;6066;19;19;3;09/06/2022;2022;6;22:43:00;Huelga parcial;Operacional;Alta;VERDADERO;6;FALSO;0
1578;37617;28;14;8;21/04/2022;2022;4;21:43:00;Obras calzada;Externo;Media;FALSO;9;FALSO;0
1579;37029;28;14;8;18/11/2023;2023;11;14:01:00;Obras calzada;Externo;Media;FALSO;7;FALSO;0
1580;43198;23;23;10;08/02/2024;2024;2;23:31:00;Huelga parcial;Operacional;Alta;VERDADERO;30;FALSO;0
1581;29229;40;26;4;18/09/2023;2023;9;14:22:00;Obras calzada;Externo;Media;FALSO;5;FALSO;0
1582;29836;17;17;4;04/07/2022;2022;7;13:40:00;Pasajero enfermo;Servicio;Media;FALSO;5;FALSO;25
1583;22686;7;7;7;01/08/2022;2022;8;15:01:00;Condiciones meteo;Externo;Media;FALSO;8;FALSO;0
1584;22342;41;27;5;23/07/2022;2022;7;10:30:00;Accidente grave;Seguridad;Critica;VERDADERO;5;FALSO;385429
1585;45714;19;19;8;17/12/2024;2024;12;7:24:00;Condiciones meteo;Externo;Media;FALSO;5;FALSO;0
1586;34760;27;13;8;07/09/2024;2024;9;17:14:00;Fallo climatizacion;Vehiculo;Baja;FALSO;11;FALSO;11015
1587;5216;9;9;8;16/08/2024;2024;8;11:35:00;Pinchazo;Vehiculo;Media;VERDADERO;19;FALSO;16445
1588;48813;10;10;6;09/12/2024;2024;12;13:12:00;Huelga parcial;Operacional;Alta;VERDADERO;15;FALSO;0
1589;44918;21;7;3;28/06/2024;2024;6;20:52:00;Accidente leve;Seguridad;Alta;VERDADERO;75;VERDADERO;253211
1590;39365;12;26;9;03/02/2022;2022;2;20:31:00;Vandalismo;Seguridad;Media;FALSO;5;FALSO;53314
1591;47379;4;4;2;08/03/2022;2022;3;19:39:00;Fallo electrico;Vehiculo;Alta;VERDADERO;72;FALSO;56539
1592;2900;3;17;4;17/02/2023;2023;2;11:40:00;Huelga parcial;Operacional;Alta;VERDADERO;28;VERDADERO;0
1593;13308;37;9;9;10/07/2022;2022;7;16:50:00;Obras calzada;Externo;Media;FALSO;16;FALSO;0
1594;18862;5;19;3;19/01/2022;2022;1;12:02:00;Fallo climatizacion;Vehiculo;Baja;FALSO;75;FALSO;5137
1595;14161;8;22;4;30/03/2022;2022;3;7:40:00;Fallo climatizacion;Vehiculo;Baja;FALSO;8;FALSO;24462
1596;15154;35;7;9;17/02/2024;2024;2;10:32:00;Accidente leve;Seguridad;Alta;VERDADERO;31;VERDADERO;352589
1597;2562;1;15;10;27/12/2022;2022;12;3:31:00;Averia mecanica;Vehiculo;Alta;VERDADERO;39;FALSO;218361
1598;7309;2;2;8;14/05/2024;2024;5;10:20:00;Averia mecanica;Vehiculo;Alta;VERDADERO;8;VERDADERO;65921
1599;19224;31;17;7;30/06/2023;2023;6;9:58:00;Fallo climatizacion;Vehiculo;Baja;FALSO;18;FALSO;11142
1600;39544;23;9;4;30/09/2024;2024;9;20:31:00;Accidente leve;Seguridad;Alta;VERDADERO;5;VERDADERO;334249
1601;33681;40;26;1;20/10/2023;2023;10;21:34:00;Averia mecanica;Vehiculo;Alta;VERDADERO;7;VERDADERO;21386
1602;39098;39;11;9;15/09/2023;2023;9;18:32:00;Pasajero enfermo;Servicio;Media;FALSO;24;FALSO;1576
1603;44841;28;14;5;10/03/2023;2023;3;10:58:00;Huelga parcial;Operacional;Alta;VERDADERO;5;VERDADERO;0
1604;44615;12;12;2;03/05/2022;2022;5;13:53:00;Pinchazo;Vehiculo;Media;VERDADERO;5;VERDADERO;32258
1605;27192;19;5;1;24/09/2023;2023;9;12:15:00;Retencion trafico;Externo;Baja;FALSO;28;FALSO;2151
1606;17477;6;6;4;21/07/2022;2022;7;14:00:00;Condiciones meteo;Externo;Media;FALSO;19;FALSO;0
1607;14804;21;21;5;19/03/2024;2024;3;21:09:00;Accidente grave;Seguridad;Critica;VERDADERO;18;FALSO;318356
1608;26838;1;15;5;21/07/2023;2023;7;8:53:00;Fallo climatizacion;Vehiculo;Baja;FALSO;26;FALSO;28436
1609;10263;16;16;5;24/06/2023;2023;6;16:01:00;Retencion trafico;Externo;Baja;FALSO;8;FALSO;2857
1610;44191;8;8;7;30/03/2022;2022;3;17:12:00;Condiciones meteo;Externo;Media;FALSO;20;FALSO;0
1611;43279;20;20;7;17/04/2024;2024;4;13:52:00;Obras calzada;Externo;Media;FALSO;12;FALSO;0
1612;30949;38;10;2;29/09/2024;2024;9;20:04:00;Accidente grave;Seguridad;Critica;VERDADERO;10;VERDADERO;90225
1613;42990;25;11;4;28/06/2022;2022;6;8:00:00;Fallo electrico;Vehiculo;Alta;VERDADERO;33;FALSO;147973
1614;19710;13;27;3;11/06/2023;2023;6;9:51:00;Retencion trafico;Externo;Baja;FALSO;5;FALSO;239
1615;28469;36;22;7;27/03/2024;2024;3;7:39:00;Huelga parcial;Operacional;Alta;VERDADERO;46;FALSO;0
1616;544;41;13;6;11/08/2024;2024;8;16:20:00;Accidente grave;Seguridad;Critica;VERDADERO;5;VERDADERO;485794
1617;23823;10;24;6;02/01/2022;2022;1;19:34:00;Fallo climatizacion;Vehiculo;Baja;FALSO;5;FALSO;691
1618;28067;12;12;5;26/04/2023;2023;4;13:01:00;Vandalismo;Seguridad;Media;FALSO;5;FALSO;55166
1619;34416;19;5;6;23/07/2024;2024;7;6:41:00;Huelga parcial;Operacional;Alta;VERDADERO;45;VERDADERO;0
1620;39628;23;9;5;25/02/2023;2023;2;20:00:00;Averia mecanica;Vehiculo;Alta;VERDADERO;10;VERDADERO;177946
1621;1164;31;17;8;20/08/2024;2024;8;21:00:00;Pinchazo;Vehiculo;Media;VERDADERO;33;FALSO;31283
1622;29747;12;12;9;21/01/2022;2022;1;11:42:00;Retencion trafico;Externo;Baja;FALSO;9;FALSO;2756
1623;2211;28;28;5;08/11/2023;2023;11;12:30:00;Pasajero enfermo;Servicio;Media;FALSO;5;FALSO;3539
1624;23002;29;15;5;02/12/2022;2022;12;11:52:00;Retencion trafico;Externo;Baja;FALSO;62;FALSO;2875
1625;32301;4;18;1;29/03/2024;2024;3;20:46:00;Accidente leve;Seguridad;Alta;VERDADERO;267;FALSO;12186
1626;46321;38;10;9;11/12/2023;2023;12;21:30:00;Averia mecanica;Vehiculo;Alta;VERDADERO;7;VERDADERO;87763
1627;28828;17;17;7;13/04/2023;2023;4;14:56:00;Condiciones meteo;Externo;Media;FALSO;25;FALSO;0
1628;44405;12;26;5;13/07/2022;2022;7;11:40:00;Pinchazo;Vehiculo;Media;VERDADERO;37;VERDADERO;33054
1629;18199;14;28;3;12/10/2022;2022;10;10:03:00;Accidente grave;Seguridad;Critica;VERDADERO;6;VERDADERO;1310698
1630;1902;13;27;4;17/12/2023;2023;12;20:43:00;Pinchazo;Vehiculo;Media;VERDADERO;20;FALSO;21173
1631;37461;40;26;6;04/04/2024;2024;4;7:48:00;Accidente leve;Seguridad;Alta;VERDADERO;106;VERDADERO;381808
1632;17693;12;26;3;17/08/2024;2024;8;10:11:00;Condiciones meteo;Externo;Media;FALSO;5;FALSO;0
1633;28201;20;6;5;27/09/2024;2024;9;7:14:00;Pasajero enfermo;Servicio;Media;FALSO;26;FALSO;8487
1634;24783;4;4;5;13/03/2024;2024;3;17:25:00;Vandalismo;Seguridad;Media;FALSO;7;FALSO;21636
1635;28969;32;18;7;04/12/2024;2024;12;9:10:00;Obras calzada;Externo;Media;FALSO;10;FALSO;0
1636;38889;40;26;1;31/08/2023;2023;8;11:08:00;Condiciones meteo;Externo;Media;FALSO;58;FALSO;0
1637;35969;18;18;1;26/01/2022;2022;1;20:02:00;Averia mecanica;Vehiculo;Alta;VERDADERO;51;FALSO;57603
1638;30876;7;21;10;26/10/2023;2023;10;23:21:00;Obras calzada;Externo;Media;FALSO;25;FALSO;0
1639;38949;16;2;1;13/04/2024;2024;4;6:46:00;Fallo electrico;Vehiculo;Alta;VERDADERO;154;VERDADERO;138681
1640;15360;31;17;10;29/06/2024;2024;6;22:40:00;Condiciones meteo;Externo;Media;FALSO;16;FALSO;0
1641;42752;39;25;10;12/06/2024;2024;6;22:30:00;Condiciones meteo;Externo;Media;FALSO;24;FALSO;0
1642;44470;35;7;7;09/07/2022;2022;7;6:54:00;Pinchazo;Vehiculo;Media;VERDADERO;51;VERDADERO;29759
1643;19715;18;4;6;03/11/2023;2023;11;22:01:00;Accidente grave;Seguridad;Critica;VERDADERO;94;VERDADERO;1338966
1644;11608;17;17;7;17/10/2024;2024;10;9:31:00;Huelga parcial;Operacional;Alta;VERDADERO;11;VERDADERO;0
1645;36168;7;21;5;08/09/2023;2023;9;14:04:00;Accidente leve;Seguridad;Alta;VERDADERO;153;VERDADERO;135494
1646;35572;41;13;5;28/04/2023;2023;4;11:32:00;Accidente grave;Seguridad;Critica;VERDADERO;5;VERDADERO;1469616
1647;30442;35;7;4;04/09/2023;2023;9;12:10:00;Condiciones meteo;Externo;Media;FALSO;20;FALSO;0
1648;39647;42;28;5;11/06/2024;2024;6;11:20:00;Retencion trafico;Externo;Baja;FALSO;8;FALSO;1029
1649;45247;14;28;7;21/08/2023;2023;8;17:30:00;Obras calzada;Externo;Media;FALSO;17;FALSO;0
1650;10435;20;20;1;17/10/2024;2024;10;8:25:00;Pinchazo;Vehiculo;Media;VERDADERO;13;VERDADERO;10014
1651;45592;23;9;7;13/01/2022;2022;1;11:03:00;Pasajero enfermo;Servicio;Media;FALSO;5;FALSO;7195
1652;33541;26;26;8;13/05/2022;2022;5;14:01:00;Pasajero enfermo;Servicio;Media;FALSO;5;FALSO;2383
1653;4163;6;20;7;14/03/2024;2024;3;11:50:00;Condiciones meteo;Externo;Media;FALSO;68;FALSO;0
1654;24262;29;15;7;02/09/2022;2022;9;10:16:00;Huelga parcial;Operacional;Alta;VERDADERO;6;VERDADERO;0
1655;27619;26;12;5;01/02/2022;2022;2;20:16:00;Fallo climatizacion;Vehiculo;Baja;FALSO;6;FALSO;6536
1656;17467;38;24;7;29/01/2022;2022;1;22:50:00;Fallo electrico;Vehiculo;Alta;VERDADERO;14;VERDADERO;150849
1657;2442;7;7;7;31/03/2023;2023;3;10:00:00;Vandalismo;Seguridad;Media;FALSO;7;FALSO;46257
1658;6212;39;25;1;01/01/2022;2022;1;6:42:00;Retencion trafico;Externo;Baja;FALSO;12;FALSO;3068
1659;16369;32;18;7;20/02/2024;2024;2;11:51:00;Accidente leve;Seguridad;Alta;VERDADERO;65;VERDADERO;83976
1660;6897;10;10;8;05/09/2024;2024;9;11:30:00;Averia mecanica;Vehiculo;Alta;VERDADERO;5;VERDADERO;267373
1661;27591;40;12;5;20/09/2023;2023;9;11:00:00;Fallo climatizacion;Vehiculo;Baja;FALSO;21;FALSO;18761
1662;27722;3;3;2;08/08/2024;2024;8;20:32:00;Fallo climatizacion;Vehiculo;Baja;FALSO;38;FALSO;11506
1663;6401;18;18;10;20/11/2024;2024;11;23:29:00;Averia mecanica;Vehiculo;Alta;VERDADERO;10;VERDADERO;261714
1664;46283;42;28;4;17/04/2023;2023;4;7:39:00;Vandalismo;Seguridad;Media;FALSO;27;FALSO;62148
1665;30128;15;1;7;05/09/2024;2024;9;12:11:00;Vandalismo;Seguridad;Media;FALSO;8;FALSO;77712
1666;19028;3;17;4;09/09/2023;2023;9;11:00:00;Vandalismo;Seguridad;Media;FALSO;5;FALSO;4992
1667;33822;13;27;8;19/05/2024;2024;5;11:02:00;Pasajero enfermo;Servicio;Media;FALSO;18;FALSO;891
1668;32757;40;26;7;25/03/2024;2024;3;16:30:00;Condiciones meteo;Externo;Media;FALSO;22;FALSO;0
1669;47478;19;19;5;10/11/2022;2022;11;21:00:00;Vandalismo;Seguridad;Media;FALSO;61;FALSO;42101
1670;31633;8;22;5;22/09/2022;2022;9;22:07:00;Averia mecanica;Vehiculo;Alta;VERDADERO;200;VERDADERO;70567
1671;18559;38;24;1;27/09/2022;2022;9;6:01:00;Condiciones meteo;Externo;Media;FALSO;12;FALSO;0
1672;16626;37;23;3;03/01/2024;2024;1;9:33:00;Accidente leve;Seguridad;Alta;VERDADERO;150;FALSO;373271
1673;17532;19;5;9;16/08/2024;2024;8;17:19:00;Pinchazo;Vehiculo;Media;VERDADERO;64;VERDADERO;27984
1674;37648;17;17;3;22/06/2023;2023;6;17:51:00;Pinchazo;Vehiculo;Media;VERDADERO;37;VERDADERO;32172
1675;33396;7;21;9;01/12/2024;2024;12;22:31:00;Condiciones meteo;Externo;Media;FALSO;5;FALSO;0
1676;17828;21;21;8;15/02/2024;2024;2;13:25:00;Huelga parcial;Operacional;Alta;VERDADERO;85;FALSO;0
1677;14428;23;9;8;09/04/2024;2024;4;15:47:00;Accidente grave;Seguridad;Critica;VERDADERO;5;FALSO;964336
1678;1006;41;27;1;11/12/2023;2023;12;20:56:00;Accidente grave;Seguridad;Critica;VERDADERO;211;VERDADERO;1110054
1679;5489;30;2;1;04/10/2024;2024;10;19:31:00;Huelga parcial;Operacional;Alta;VERDADERO;55;FALSO;0
1680;45616;5;5;3;21/09/2022;2022;9;12:33:00;Accidente leve;Seguridad;Alta;VERDADERO;16;VERDADERO;306154
1681;17407;20;20;5;19/07/2022;2022;7;6:57:00;Accidente leve;Seguridad;Alta;VERDADERO;31;FALSO;297893
1682;455;36;8;5;02/03/2023;2023;3;6:11:00;Pinchazo;Vehiculo;Media;VERDADERO;5;FALSO;31241
1683;4245;4;18;6;30/10/2023;2023;10;18:05:00;Obras calzada;Externo;Media;FALSO;54;FALSO;0
1684;39506;27;27;3;03/07/2024;2024;7;11:36:00;Obras calzada;Externo;Media;FALSO;24;FALSO;0
1685;43384;41;13;9;03/05/2024;2024;5;8:05:00;Fallo climatizacion;Vehiculo;Baja;FALSO;13;FALSO;18718
1686;34293;22;22;7;28/12/2022;2022;12;10:20:00;Condiciones meteo;Externo;Media;FALSO;5;FALSO;0
1687;41414;3;3;10;29/10/2023;2023;10;23:01:00;Fallo electrico;Vehiculo;Alta;VERDADERO;5;VERDADERO;90816
1688;44592;31;17;4;14/12/2023;2023;12;17:00:00;Accidente leve;Seguridad;Alta;VERDADERO;17;FALSO;347102
1689;31954;35;7;10;24/10/2023;2023;10;23:25:00;Condiciones meteo;Externo;Media;FALSO;26;FALSO;0
1690;29981;36;22;7;30/09/2022;2022;9;6:32:00;Averia mecanica;Vehiculo;Alta;VERDADERO;15;VERDADERO;220832
1691;9392;27;13;8;17/01/2023;2023;1;11:30:00;Huelga parcial;Operacional;Alta;VERDADERO;5;VERDADERO;0
1692;22339;38;24;4;29/06/2022;2022;6;19:52:00;Condiciones meteo;Externo;Media;FALSO;5;FALSO;0
1693;11709;34;6;8;05/04/2023;2023;4;7:43:00;Fallo electrico;Vehiculo;Alta;VERDADERO;25;VERDADERO;84661
1694;12967;32;4;5;17/04/2023;2023;4;9:18:00;Fallo electrico;Vehiculo;Alta;VERDADERO;17;FALSO;97958
1695;45665;12;26;8;12/05/2023;2023;5;16:50:00;Pinchazo;Vehiculo;Media;VERDADERO;10;FALSO;11493
1696;12825;16;2;7;10/12/2024;2024;12;16:01:00;Pinchazo;Vehiculo;Media;VERDADERO;11;FALSO;10916
1697;29862;1;15;10;01/01/2022;2022;1;22:24:00;Averia mecanica;Vehiculo;Alta;VERDADERO;5;VERDADERO;203642
1698;36408;37;9;10;22/01/2022;2022;1;0:52:00;Obras calzada;Externo;Media;FALSO;5;FALSO;0
1699;19205;12;26;6;22/10/2022;2022;10;15:49:00;Obras calzada;Externo;Media;FALSO;5;FALSO;0
1700;7777;8;22;2;25/01/2023;2023;1;12:40:00;Retencion trafico;Externo;Baja;FALSO;9;FALSO;1229
1701;35973;22;22;7;23/07/2024;2024;7;7:54:00;Retencion trafico;Externo;Baja;FALSO;39;FALSO;419
1702;46216;17;17;2;29/11/2024;2024;11;6:36:00;Retencion trafico;Externo;Baja;FALSO;20;FALSO;2109
1703;26543;42;28;4;21/06/2022;2022;6;8:21:00;Fallo electrico;Vehiculo;Alta;VERDADERO;37;VERDADERO;49983
1704;26717;6;6;1;01/09/2024;2024;9;12:43:00;Huelga parcial;Operacional;Alta;VERDADERO;65;VERDADERO;0
1705;41854;23;23;2;01/07/2022;2022;7;15:23:00;Condiciones meteo;Externo;Media;FALSO;5;FALSO;0
1706;15470;15;15;5;08/10/2024;2024;10;6:00:00;Vandalismo;Seguridad;Media;FALSO;34;FALSO;74754
1707;27056;9;9;7;27/08/2022;2022;8;18:00:00;Obras calzada;Externo;Media;FALSO;5;FALSO;0
1708;11063;18;4;7;13/03/2023;2023;3;10:02:00;Averia mecanica;Vehiculo;Alta;VERDADERO;6;VERDADERO;17699
1709;12111;16;16;10;12/03/2024;2024;3;23:41:00;Accidente leve;Seguridad;Alta;VERDADERO;183;FALSO;245876
1710;14519;30;16;3;06/02/2022;2022;2;22:32:00;Accidente leve;Seguridad;Alta;VERDADERO;96;FALSO;189028
1711;37533;28;14;8;28/12/2022;2022;12;17:33:00;Pinchazo;Vehiculo;Media;VERDADERO;24;FALSO;9472
1712;33613;14;14;7;28/08/2022;2022;8;15:50:00;Retencion trafico;Externo;Baja;FALSO;38;FALSO;846
1713;13434;37;23;4;21/02/2024;2024;2;12:30:00;Retencion trafico;Externo;Baja;FALSO;5;FALSO;236
1714;3054;31;3;8;27/01/2022;2022;1;13:04:00;Fallo climatizacion;Vehiculo;Baja;FALSO;7;FALSO;7621
1715;17453;24;10;8;07/08/2022;2022;8;20:45:00;Huelga parcial;Operacional;Alta;VERDADERO;98;FALSO;0
1716;27506;39;11;1;22/07/2024;2024;7;7:13:00;Pinchazo;Vehiculo;Media;VERDADERO;11;VERDADERO;10787
1717;48931;2;16;9;04/10/2022;2022;10;11:21:00;Huelga parcial;Operacional;Alta;VERDADERO;134;VERDADERO;0
1718;20001;10;10;2;11/03/2024;2024;3;13:10:00;Fallo climatizacion;Vehiculo;Baja;FALSO;5;FALSO;1036
1719;39080;21;21;1;13/04/2023;2023;4;12:30:00;Fallo climatizacion;Vehiculo;Baja;FALSO;64;FALSO;21872
1720;9274;35;7;10;11/04/2022;2022;4;23:51:00;Vandalismo;Seguridad;Media;FALSO;12;FALSO;26956
1721;10135;14;28;4;26/09/2024;2024;9;19:49:00;Fallo climatizacion;Vehiculo;Baja;FALSO;5;FALSO;17766
1722;2983;2;16;3;06/03/2023;2023;3;18:18:00;Pasajero enfermo;Servicio;Media;FALSO;27;FALSO;2969
1723;31600;17;17;10;08/07/2024;2024;7;5:40:00;Accidente grave;Seguridad;Critica;VERDADERO;6;VERDADERO;1130979
1724;47438;21;7;6;01/09/2022;2022;9;14:44:00;Condiciones meteo;Externo;Media;FALSO;25;FALSO;0
1725;40224;31;17;4;08/06/2024;2024;6;7:53:00;Fallo climatizacion;Vehiculo;Baja;FALSO;11;FALSO;5605
1726;5771;18;4;4;29/01/2023;2023;1;11:52:00;Huelga parcial;Operacional;Alta;VERDADERO;5;VERDADERO;0
1727;34871;12;12;6;06/10/2024;2024;10;15:50:00;Pinchazo;Vehiculo;Media;VERDADERO;15;VERDADERO;17836
1728;29000;21;21;1;20/04/2023;2023;4;14:13:00;Vandalismo;Seguridad;Media;FALSO;8;FALSO;27168
1729;16321;26;26;5;19/09/2023;2023;9;16:43:00;Averia mecanica;Vehiculo;Alta;VERDADERO;16;VERDADERO;23952
1730;38545;32;18;7;07/12/2022;2022;12;8:53:00;Pinchazo;Vehiculo;Media;VERDADERO;5;FALSO;9514
1731;14816;33;5;7;20/07/2024;2024;7;7:04:00;Accidente grave;Seguridad;Critica;VERDADERO;13;VERDADERO;933812
1732;17963;30;16;8;30/01/2024;2024;1;18:31:00;Obras calzada;Externo;Media;FALSO;5;FALSO;0
1733;23648;3;17;5;17/08/2023;2023;8;12:31:00;Accidente leve;Seguridad;Alta;VERDADERO;5;VERDADERO;369521
1734;8480;39;25;3;13/11/2024;2024;11;7:01:00;Accidente leve;Seguridad;Alta;VERDADERO;49;FALSO;258196
1735;22896;7;21;3;21/12/2023;2023;12;8:42:00;Condiciones meteo;Externo;Media;FALSO;7;FALSO;0
1736;18854;39;11;5;27/03/2022;2022;3;20:50:00;Obras calzada;Externo;Media;FALSO;5;FALSO;0
1737;39475;38;24;6;09/09/2023;2023;9;16:15:00;Condiciones meteo;Externo;Media;FALSO;10;FALSO;0
1738;9354;31;3;10;28/10/2024;2024;10;23:30:00;Averia mecanica;Vehiculo;Alta;VERDADERO;58;VERDADERO;125365
1739;25043;12;12;3;13/01/2023;2023;1;10:31:00;Pasajero enfermo;Servicio;Media;FALSO;5;FALSO;9674
1740;46016;27;13;9;05/11/2022;2022;11;13:52:00;Accidente leve;Seguridad;Alta;VERDADERO;22;VERDADERO;242648
1741;2758;29;15;4;02/11/2022;2022;11;22:41:00;Averia mecanica;Vehiculo;Alta;VERDADERO;24;VERDADERO;124829
1742;12215;36;8;10;04/05/2024;2024;5;23:50:00;Retencion trafico;Externo;Baja;FALSO;5;FALSO;1519
1743;23492;15;1;4;05/03/2024;2024;3;16:40:00;Condiciones meteo;Externo;Media;FALSO;5;FALSO;0
1744;28028;15;1;8;30/09/2022;2022;9;15:28:00;Averia mecanica;Vehiculo;Alta;VERDADERO;10;VERDADERO;93337
1745;4129;14;14;5;24/01/2023;2023;1;12:17:00;Pasajero enfermo;Servicio;Media;FALSO;15;FALSO;8697
1746;30612;37;9;10;10/12/2023;2023;12;2:10:00;Condiciones meteo;Externo;Media;FALSO;12;FALSO;0
1747;7916;21;21;8;10/01/2023;2023;1;22:45:00;Pinchazo;Vehiculo;Media;VERDADERO;6;VERDADERO;27181
1748;27688;11;25;7;28/03/2023;2023;3;11:44:00;Accidente leve;Seguridad;Alta;VERDADERO;14;VERDADERO;326315
1749;25573;38;10;8;05/01/2023;2023;1;22:57:00;Fallo climatizacion;Vehiculo;Baja;FALSO;5;FALSO;24831
1750;2183;42;28;8;10/08/2023;2023;8;14:02:00;Accidente grave;Seguridad;Critica;VERDADERO;83;VERDADERO;898012
1751;29966;21;7;8;13/10/2024;2024;10;12:20:00;Vandalismo;Seguridad;Media;FALSO;17;FALSO;27393
1752;26217;10;10;1;16/02/2024;2024;2;16:31:00;Obras calzada;Externo;Media;FALSO;5;FALSO;0
1753;4823;36;8;10;13/05/2023;2023;5;2:00:00;Vandalismo;Seguridad;Media;FALSO;40;FALSO;40794
1754;2111;12;12;1;05/05/2024;2024;5;13:01:00;Obras calzada;Externo;Media;FALSO;25;FALSO;0
1755;20932;17;17;1;23/09/2022;2022;9;16:51:00;Pinchazo;Vehiculo;Media;VERDADERO;32;FALSO;23059
1756;25271;30;16;10;07/11/2022;2022;11;23:42:00;Obras calzada;Externo;Media;FALSO;5;FALSO;0
1757;177;10;10;8;28/02/2023;2023;2;14:26:00;Condiciones meteo;Externo;Media;FALSO;7;FALSO;0
1758;5684;15;1;1;27/10/2023;2023;10;12:24:00;Obras calzada;Externo;Media;FALSO;9;FALSO;0
1759;47938;17;3;7;06/02/2022;2022;2;6:46:00;Fallo electrico;Vehiculo;Alta;VERDADERO;10;FALSO;40762
1760;32859;16;16;10;06/12/2024;2024;12;22:56:00;Pasajero enfermo;Servicio;Media;FALSO;34;FALSO;619
1761;28222;41;27;6;10/04/2022;2022;4;22:23:00;Obras calzada;Externo;Media;FALSO;31;FALSO;0
1762;28531;14;28;5;28/07/2022;2022;7;16:14:00;Condiciones meteo;Externo;Media;FALSO;5;FALSO;0
1763;15850;17;3;5;16/09/2024;2024;9;12:51:00;Accidente grave;Seguridad;Critica;VERDADERO;51;VERDADERO;295459
1764;23745;16;2;1;19/02/2022;2022;2;21:32:00;Fallo climatizacion;Vehiculo;Baja;FALSO;43;FALSO;23247
1765;43284;25;25;1;15/03/2024;2024;3;7:50:00;Huelga parcial;Operacional;Alta;VERDADERO;38;VERDADERO;0
1766;20614;35;7;10;07/03/2022;2022;3;23:32:00;Pasajero enfermo;Servicio;Media;FALSO;5;FALSO;2156
1767;27820;17;17;9;14/08/2023;2023;8;21:11:00;Accidente leve;Seguridad;Alta;VERDADERO;48;VERDADERO;163623
1768;38873;24;10;2;27/01/2023;2023;1;11:06:00;Accidente leve;Seguridad;Alta;VERDADERO;15;FALSO;331187
1769;27588;37;9;1;10/11/2023;2023;11;13:00:00;Huelga parcial;Operacional;Alta;VERDADERO;52;VERDADERO;0
1770;41890;17;3;8;28/08/2022;2022;8;18:24:00;Accidente leve;Seguridad;Alta;VERDADERO;34;VERDADERO;230938
1771;23873;18;18;3;31/12/2022;2022;12;19:41:00;Obras calzada;Externo;Media;FALSO;26;FALSO;0
1772;10916;39;25;9;05/09/2024;2024;9;9:25:00;Vandalismo;Seguridad;Media;FALSO;5;FALSO;72165
1773;22990;17;3;10;16/11/2022;2022;11;3:10:00;Pinchazo;Vehiculo;Media;VERDADERO;5;VERDADERO;30393
1774;47402;27;27;4;30/11/2023;2023;11;17:42:00;Condiciones meteo;Externo;Media;FALSO;5;FALSO;0
1775;20375;6;20;2;26/02/2024;2024;2;8:09:00;Pinchazo;Vehiculo;Media;VERDADERO;5;FALSO;18626
1776;24684;31;17;9;13/03/2022;2022;3;12:31:00;Retencion trafico;Externo;Baja;FALSO;18;FALSO;4362
1777;8054;33;19;9;17/09/2023;2023;9;20:33:00;Fallo electrico;Vehiculo;Alta;VERDADERO;9;VERDADERO;93183
1778;1742;21;7;7;08/01/2024;2024;1;13:21:00;Obras calzada;Externo;Media;FALSO;45;FALSO;0
1779;25117;2;2;7;02/06/2023;2023;6;22:13:00;Averia mecanica;Vehiculo;Alta;VERDADERO;53;VERDADERO;224861
1780;24185;36;22;6;21/06/2024;2024;6;14:45:00;Accidente grave;Seguridad;Critica;VERDADERO;41;VERDADERO;213539
1781;13632;25;25;8;24/12/2022;2022;12;19:04:00;Condiciones meteo;Externo;Media;FALSO;71;FALSO;0
1782;4304;21;21;3;31/12/2023;2023;12;13:01:00;Obras calzada;Externo;Media;FALSO;12;FALSO;0
1783;21988;23;9;7;15/03/2024;2024;3;11:10:00;Fallo electrico;Vehiculo;Alta;VERDADERO;77;VERDADERO;54753
1784;35720;21;21;9;06/02/2023;2023;2;6:22:00;Pasajero enfermo;Servicio;Media;FALSO;7;FALSO;7883
1785;23461;26;26;5;07/05/2022;2022;5;11:59:00;Accidente leve;Seguridad;Alta;VERDADERO;46;VERDADERO;312153
1786;10445;30;2;8;05/05/2024;2024;5;6:42:00;Fallo climatizacion;Vehiculo;Baja;FALSO;12;FALSO;14388
1787;42407;30;16;4;30/01/2023;2023;1;8:12:00;Accidente leve;Seguridad;Alta;VERDADERO;57;VERDADERO;20748
1788;15710;3;3;3;19/03/2023;2023;3;10:41:00;Huelga parcial;Operacional;Alta;VERDADERO;37;VERDADERO;0
1789;33010;41;27;1;09/12/2024;2024;12;9:02:00;Huelga parcial;Operacional;Alta;VERDADERO;9;VERDADERO;0
1790;10280;33;5;1;29/02/2024;2024;2;10:50:00;Accidente leve;Seguridad;Alta;VERDADERO;70;VERDADERO;236499
1791;20946;31;3;10;15/06/2024;2024;6;23:05:00;Fallo electrico;Vehiculo;Alta;VERDADERO;27;FALSO;68878
1792;5654;27;27;6;23/02/2024;2024;2;13:45:00;Retencion trafico;Externo;Baja;FALSO;5;FALSO;3122
1793;4817;30;2;6;02/04/2022;2022;4;6:54:00;Accidente leve;Seguridad;Alta;VERDADERO;88;VERDADERO;95919
1794;36891;16;16;10;12/10/2024;2024;10;22:53:00;Accidente leve;Seguridad;Alta;VERDADERO;35;VERDADERO;370219
1795;39174;31;3;10;17/12/2024;2024;12;2:40:00;Accidente grave;Seguridad;Critica;VERDADERO;9;VERDADERO;205019
1796;15057;22;22;6;04/04/2022;2022;4;19:30:00;Fallo climatizacion;Vehiculo;Baja;FALSO;5;FALSO;6665
1797;13944;1;1;5;01/03/2024;2024;3;18:11:00;Averia mecanica;Vehiculo;Alta;VERDADERO;12;VERDADERO;227805
1798;21682;11;11;3;23/11/2024;2024;11;7:02:00;Obras calzada;Externo;Media;FALSO;23;FALSO;0
1799;35500;11;25;7;30/08/2023;2023;8;9:26:00;Pinchazo;Vehiculo;Media;VERDADERO;16;VERDADERO;18685
1800;11029;26;26;4;07/07/2023;2023;7;22:31:00;Condiciones meteo;Externo;Media;FALSO;18;FALSO;0
1801;4449;40;26;3;21/11/2023;2023;11;18:30:00;Fallo climatizacion;Vehiculo;Baja;FALSO;28;FALSO;13403
1802;39839;24;24;1;14/07/2022;2022;7;6:05:00;Pasajero enfermo;Servicio;Media;FALSO;8;FALSO;4662
1803;42197;30;2;1;01/03/2022;2022;3;9:41:00;Fallo electrico;Vehiculo;Alta;VERDADERO;7;VERDADERO;38034
1804;32526;19;19;4;07/01/2022;2022;1;19:12:00;Condiciones meteo;Externo;Media;FALSO;48;FALSO;0
1805;30353;30;2;8;23/07/2022;2022;7;7:27:00;Accidente leve;Seguridad;Alta;VERDADERO;129;VERDADERO;349406
1806;27615;22;8;5;30/10/2022;2022;10;19:08:00;Fallo electrico;Vehiculo;Alta;VERDADERO;8;VERDADERO;60907
1807;20950;35;7;4;12/11/2022;2022;11;8:12:00;Condiciones meteo;Externo;Media;FALSO;5;FALSO;0
1808;45485;42;14;8;26/12/2023;2023;12;9:13:00;Huelga parcial;Operacional;Alta;VERDADERO;32;FALSO;0
1809;38588;33;5;4;20/08/2024;2024;8;15:22:00;Vandalismo;Seguridad;Media;FALSO;74;FALSO;51613
1810;17250;31;3;2;22/08/2022;2022;8;15:53:00;Fallo climatizacion;Vehiculo;Baja;FALSO;5;FALSO;8524
1811;3432;31;17;1;10/10/2022;2022;10;11:33:00;Fallo electrico;Vehiculo;Alta;VERDADERO;17;FALSO;30308
1812;46131;16;16;2;30/05/2023;2023;5;14:20:00;Accidente grave;Seguridad;Critica;VERDADERO;42;VERDADERO;780438
1813;1793;30;2;6;07/05/2023;2023;5;12:48:00;Accidente leve;Seguridad;Alta;VERDADERO;14;VERDADERO;230491
1814;4866;37;23;4;18/01/2024;2024;1;19:11:00;Huelga parcial;Operacional;Alta;VERDADERO;14;FALSO;0
1815;27416;33;5;8;22/06/2022;2022;6;15:52:00;Condiciones meteo;Externo;Media;FALSO;11;FALSO;0
1816;17915;24;24;6;06/11/2023;2023;11;6:47:00;Huelga parcial;Operacional;Alta;VERDADERO;144;VERDADERO;0
1817;37333;38;10;3;15/08/2024;2024;8;13:59:00;Condiciones meteo;Externo;Media;FALSO;40;FALSO;0
1818;7593;34;6;7;30/01/2024;2024;1;9:10:00;Averia mecanica;Vehiculo;Alta;VERDADERO;18;FALSO;28035
1819;47135;12;12;3;05/08/2023;2023;8;8:09:00;Fallo electrico;Vehiculo;Alta;VERDADERO;97;VERDADERO;137479
1820;44991;10;24;8;12/04/2022;2022;4;14:24:00;Huelga parcial;Operacional;Alta;VERDADERO;5;VERDADERO;0
1821;40269;34;6;7;01/08/2023;2023;8;19:57:00;Accidente leve;Seguridad;Alta;VERDADERO;22;VERDADERO;62171
1822;5170;5;19;8;13/07/2023;2023;7;11:12:00;Pinchazo;Vehiculo;Media;VERDADERO;7;FALSO;28018
1823;35152;41;13;1;16/06/2024;2024;6;21:42:00;Vandalismo;Seguridad;Media;FALSO;5;FALSO;30327
1824;46636;17;17;1;06/12/2024;2024;12;15:51:00;Obras calzada;Externo;Media;FALSO;21;FALSO;0
1825;32958;31;3;2;16/09/2022;2022;9;20:40:00;Averia mecanica;Vehiculo;Alta;VERDADERO;9;FALSO;181525
1826;40262;27;27;8;19/04/2024;2024;4;16:00:00;Fallo electrico;Vehiculo;Alta;VERDADERO;86;VERDADERO;128544
1827;11808;7;21;6;22/07/2022;2022;7;13:11:00;Fallo climatizacion;Vehiculo;Baja;FALSO;7;FALSO;29017
1828;42049;8;22;6;19/02/2023;2023;2;9:10:00;Condiciones meteo;Externo;Media;FALSO;10;FALSO;0
1829;2711;24;24;7;17/03/2022;2022;3;11:52:00;Accidente grave;Seguridad;Critica;VERDADERO;27;VERDADERO;934337
1830;12884;33;5;5;09/04/2023;2023;4;13:32:00;Huelga parcial;Operacional;Alta;VERDADERO;5;FALSO;0
1831;46276;35;21;6;04/03/2023;2023;3;9:14:00;Pinchazo;Vehiculo;Media;VERDADERO;7;VERDADERO;12307
1832;44109;10;10;4;22/03/2023;2023;3;13:20:00;Obras calzada;Externo;Media;FALSO;5;FALSO;0
1833;5228;21;21;2;31/08/2022;2022;8;12:25:00;Pinchazo;Vehiculo;Media;VERDADERO;5;VERDADERO;1533
1834;34402;5;19;2;27/10/2023;2023;10;7:42:00;Pasajero enfermo;Servicio;Media;FALSO;33;FALSO;5362
1835;46087;14;28;4;14/07/2023;2023;7;7:30:00;Averia mecanica;Vehiculo;Alta;VERDADERO;11;FALSO;257885
1836;5187;22;8;8;01/02/2022;2022;2;16:50:00;Vandalismo;Seguridad;Media;FALSO;5;FALSO;51475
1837;13710;19;19;2;06/04/2024;2024;4;13:20:00;Accidente grave;Seguridad;Critica;VERDADERO;16;FALSO;81697
1838;18173;30;2;4;14/05/2024;2024;5;6:40:00;Vandalismo;Seguridad;Media;FALSO;10;FALSO;2423
1839;39230;3;3;5;21/03/2023;2023;3;7:01:00;Pinchazo;Vehiculo;Media;VERDADERO;6;VERDADERO;36206
1840;2580;19;5;9;04/02/2024;2024;2;16:32:00;Vandalismo;Seguridad;Media;FALSO;15;FALSO;6883
1841;35601;28;14;1;07/04/2023;2023;4;13:37:00;Accidente grave;Seguridad;Critica;VERDADERO;5;FALSO;1497908
1842;38533;20;6;8;21/06/2023;2023;6;10:30:00;Accidente leve;Seguridad;Alta;VERDADERO;40;VERDADERO;225724
1843;29485;2;2;6;27/12/2022;2022;12;16:13:00;Pasajero enfermo;Servicio;Media;FALSO;5;FALSO;1781
1844;25443;34;20;3;20/06/2022;2022;6;7:01:00;Huelga parcial;Operacional;Alta;VERDADERO;41;VERDADERO;0
1845;46698;37;23;6;28/11/2023;2023;11;18:29:00;Accidente grave;Seguridad;Critica;VERDADERO;14;VERDADERO;262155
1846;1585;32;18;4;19/11/2024;2024;11;14:21:00;Accidente grave;Seguridad;Critica;VERDADERO;5;FALSO;569874
1847;47460;1;1;10;01/03/2022;2022;3;23:05:00;Averia mecanica;Vehiculo;Alta;VERDADERO;5;VERDADERO;167993
1848;18330;19;19;2;31/12/2023;2023;12;15:57:00;Pinchazo;Vehiculo;Media;VERDADERO;6;VERDADERO;36282
1849;8189;42;14;3;14/08/2024;2024;8;8:46:00;Obras calzada;Externo;Media;FALSO;26;FALSO;0
1850;8932;29;1;2;14/11/2024;2024;11;22:55:00;Fallo electrico;Vehiculo;Alta;VERDADERO;59;VERDADERO;188186
1851;33141;4;18;3;22/07/2022;2022;7;9:12:00;Huelga parcial;Operacional;Alta;VERDADERO;12;VERDADERO;0
1852;21589;2;2;9;28/09/2022;2022;9;16:46:00;Averia mecanica;Vehiculo;Alta;VERDADERO;47;VERDADERO;85471
1853;30814;29;15;10;18/05/2023;2023;5;22:14:00;Pinchazo;Vehiculo;Media;VERDADERO;24;VERDADERO;32187
1854;45261;28;14;4;19/12/2022;2022;12;10:12:00;Obras calzada;Externo;Media;FALSO;16;FALSO;0
1855;4868;39;25;2;07/02/2024;2024;2;11:51:00;Averia mecanica;Vehiculo;Alta;VERDADERO;26;VERDADERO;27314
1856;9101;30;2;10;26/11/2024;2024;11;23:44:00;Huelga parcial;Operacional;Alta;VERDADERO;112;VERDADERO;0
1857;21007;8;8;6;28/08/2022;2022;8;20:40:00;Condiciones meteo;Externo;Media;FALSO;5;FALSO;0
1858;42996;31;17;8;07/08/2024;2024;8;18:48:00;Pasajero enfermo;Servicio;Media;FALSO;15;FALSO;5346
1859;28564;5;5;8;01/11/2024;2024;11;18:00:00;Retencion trafico;Externo;Baja;FALSO;23;FALSO;1713
1860;41966;9;23;3;20/03/2023;2023;3;6:40:00;Accidente grave;Seguridad;Critica;VERDADERO;54;VERDADERO;1423308
1861;21029;30;2;5;05/03/2024;2024;3;13:13:00;Accidente leve;Seguridad;Alta;VERDADERO;28;VERDADERO;200861
1862;21398;21;7;6;17/10/2023;2023;10;22:03:00;Pasajero enfermo;Servicio;Media;FALSO;5;FALSO;2513
1863;30759;16;16;8;16/10/2024;2024;10;14:41:00;Pinchazo;Vehiculo;Media;VERDADERO;5;VERDADERO;35778
1864;26870;33;19;6;03/12/2022;2022;12;6:54:00;Fallo climatizacion;Vehiculo;Baja;FALSO;41;FALSO;982
1865;1705;26;26;3;19/08/2022;2022;8;23:02:00;Accidente leve;Seguridad;Alta;VERDADERO;12;FALSO;192234
1866;41474;21;7;10;09/05/2022;2022;5;23:07:00;Averia mecanica;Vehiculo;Alta;VERDADERO;23;VERDADERO;236363
1867;49579;20;20;1;17/01/2023;2023;1;22:12:00;Pasajero enfermo;Servicio;Media;FALSO;29;FALSO;1506
1868;47743;32;4;2;07/05/2022;2022;5;19:41:00;Fallo climatizacion;Vehiculo;Baja;FALSO;15;FALSO;19252
1869;11569;20;6;7;14/04/2022;2022;4;7:10:00;Fallo electrico;Vehiculo;Alta;VERDADERO;10;VERDADERO;146705
1870;31449;34;6;4;16/06/2022;2022;6;14:23:00;Condiciones meteo;Externo;Media;FALSO;20;FALSO;0
1871;30879;10;24;6;09/10/2024;2024;10;22:50:00;Condiciones meteo;Externo;Media;FALSO;6;FALSO;0
1872;34155;10;24;1;16/01/2023;2023;1;19:47:00;Pinchazo;Vehiculo;Media;VERDADERO;18;VERDADERO;15658
1873;8408;9;9;3;18/06/2024;2024;6;7:20:00;Fallo electrico;Vehiculo;Alta;VERDADERO;39;FALSO;141953
1874;45877;14;14;3;19/02/2022;2022;2;11:18:00;Fallo electrico;Vehiculo;Alta;VERDADERO;9;VERDADERO;48745
1875;10017;22;22;1;07/04/2023;2023;4;8:39:00;Accidente grave;Seguridad;Critica;VERDADERO;27;VERDADERO;863989
1876;11045;42;14;7;28/05/2023;2023;5;12:22:00;Fallo electrico;Vehiculo;Alta;VERDADERO;8;VERDADERO;148214
1877;28438;5;19;5;30/09/2022;2022;9;21:21:00;Huelga parcial;Operacional;Alta;VERDADERO;5;FALSO;0
1878;27225;10;10;3;21/11/2023;2023;11;20:29:00;Averia mecanica;Vehiculo;Alta;VERDADERO;48;VERDADERO;178038
1879;25454;3;3;6;11/04/2024;2024;4;22:57:00;Averia mecanica;Vehiculo;Alta;VERDADERO;87;VERDADERO;123144
1880;4422;13;27;5;14/09/2022;2022;9;20:21:00;Obras calzada;Externo;Media;FALSO;72;FALSO;0
1881;1277;18;18;3;30/06/2024;2024;6;7:00:00;Accidente leve;Seguridad;Alta;VERDADERO;5;FALSO;175049
1882;27244;29;1;4;26/07/2024;2024;7;8:25:00;Vandalismo;Seguridad;Media;FALSO;5;FALSO;21639
1883;331;38;24;1;18/03/2024;2024;3;14:05:00;Obras calzada;Externo;Media;FALSO;15;FALSO;0
1884;20295;10;24;6;24/02/2024;2024;2;12:11:00;Retencion trafico;Externo;Baja;FALSO;18;FALSO;285
1885;2433;40;26;9;13/10/2023;2023;10;11:33:00;Huelga parcial;Operacional;Alta;VERDADERO;8;VERDADERO;0
1886;6348;7;21;3;30/10/2024;2024;10;8:50:00;Pinchazo;Vehiculo;Media;VERDADERO;34;VERDADERO;29417
1887;31810;17;3;8;18/02/2024;2024;2;18:54:00;Pinchazo;Vehiculo;Media;VERDADERO;5;VERDADERO;25566
1888;23469;34;6;5;28/05/2024;2024;5;6:01:00;Pinchazo;Vehiculo;Media;VERDADERO;5;VERDADERO;30629
1889;17392;5;5;10;06/03/2023;2023;3;1:19:00;Averia mecanica;Vehiculo;Alta;VERDADERO;36;FALSO;8510
1890;36045;10;10;9;22/06/2024;2024;6;21:32:00;Retencion trafico;Externo;Baja;FALSO;5;FALSO;4804
1891;39581;18;18;2;28/08/2023;2023;8;18:00:00;Obras calzada;Externo;Media;FALSO;5;FALSO;0
1892;20256;13;13;4;17/05/2022;2022;5;14:40:00;Fallo climatizacion;Vehiculo;Baja;FALSO;20;FALSO;7278
1893;26720;9;9;9;10/08/2024;2024;8;7:00:00;Condiciones meteo;Externo;Media;FALSO;18;FALSO;0
1894;9726;25;11;5;04/11/2024;2024;11;10:52:00;Retencion trafico;Externo;Baja;FALSO;9;FALSO;931
1895;42726;13;27;4;27/05/2023;2023;5;7:37:00;Condiciones meteo;Externo;Media;FALSO;11;FALSO;0
1896;14846;21;7;10;08/04/2024;2024;4;22:34:00;Fallo climatizacion;Vehiculo;Baja;FALSO;8;FALSO;28609
1897;4884;13;13;7;03/12/2022;2022;12;6:17:00;Huelga parcial;Operacional;Alta;VERDADERO;26;VERDADERO;0
1898;40466;21;7;10;10/08/2022;2022;8;22:10:00;Averia mecanica;Vehiculo;Alta;VERDADERO;5;VERDADERO;87992
1899;41337;10;10;10;09/01/2022;2022;1;3:50:00;Retencion trafico;Externo;Baja;FALSO;5;FALSO;361
1900;9799;14;28;3;28/12/2023;2023;12;7:28:00;Condiciones meteo;Externo;Media;FALSO;24;FALSO;0
1901;16430;9;23;2;14/01/2022;2022;1;8:30:00;Condiciones meteo;Externo;Media;FALSO;5;FALSO;0
1902;4265;24;10;8;12/10/2024;2024;10;20:15:00;Vandalismo;Seguridad;Media;FALSO;20;FALSO;66188
1903;28502;27;27;9;12/04/2023;2023;4;6:57:00;Fallo climatizacion;Vehiculo;Baja;FALSO;9;FALSO;15031
1904;48837;34;6;10;27/11/2022;2022;11;0:43:00;Fallo climatizacion;Vehiculo;Baja;FALSO;41;FALSO;18358
1905;19786;5;19;3;06/09/2024;2024;9;7:42:00;Fallo climatizacion;Vehiculo;Baja;FALSO;31;FALSO;13049
1906;15632;9;9;3;21/11/2024;2024;11;6:56:00;Huelga parcial;Operacional;Alta;VERDADERO;144;FALSO;0
1907;11902;17;3;10;20/05/2023;2023;5;4:11:00;Pasajero enfermo;Servicio;Media;FALSO;19;FALSO;5601
1908;16113;28;14;6;21/06/2022;2022;6;16:10:00;Condiciones meteo;Externo;Media;FALSO;5;FALSO;0
1909;3716;21;21;1;20/07/2022;2022;7;11:12:00;Obras calzada;Externo;Media;FALSO;5;FALSO;0
1910;43726;5;19;2;02/05/2023;2023;5;13:01:00;Pasajero enfermo;Servicio;Media;FALSO;16;FALSO;5211
1911;1181;6;6;2;04/11/2024;2024;11;11:20:00;Pinchazo;Vehiculo;Media;VERDADERO;50;FALSO;24477
1912;6068;21;21;9;04/06/2022;2022;6;16:31:00;Averia mecanica;Vehiculo;Alta;VERDADERO;62;VERDADERO;279718
1913;36254;9;23;4;31/03/2022;2022;3;18:26:00;Condiciones meteo;Externo;Media;FALSO;15;FALSO;0
1914;41884;11;25;6;28/07/2022;2022;7;13:11:00;Condiciones meteo;Externo;Media;FALSO;5;FALSO;0
1915;950;27;27;5;31/08/2022;2022;8;21:00:00;Condiciones meteo;Externo;Media;FALSO;28;FALSO;0
1916;36503;6;20;3;23/11/2023;2023;11;13:13:00;Fallo electrico;Vehiculo;Alta;VERDADERO;21;FALSO;107748
1917;8201;12;26;7;15/05/2022;2022;5;21:14:00;Fallo electrico;Vehiculo;Alta;VERDADERO;84;FALSO;125941
1918;49181;42;14;3;20/11/2022;2022;11;10:50:00;Pinchazo;Vehiculo;Media;VERDADERO;6;VERDADERO;16333
1919;48905;18;18;6;14/06/2022;2022;6;14:15:00;Pinchazo;Vehiculo;Media;VERDADERO;47;FALSO;9387
1920;48862;17;3;7;24/07/2024;2024;7;18:30:00;Fallo electrico;Vehiculo;Alta;VERDADERO;60;VERDADERO;76953
1921;42700;29;1;5;11/04/2024;2024;4;17:31:00;Retencion trafico;Externo;Baja;FALSO;17;FALSO;1837
1922;44391;40;12;10;14/05/2024;2024;5;22:52:00;Pasajero enfermo;Servicio;Media;FALSO;27;FALSO;6155
1923;12147;10;24;3;02/03/2022;2022;3;18:34:00;Vandalismo;Seguridad;Media;FALSO;14;FALSO;14555
1924;29209;20;6;2;23/02/2023;2023;2;14:45:00;Accidente leve;Seguridad;Alta;VERDADERO;20;VERDADERO;36996
1925;37982;15;15;3;27/09/2023;2023;9;19:35:00;Fallo electrico;Vehiculo;Alta;VERDADERO;5;VERDADERO;39971
1926;20970;13;27;5;13/05/2024;2024;5;20:11:00;Accidente grave;Seguridad;Critica;VERDADERO;39;VERDADERO;1126119
1927;7991;12;12;2;08/09/2024;2024;9;19:27:00;Condiciones meteo;Externo;Media;FALSO;9;FALSO;0
1928;4673;12;26;10;24/09/2022;2022;9;23:40:00;Pasajero enfermo;Servicio;Media;FALSO;6;FALSO;5344
1929;4460;9;9;10;01/04/2024;2024;4;23:01:00;Pinchazo;Vehiculo;Media;VERDADERO;5;VERDADERO;16699
1930;25594;17;3;4;14/02/2024;2024;2;20:38:00;Retencion trafico;Externo;Baja;FALSO;68;FALSO;46
1931;11114;27;27;2;20/02/2022;2022;2;10:00:00;Fallo electrico;Vehiculo;Alta;VERDADERO;114;VERDADERO;7430
1932;34681;32;18;4;09/01/2023;2023;1;10:36:00;Accidente grave;Seguridad;Critica;VERDADERO;58;FALSO;1443611
1933;15869;36;22;9;17/05/2023;2023;5;9:50:00;Fallo electrico;Vehiculo;Alta;VERDADERO;17;VERDADERO;51369
1934;31414;41;27;6;10/12/2023;2023;12;10:25:00;Averia mecanica;Vehiculo;Alta;VERDADERO;103;FALSO;272555
1935;13621;14;14;9;10/10/2022;2022;10;6:53:00;Accidente leve;Seguridad;Alta;VERDADERO;7;FALSO;135121
1936;4156;41;13;7;25/08/2024;2024;8;16:03:00;Averia mecanica;Vehiculo;Alta;VERDADERO;236;FALSO;171806
1937;27885;40;26;3;07/05/2024;2024;5;7:42:00;Accidente leve;Seguridad;Alta;VERDADERO;7;VERDADERO;370405
1938;16930;5;19;5;28/06/2023;2023;6;21:13:00;Vandalismo;Seguridad;Media;FALSO;5;FALSO;2224
1939;26670;1;15;3;25/06/2022;2022;6;20:04:00;Condiciones meteo;Externo;Media;FALSO;5;FALSO;0
1940;46227;28;28;5;09/01/2023;2023;1;16:24:00;Vandalismo;Seguridad;Media;FALSO;5;FALSO;33416
1941;29243;12;12;3;25/09/2024;2024;9;6:56:00;Accidente grave;Seguridad;Critica;VERDADERO;75;VERDADERO;352088
1942;27540;31;17;8;02/06/2024;2024;6;20:07:00;Pinchazo;Vehiculo;Media;VERDADERO;30;VERDADERO;38246
1943;25150;35;7;4;29/01/2024;2024;1;22:04:00;Pasajero enfermo;Servicio;Media;FALSO;5;FALSO;179
1944;20795;6;20;1;24/04/2023;2023;4;18:45:00;Averia mecanica;Vehiculo;Alta;VERDADERO;5;VERDADERO;137701
1945;18685;38;10;4;31/10/2024;2024;10;16:43:00;Condiciones meteo;Externo;Media;FALSO;5;FALSO;0
1946;44362;11;11;7;05/05/2024;2024;5;15:10:00;Condiciones meteo;Externo;Media;FALSO;5;FALSO;0
1947;13327;14;28;4;19/11/2022;2022;11;14:11:00;Obras calzada;Externo;Media;FALSO;23;FALSO;0
1948;34830;13;27;8;08/08/2023;2023;8;20:03:00;Pasajero enfermo;Servicio;Media;FALSO;5;FALSO;6966
1949;29953;8;22;6;17/08/2022;2022;8;19:54:00;Fallo electrico;Vehiculo;Alta;VERDADERO;11;VERDADERO;163243
1950;22772;9;9;8;23/04/2024;2024;4;21:28:00;Fallo electrico;Vehiculo;Alta;VERDADERO;6;VERDADERO;101565
1951;16948;23;9;3;23/11/2024;2024;11;22:49:00;Vandalismo;Seguridad;Media;FALSO;12;FALSO;29298
1952;7709;24;10;2;11/04/2022;2022;4;20:43:00;Obras calzada;Externo;Media;FALSO;7;FALSO;0
1953;21156;31;17;7;01/11/2023;2023;11;20:51:00;Vandalismo;Seguridad;Media;FALSO;8;FALSO;56803
1954;2361;10;10;2;05/01/2022;2022;1;7:20:00;Obras calzada;Externo;Media;FALSO;51;FALSO;0
1955;49376;27;13;5;16/08/2022;2022;8;15:31:00;Fallo electrico;Vehiculo;Alta;VERDADERO;59;VERDADERO;175452
1956;33642;1;15;10;06/02/2024;2024;2;0:51:00;Fallo electrico;Vehiculo;Alta;VERDADERO;39;VERDADERO;125068
1957;34695;4;4;7;22/03/2024;2024;3;12:13:00;Retencion trafico;Externo;Baja;FALSO;6;FALSO;921
1958;49724;39;25;5;22/07/2022;2022;7;13:34:00;Pinchazo;Vehiculo;Media;VERDADERO;18;VERDADERO;19621
1959;36526;29;15;7;24/02/2024;2024;2;9:01:00;Huelga parcial;Operacional;Alta;VERDADERO;5;FALSO;0
1960;12007;38;24;3;20/05/2022;2022;5;17:30:00;Pasajero enfermo;Servicio;Media;FALSO;41;FALSO;3856
1961;31490;33;19;8;05/06/2023;2023;6;15:53:00;Retencion trafico;Externo;Baja;FALSO;44;FALSO;353
1962;39708;19;5;2;17/08/2023;2023;8;20:35:00;Huelga parcial;Operacional;Alta;VERDADERO;166;VERDADERO;0
1963;17009;42;14;10;13/07/2023;2023;7;22:41:00;Condiciones meteo;Externo;Media;FALSO;40;FALSO;0
1964;26176;11;25;6;11/11/2022;2022;11;10:20:00;Fallo electrico;Vehiculo;Alta;VERDADERO;18;VERDADERO;48034
1965;30834;7;7;2;20/12/2023;2023;12;19:03:00;Pasajero enfermo;Servicio;Media;FALSO;29;FALSO;8286
1966;21445;26;26;10;14/09/2022;2022;9;23:02:00;Pasajero enfermo;Servicio;Media;FALSO;5;FALSO;9991
1967;43180;5;5;1;07/12/2022;2022;12;18:56:00;Pasajero enfermo;Servicio;Media;FALSO;7;FALSO;2279
1968;29988;1;1;4;27/10/2022;2022;10;13:52:00;Retencion trafico;Externo;Baja;FALSO;5;FALSO;3521
1969;30722;21;7;3;31/10/2023;2023;10;8:39:00;Obras calzada;Externo;Media;FALSO;11;FALSO;0
1970;24788;9;9;3;27/05/2024;2024;5;16:00:00;Accidente leve;Seguridad;Alta;VERDADERO;8;FALSO;133561
1971;44492;15;1;9;16/10/2024;2024;10;21:01:00;Pasajero enfermo;Servicio;Media;FALSO;6;FALSO;6486
1972;44779;8;8;2;06/02/2023;2023;2;16:05:00;Averia mecanica;Vehiculo;Alta;VERDADERO;78;FALSO;173877
1973;32430;7;7;5;20/06/2024;2024;6;13:12:00;Retencion trafico;Externo;Baja;FALSO;5;FALSO;3801
1974;10990;29;15;5;07/11/2022;2022;11;18:11:00;Pinchazo;Vehiculo;Media;VERDADERO;64;VERDADERO;24824
1975;22848;1;1;9;21/11/2024;2024;11;11:12:00;Averia mecanica;Vehiculo;Alta;VERDADERO;49;VERDADERO;111879
1976;6677;42;14;4;04/09/2023;2023;9;18:54:00;Vandalismo;Seguridad;Media;FALSO;10;FALSO;3860
1977;14529;40;26;6;10/08/2023;2023;8;16:52:00;Pasajero enfermo;Servicio;Media;FALSO;20;FALSO;6847
1978;15810;19;19;2;09/07/2022;2022;7;12:31:00;Condiciones meteo;Externo;Media;FALSO;30;FALSO;0
1979;3503;18;4;6;08/10/2023;2023;10;13:05:00;Huelga parcial;Operacional;Alta;VERDADERO;5;VERDADERO;0
1980;11949;22;22;8;16/01/2022;2022;1;22:47:00;Averia mecanica;Vehiculo;Alta;VERDADERO;5;VERDADERO;205986
1981;11210;39;11;4;16/01/2024;2024;1;17:24:00;Vandalismo;Seguridad;Media;FALSO;24;FALSO;45343
1982;4109;36;22;7;13/12/2023;2023;12;14:31:00;Retencion trafico;Externo;Baja;FALSO;14;FALSO;2789
1983;5036;39;25;5;27/10/2022;2022;10;6:30:00;Averia mecanica;Vehiculo;Alta;VERDADERO;32;FALSO;40457
1984;43563;10;24;2;25/03/2023;2023;3;6:45:00;Fallo electrico;Vehiculo;Alta;VERDADERO;47;VERDADERO;163861
1985;18273;4;18;9;12/03/2024;2024;3;20:13:00;Averia mecanica;Vehiculo;Alta;VERDADERO;45;FALSO;77827
1986;47263;14;28;5;03/01/2022;2022;1;22:00:00;Vandalismo;Seguridad;Media;FALSO;15;FALSO;2038
1987;2523;4;4;7;15/07/2024;2024;7;18:15:00;Accidente grave;Seguridad;Critica;VERDADERO;115;FALSO;1127805
1988;23167;26;12;10;02/08/2024;2024;8;3:20:00;Retencion trafico;Externo;Baja;FALSO;5;FALSO;1975
1989;24677;24;10;4;13/11/2023;2023;11;19:14:00;Accidente leve;Seguridad;Alta;VERDADERO;5;VERDADERO;215101
1990;38154;19;19;3;20/06/2023;2023;6;12:52:00;Accidente leve;Seguridad;Alta;VERDADERO;72;VERDADERO;386762
1991;7169;30;2;10;28/08/2024;2024;8;23:59:00;Fallo electrico;Vehiculo;Alta;VERDADERO;17;VERDADERO;134722
1992;12366;19;19;9;04/04/2022;2022;4;21:06:00;Pasajero enfermo;Servicio;Media;FALSO;9;FALSO;6641
1993;21083;42;28;1;03/06/2024;2024;6;21:40:00;Condiciones meteo;Externo;Media;FALSO;23;FALSO;0
1994;43742;21;7;7;28/04/2022;2022;4;7:17:00;Retencion trafico;Externo;Baja;FALSO;5;FALSO;1535
1995;39136;35;21;10;09/05/2022;2022;5;23:41:00;Averia mecanica;Vehiculo;Alta;VERDADERO;104;VERDADERO;131995
1996;33583;26;12;3;15/11/2023;2023;11;6:55:00;Pasajero enfermo;Servicio;Media;FALSO;25;FALSO;680
1997;31703;36;8;5;24/03/2024;2024;3;17:24:00;Huelga parcial;Operacional;Alta;VERDADERO;5;VERDADERO;0
1998;38238;19;19;3;30/01/2023;2023;1;19:20:00;Condiciones meteo;Externo;Media;FALSO;22;FALSO;0
1999;22359;16;16;8;10/05/2024;2024;5;19:24:00;Obras calzada;Externo;Media;FALSO;6;FALSO;0
2000;48247;32;4;6;20/11/2022;2022;11;21:12:00;Obras calzada;Externo;Media;FALSO;5;FALSO;0
2001;5930;9;23;5;22/08/2024;2024;8;9:32:00;Condiciones meteo;Externo;Media;FALSO;19;FALSO;0
2002;38283;22;8;4;19/07/2024;2024;7;10:30:00;Averia mecanica;Vehiculo;Alta;VERDADERO;85;VERDADERO;26589
2003;40524;37;9;6;23/03/2024;2024;3;20:56:00;Accidente leve;Seguridad;Alta;VERDADERO;66;VERDADERO;317475
2004;14750;9;23;8;10/05/2023;2023;5;10:01:00;Pinchazo;Vehiculo;Media;VERDADERO;23;VERDADERO;2370
2005;11035;32;4;2;28/12/2022;2022;12;7:52:00;Fallo electrico;Vehiculo;Alta;VERDADERO;25;VERDADERO;155913
2006;25201;2;2;6;22/06/2022;2022;6;17:20:00;Condiciones meteo;Externo;Media;FALSO;5;FALSO;0
2007;29459;18;4;2;06/02/2022;2022;2;7:15:00;Fallo electrico;Vehiculo;Alta;VERDADERO;13;VERDADERO;56545
2008;1176;1;1;10;09/11/2022;2022;11;22:20:00;Fallo climatizacion;Vehiculo;Baja;FALSO;5;FALSO;2248
2009;38938;5;19;7;26/03/2022;2022;3;14:50:00;Fallo electrico;Vehiculo;Alta;VERDADERO;18;VERDADERO;192211
2010;48126;37;23;4;01/09/2024;2024;9;7:16:00;Huelga parcial;Operacional;Alta;VERDADERO;62;FALSO;0
2011;47643;16;16;9;05/05/2024;2024;5;14:21:00;Obras calzada;Externo;Media;FALSO;5;FALSO;0
2012;6050;3;3;7;09/11/2024;2024;11;17:21:00;Fallo climatizacion;Vehiculo;Baja;FALSO;31;FALSO;503
2013;35665;8;22;4;31/03/2023;2023;3;17:13:00;Accidente grave;Seguridad;Critica;VERDADERO;82;FALSO;282138
2014;38145;10;10;10;28/09/2022;2022;9;0:29:00;Huelga parcial;Operacional;Alta;VERDADERO;28;FALSO;0
2015;33826;17;3;8;19/07/2023;2023;7;6:24:00;Vandalismo;Seguridad;Media;FALSO;11;FALSO;57247
2016;25387;20;20;4;02/09/2023;2023;9;22:31:00;Pasajero enfermo;Servicio;Media;FALSO;24;FALSO;723
2017;41042;9;23;6;11/01/2022;2022;1;19:33:00;Fallo climatizacion;Vehiculo;Baja;FALSO;40;FALSO;14038
2018;24933;28;14;3;06/10/2022;2022;10;7:54:00;Averia mecanica;Vehiculo;Alta;VERDADERO;34;VERDADERO;234688
2019;9764;21;21;4;29/11/2023;2023;11;9:01:00;Averia mecanica;Vehiculo;Alta;VERDADERO;5;VERDADERO;9705
2020;36882;7;7;5;15/07/2022;2022;7;13:50:00;Retencion trafico;Externo;Baja;FALSO;11;FALSO;2556
2021;3777;40;26;6;04/04/2023;2023;4;17:49:00;Accidente leve;Seguridad;Alta;VERDADERO;71;FALSO;33876
2022;10004;9;9;2;01/03/2024;2024;3;11:22:00;Averia mecanica;Vehiculo;Alta;VERDADERO;5;VERDADERO;25430
2023;13034;15;15;9;28/02/2024;2024;2;22:50:00;Obras calzada;Externo;Media;FALSO;5;FALSO;0
2024;19664;9;9;3;31/07/2022;2022;7;11:01:00;Accidente leve;Seguridad;Alta;VERDADERO;22;FALSO;13689
2025;3038;15;15;9;19/08/2022;2022;8;17:50:00;Averia mecanica;Vehiculo;Alta;VERDADERO;40;FALSO;167271
2026;46902;31;3;1;14/09/2022;2022;9;7:11:00;Pinchazo;Vehiculo;Media;VERDADERO;5;VERDADERO;15371
2027;7064;9;9;8;23/02/2024;2024;2;11:11:00;Pinchazo;Vehiculo;Media;VERDADERO;25;VERDADERO;38841
2028;4234;35;7;1;09/02/2023;2023;2;7:01:00;Averia mecanica;Vehiculo;Alta;VERDADERO;9;VERDADERO;257365
2029;27605;12;26;5;24/01/2024;2024;1;21:30:00;Condiciones meteo;Externo;Media;FALSO;5;FALSO;0
2030;19647;34;20;10;27/09/2022;2022;9;22:00:00;Vandalismo;Seguridad;Media;FALSO;19;FALSO;21366
2031;4983;28;28;5;29/03/2024;2024;3;7:35:00;Accidente leve;Seguridad;Alta;VERDADERO;64;VERDADERO;14360
2032;21177;10;10;6;30/06/2023;2023;6;15:34:00;Obras calzada;Externo;Media;FALSO;26;FALSO;0
2033;48272;15;1;7;13/04/2024;2024;4;19:09:00;Vandalismo;Seguridad;Media;FALSO;42;FALSO;70374
2034;470;9;23;9;28/09/2023;2023;9;19:13:00;Vandalismo;Seguridad;Media;FALSO;31;FALSO;10281
2035;12860;9;9;10;16/09/2023;2023;9;23:38:00;Accidente leve;Seguridad;Alta;VERDADERO;25;VERDADERO;36512
2036;33450;19;19;4;18/12/2024;2024;12;13:20:00;Condiciones meteo;Externo;Media;FALSO;6;FALSO;0
2037;18379;26;12;8;22/06/2023;2023;6;9:20:00;Retencion trafico;Externo;Baja;FALSO;23;FALSO;1812
2038;25310;27;27;9;17/10/2023;2023;10;12:21:00;Huelga parcial;Operacional;Alta;VERDADERO;13;VERDADERO;0
2039;24709;14;14;5;16/04/2024;2024;4;12:14:00;Fallo climatizacion;Vehiculo;Baja;FALSO;14;FALSO;11029
2040;29071;8;8;2;30/03/2024;2024;3;14:36:00;Fallo climatizacion;Vehiculo;Baja;FALSO;19;FALSO;13894
2041;4776;31;17;4;01/09/2022;2022;9;15:00:00;Condiciones meteo;Externo;Media;FALSO;5;FALSO;0
2042;25025;36;22;5;04/04/2024;2024;4;6:01:00;Vandalismo;Seguridad;Media;FALSO;25;FALSO;71873
2043;33433;2;2;3;26/05/2022;2022;5;6:53:00;Condiciones meteo;Externo;Media;FALSO;16;FALSO;0
2044;17076;25;25;3;06/11/2023;2023;11;11:43:00;Pasajero enfermo;Servicio;Media;FALSO;18;FALSO;3824
2045;18055;38;24;2;15/07/2023;2023;7;6:30:00;Accidente grave;Seguridad;Critica;VERDADERO;10;FALSO;496988
2046;11669;36;22;9;20/10/2022;2022;10;10:53:00;Fallo climatizacion;Vehiculo;Baja;FALSO;20;FALSO;15465
2047;1098;7;7;8;23/07/2024;2024;7;16:04:00;Condiciones meteo;Externo;Media;FALSO;5;FALSO;0
2048;5371;38;24;7;13/12/2023;2023;12;12:42:00;Accidente grave;Seguridad;Critica;VERDADERO;178;FALSO;1464534
2049;39073;14;14;2;08/07/2024;2024;7;10:51:00;Pinchazo;Vehiculo;Media;VERDADERO;25;VERDADERO;21552
2050;30514;23;23;9;04/09/2024;2024;9;22:00:00;Condiciones meteo;Externo;Media;FALSO;24;FALSO;0
2051;1283;24;24;10;22/01/2022;2022;1;0:19:00;Averia mecanica;Vehiculo;Alta;VERDADERO;29;VERDADERO;225062
2052;37581;34;6;6;18/02/2024;2024;2;17:29:00;Accidente leve;Seguridad;Alta;VERDADERO;69;VERDADERO;51182
2053;41092;17;17;9;13/11/2024;2024;11;20:30:00;Fallo electrico;Vehiculo;Alta;VERDADERO;5;FALSO;112048
2054;12582;25;11;1;03/01/2023;2023;1;19:50:00;Averia mecanica;Vehiculo;Alta;VERDADERO;8;VERDADERO;69258
2055;39516;37;9;9;25/11/2022;2022;11;11:09:00;Fallo electrico;Vehiculo;Alta;VERDADERO;14;VERDADERO;92422
2056;48075;28;28;10;05/03/2022;2022;3;0:12:00;Obras calzada;Externo;Media;FALSO;5;FALSO;0
2057;15478;23;23;1;20/08/2024;2024;8;18:53:00;Accidente grave;Seguridad;Critica;VERDADERO;5;VERDADERO;340036
2058;5523;22;8;6;19/04/2022;2022;4;8:44:00;Obras calzada;Externo;Media;FALSO;27;FALSO;0
2059;23812;41;13;8;07/08/2022;2022;8;10:40:00;Fallo electrico;Vehiculo;Alta;VERDADERO;61;VERDADERO;184404
2060;48467;42;28;3;01/07/2023;2023;7;7:33:00;Retencion trafico;Externo;Baja;FALSO;56;FALSO;3119
2061;33047;36;8;7;01/04/2024;2024;4;9:49:00;Vandalismo;Seguridad;Media;FALSO;15;FALSO;32522
2062;38196;19;5;5;30/10/2023;2023;10;12:41:00;Fallo electrico;Vehiculo;Alta;VERDADERO;11;VERDADERO;190509
2063;21194;27;27;4;14/03/2024;2024;3;8:17:00;Accidente grave;Seguridad;Critica;VERDADERO;14;VERDADERO;876187
2064;45272;39;25;3;25/11/2023;2023;11;11:30:00;Fallo electrico;Vehiculo;Alta;VERDADERO;27;VERDADERO;42319
2065;10742;33;19;5;17/06/2023;2023;6;11:40:00;Pasajero enfermo;Servicio;Media;FALSO;6;FALSO;8679
2066;48560;9;9;10;04/10/2022;2022;10;23:40:00;Averia mecanica;Vehiculo;Alta;VERDADERO;56;FALSO;161547
2067;25842;13;27;1;20/09/2024;2024;9;18:13:00;Pasajero enfermo;Servicio;Media;FALSO;18;FALSO;9039
2068;43817;12;26;1;28/09/2023;2023;9;19:02:00;Huelga parcial;Operacional;Alta;VERDADERO;44;FALSO;0
2069;843;4;4;4;06/07/2022;2022;7;20:31:00;Fallo electrico;Vehiculo;Alta;VERDADERO;23;FALSO;107552
2070;10055;18;4;8;29/03/2024;2024;3;7:22:00;Retencion trafico;Externo;Baja;FALSO;10;FALSO;3959
2071;2060;3;17;8;17/10/2022;2022;10;6:02:00;Averia mecanica;Vehiculo;Alta;VERDADERO;42;VERDADERO;29452
2072;6205;32;18;9;25/09/2023;2023;9;11:47:00;Fallo climatizacion;Vehiculo;Baja;FALSO;5;FALSO;25688
2073;6176;3;17;6;12/01/2024;2024;1;14:36:00;Obras calzada;Externo;Media;FALSO;9;FALSO;0
2074;7366;17;3;3;31/12/2022;2022;12;21:10:00;Vandalismo;Seguridad;Media;FALSO;5;FALSO;17948
2075;38302;41;27;1;14/12/2022;2022;12;20:00:00;Vandalismo;Seguridad;Media;FALSO;5;FALSO;56164
2076;3920;15;1;6;04/12/2022;2022;12;10:12:00;Fallo climatizacion;Vehiculo;Baja;FALSO;104;FALSO;24631
2077;32634;1;15;6;17/01/2023;2023;1;12:10:00;Vandalismo;Seguridad;Media;FALSO;5;FALSO;78457
2078;12552;37;9;8;24/04/2023;2023;4;7:10:00;Accidente grave;Seguridad;Critica;VERDADERO;5;FALSO;1207992
2079;40577;6;6;4;03/06/2024;2024;6;17:33:00;Condiciones meteo;Externo;Media;FALSO;6;FALSO;0
2080;33749;24;10;10;26/10/2022;2022;10;22:13:00;Vandalismo;Seguridad;Media;FALSO;6;FALSO;26081
2081;9532;41;13;8;21/05/2022;2022;5;13:52:00;Retencion trafico;Externo;Baja;FALSO;9;FALSO;3716
2082;7221;40;26;2;21/11/2024;2024;11;17:46:00;Fallo climatizacion;Vehiculo;Baja;FALSO;5;FALSO;1682
2083;21672;1;1;9;26/09/2024;2024;9;21:31:00;Obras calzada;Externo;Media;FALSO;5;FALSO;0
2084;16782;25;11;1;03/12/2023;2023;12;20:20:00;Fallo climatizacion;Vehiculo;Baja;FALSO;5;FALSO;19562
2085;41582;3;3;10;04/07/2024;2024;7;23:32:00;Fallo electrico;Vehiculo;Alta;VERDADERO;31;FALSO;9639
2086;49613;12;26;6;05/12/2024;2024;12;7:25:00;Obras calzada;Externo;Media;FALSO;23;FALSO;0
2087;10390;17;3;9;21/01/2023;2023;1;12:00:00;Vandalismo;Seguridad;Media;FALSO;62;FALSO;64406
2088;29213;24;10;6;31/03/2023;2023;3;6:31:00;Averia mecanica;Vehiculo;Alta;VERDADERO;17;VERDADERO;92323
2089;17177;42;14;8;25/03/2022;2022;3;11:12:00;Averia mecanica;Vehiculo;Alta;VERDADERO;8;VERDADERO;22322
2090;46989;34;6;2;06/08/2024;2024;8;6:10:00;Condiciones meteo;Externo;Media;FALSO;7;FALSO;0
2091;47499;40;12;7;20/09/2023;2023;9;16:45:00;Fallo electrico;Vehiculo;Alta;VERDADERO;97;VERDADERO;106913
2092;1711;32;4;9;11/10/2022;2022;10;8:21:00;Huelga parcial;Operacional;Alta;VERDADERO;18;VERDADERO;0
2093;47542;41;27;3;15/04/2023;2023;4;19:48:00;Pinchazo;Vehiculo;Media;VERDADERO;5;VERDADERO;13341
2094;46408;41;13;7;07/05/2022;2022;5;7:33:00;Fallo climatizacion;Vehiculo;Baja;FALSO;22;FALSO;5189
2095;26942;21;7;4;24/05/2024;2024;5;12:40:00;Retencion trafico;Externo;Baja;FALSO;11;FALSO;41
2096;33612;13;13;10;28/05/2023;2023;5;23:00:00;Condiciones meteo;Externo;Media;FALSO;5;FALSO;0
2097;28108;11;25;6;06/05/2023;2023;5;8:31:00;Fallo electrico;Vehiculo;Alta;VERDADERO;70;VERDADERO;121363
2098;31399;26;12;7;08/06/2022;2022;6;7:20:00;Averia mecanica;Vehiculo;Alta;VERDADERO;60;VERDADERO;186042
2099;46193;36;22;3;17/02/2023;2023;2;13:42:00;Obras calzada;Externo;Media;FALSO;5;FALSO;0
2100;3169;20;6;9;06/08/2024;2024;8;10:32:00;Accidente leve;Seguridad;Alta;VERDADERO;20;FALSO;315451
2101;48316;17;17;7;23/09/2023;2023;9;7:23:00;Accidente grave;Seguridad;Critica;VERDADERO;59;VERDADERO;823141
2102;25985;30;2;10;14/10/2023;2023;10;23:40:00;Accidente grave;Seguridad;Critica;VERDADERO;49;FALSO;1260726
2103;5047;8;8;5;16/10/2022;2022;10;21:54:00;Averia mecanica;Vehiculo;Alta;VERDADERO;5;VERDADERO;72472
2104;15713;6;6;9;19/08/2023;2023;8;6:25:00;Pasajero enfermo;Servicio;Media;FALSO;5;FALSO;9721
2105;3211;20;20;8;17/12/2024;2024;12;15:21:00;Pinchazo;Vehiculo;Media;VERDADERO;45;VERDADERO;27032
2106;45043;20;20;9;19/02/2024;2024;2;7:57:00;Vandalismo;Seguridad;Media;FALSO;38;FALSO;25551
2107;14086;17;3;5;08/06/2024;2024;6;10:53:00;Accidente leve;Seguridad;Alta;VERDADERO;23;VERDADERO;131293
2108;14765;24;10;1;28/04/2024;2024;4;17:28:00;Huelga parcial;Operacional;Alta;VERDADERO;28;FALSO;0
2109;44103;4;4;2;28/11/2023;2023;11;20:03:00;Pinchazo;Vehiculo;Media;VERDADERO;7;VERDADERO;34915
2110;19414;11;11;9;04/06/2022;2022;6;7:21:00;Pasajero enfermo;Servicio;Media;FALSO;5;FALSO;6494
2111;4349;24;10;7;18/03/2022;2022;3;10:20:00;Pasajero enfermo;Servicio;Media;FALSO;5;FALSO;989
2112;12726;1;15;2;02/04/2024;2024;4;20:30:00;Pinchazo;Vehiculo;Media;VERDADERO;29;FALSO;8434
2113;34025;6;6;8;17/03/2022;2022;3;18:41:00;Pinchazo;Vehiculo;Media;VERDADERO;20;FALSO;16119
2114;41114;39;11;4;01/12/2022;2022;12;19:13:00;Accidente grave;Seguridad;Critica;VERDADERO;180;VERDADERO;758569
2115;37932;7;21;9;10/05/2024;2024;5;11:00:00;Fallo climatizacion;Vehiculo;Baja;FALSO;5;FALSO;1103
2116;16254;1;15;8;03/05/2023;2023;5;7:57:00;Vandalismo;Seguridad;Media;FALSO;5;FALSO;77545
2117;42985;20;6;3;07/08/2022;2022;8;13:10:00;Huelga parcial;Operacional;Alta;VERDADERO;53;VERDADERO;0
2118;27292;35;21;3;09/01/2023;2023;1;7:41:00;Vandalismo;Seguridad;Media;FALSO;29;FALSO;75516
2119;13913;12;26;2;05/06/2023;2023;6;11:50:00;Condiciones meteo;Externo;Media;FALSO;15;FALSO;0
2120;26575;32;4;4;01/06/2022;2022;6;18:40:00;Fallo climatizacion;Vehiculo;Baja;FALSO;11;FALSO;27815
2121;43741;20;6;9;30/06/2022;2022;6;10:21:00;Averia mecanica;Vehiculo;Alta;VERDADERO;18;FALSO;194422
2122;15674;9;23;2;25/01/2023;2023;1;21:23:00;Accidente leve;Seguridad;Alta;VERDADERO;55;VERDADERO;252046
2123;3397;38;10;1;18/04/2023;2023;4;9:25:00;Fallo climatizacion;Vehiculo;Baja;FALSO;21;FALSO;20583
2124;11071;26;12;6;19/02/2023;2023;2;21:52:00;Condiciones meteo;Externo;Media;FALSO;7;FALSO;0
2125;45456;13;13;2;19/02/2024;2024;2;20:41:00;Averia mecanica;Vehiculo;Alta;VERDADERO;269;FALSO;31034
2126;9888;19;5;4;05/12/2023;2023;12;6:33:00;Accidente grave;Seguridad;Critica;VERDADERO;69;FALSO;1194148
2127;22904;15;1;10;06/04/2023;2023;4;0:30:00;Retencion trafico;Externo;Baja;FALSO;9;FALSO;3665
2128;16829;30;2;8;06/03/2024;2024;3;19:14:00;Vandalismo;Seguridad;Media;FALSO;7;FALSO;22676
2129;20252;9;9;4;09/08/2022;2022;8;11:41:00;Pasajero enfermo;Servicio;Media;FALSO;5;FALSO;8576
2130;43250;33;19;3;07/11/2024;2024;11;8:55:00;Accidente leve;Seguridad;Alta;VERDADERO;140;VERDADERO;157084
2131;33084;31;17;4;14/07/2023;2023;7;6:48:00;Huelga parcial;Operacional;Alta;VERDADERO;13;VERDADERO;0
2132;48499;32;4;8;11/08/2024;2024;8;22:21:00;Pasajero enfermo;Servicio;Media;FALSO;59;FALSO;8269
2133;13248;19;5;10;17/10/2024;2024;10;4:50:00;Pinchazo;Vehiculo;Media;VERDADERO;51;FALSO;9123
2134;18098;39;11;7;14/12/2024;2024;12;19:24:00;Condiciones meteo;Externo;Media;FALSO;50;FALSO;0
2135;20566;29;15;7;12/02/2022;2022;2;21:34:00;Accidente leve;Seguridad;Alta;VERDADERO;30;VERDADERO;388041
2136;35975;24;24;6;02/07/2022;2022;7;11:30:00;Pasajero enfermo;Servicio;Media;FALSO;5;FALSO;1814
2137;32460;37;9;4;09/09/2022;2022;9;11:02:00;Condiciones meteo;Externo;Media;FALSO;5;FALSO;0
2138;7273;8;22;10;16/09/2024;2024;9;0:48:00;Accidente grave;Seguridad;Critica;VERDADERO;9;VERDADERO;1478103
2139;18875;18;4;2;06/03/2023;2023;3;14:21:00;Huelga parcial;Operacional;Alta;VERDADERO;53;VERDADERO;0
2140;17625;28;14;1;17/04/2023;2023;4;10:10:00;Obras calzada;Externo;Media;FALSO;6;FALSO;0
2141;37774;17;3;3;29/09/2022;2022;9;6:26:00;Fallo climatizacion;Vehiculo;Baja;FALSO;24;FALSO;12149
2142;4830;1;15;4;25/10/2024;2024;10;17:40:00;Huelga parcial;Operacional;Alta;VERDADERO;57;VERDADERO;0
2143;4856;27;13;5;17/05/2022;2022;5;12:23:00;Averia mecanica;Vehiculo;Alta;VERDADERO;5;FALSO;265744
2144;33174;37;23;1;29/05/2023;2023;5;8:51:00;Huelga parcial;Operacional;Alta;VERDADERO;10;VERDADERO;0
2145;21213;4;18;10;14/08/2022;2022;8;2:40:00;Accidente leve;Seguridad;Alta;VERDADERO;7;VERDADERO;356919
2146;16755;40;12;3;04/02/2024;2024;2;7:01:00;Accidente grave;Seguridad;Critica;VERDADERO;30;VERDADERO;241951
2147;32892;7;21;2;12/10/2023;2023;10;17:50:00;Retencion trafico;Externo;Baja;FALSO;5;FALSO;3076
2148;27948;19;5;1;25/04/2022;2022;4;19:58:00;Pasajero enfermo;Servicio;Media;FALSO;43;FALSO;787
2149;15336;7;21;5;05/01/2023;2023;1;10:42:00;Fallo electrico;Vehiculo;Alta;VERDADERO;46;FALSO;179997
2150;46684;23;9;1;03/02/2023;2023;2;21:50:00;Fallo climatizacion;Vehiculo;Baja;FALSO;5;FALSO;28612
2151;16163;36;8;10;04/11/2022;2022;11;1:50:00;Accidente grave;Seguridad;Critica;VERDADERO;82;VERDADERO;1393672
2152;24450;7;7;10;28/10/2023;2023;10;2:09:00;Fallo climatizacion;Vehiculo;Baja;FALSO;8;FALSO;11984
2153;3571;2;16;4;26/04/2023;2023;4;20:12:00;Pinchazo;Vehiculo;Media;VERDADERO;5;VERDADERO;32381
2154;29638;29;15;4;29/09/2023;2023;9;20:41:00;Obras calzada;Externo;Media;FALSO;36;FALSO;0
2155;42040;41;13;8;31/10/2022;2022;10;11:55:00;Accidente leve;Seguridad;Alta;VERDADERO;5;VERDADERO;109183
2156;16126;41;27;2;14/11/2024;2024;11;20:51:00;Obras calzada;Externo;Media;FALSO;5;FALSO;0
2157;7950;13;27;8;20/10/2022;2022;10;13:19:00;Fallo electrico;Vehiculo;Alta;VERDADERO;145;VERDADERO;174945
2158;44805;34;6;7;24/08/2022;2022;8;20:21:00;Huelga parcial;Operacional;Alta;VERDADERO;7;VERDADERO;0
2159;34331;18;4;7;20/04/2024;2024;4;11:14:00;Accidente grave;Seguridad;Critica;VERDADERO;26;VERDADERO;91695
2160;2494;17;3;7;22/11/2023;2023;11;20:12:00;Averia mecanica;Vehiculo;Alta;VERDADERO;12;VERDADERO;135072
2161;47487;28;28;4;21/06/2023;2023;6;7:32:00;Obras calzada;Externo;Media;FALSO;13;FALSO;0
2162;13151;6;20;6;30/05/2023;2023;5;13:58:00;Huelga parcial;Operacional;Alta;VERDADERO;58;VERDADERO;0
2163;33199;20;20;10;18/09/2024;2024;9;22:42:00;Fallo climatizacion;Vehiculo;Baja;FALSO;5;FALSO;27266
2164;17032;23;9;4;18/04/2024;2024;4;21:06:00;Accidente grave;Seguridad;Critica;VERDADERO;40;VERDADERO;1108783
2165;39394;41;27;1;05/07/2023;2023;7;19:25:00;Condiciones meteo;Externo;Media;FALSO;17;FALSO;0
2166;47115;34;20;10;23/12/2023;2023;12;0:10:00;Fallo electrico;Vehiculo;Alta;VERDADERO;96;FALSO;81209
2167;14596;23;9;7;05/03/2022;2022;3;12:24:00;Fallo electrico;Vehiculo;Alta;VERDADERO;18;FALSO;127894
2168;33943;8;8;9;31/12/2022;2022;12;14:40:00;Vandalismo;Seguridad;Media;FALSO;5;FALSO;45098
2169;15501;4;18;1;08/09/2022;2022;9;8:28:00;Fallo electrico;Vehiculo;Alta;VERDADERO;82;VERDADERO;146812
2170;11166;37;23;10;17/07/2024;2024;7;2:11:00;Averia mecanica;Vehiculo;Alta;VERDADERO;19;VERDADERO;263243
2171;48147;16;16;10;27/01/2023;2023;1;22:53:00;Fallo electrico;Vehiculo;Alta;VERDADERO;27;VERDADERO;170588
2172;29646;37;23;9;16/01/2024;2024;1;17:11:00;Retencion trafico;Externo;Baja;FALSO;26;FALSO;2522
2173;36289;2;2;3;10/01/2023;2023;1;13:02:00;Averia mecanica;Vehiculo;Alta;VERDADERO;16;VERDADERO;128829
2174;33600;1;1;6;03/07/2024;2024;7;22:03:00;Pinchazo;Vehiculo;Media;VERDADERO;23;VERDADERO;11633
2175;18443;6;20;3;02/10/2024;2024;10;14:24:00;Accidente grave;Seguridad;Critica;VERDADERO;5;VERDADERO;1013788
2176;6924;37;9;4;26/04/2023;2023;4;20:26:00;Accidente grave;Seguridad;Critica;VERDADERO;22;VERDADERO;1156711
2177;36512;15;1;2;16/05/2023;2023;5;8:01:00;Huelga parcial;Operacional;Alta;VERDADERO;10;VERDADERO;0
2178;46482;31;3;1;24/12/2022;2022;12;11:44:00;Obras calzada;Externo;Media;FALSO;18;FALSO;0
2179;8493;10;10;1;18/06/2024;2024;6;6:25:00;Pasajero enfermo;Servicio;Media;FALSO;12;FALSO;6959
2180;29051;30;16;7;01/09/2023;2023;9;19:25:00;Retencion trafico;Externo;Baja;FALSO;64;FALSO;3734
2181;19648;35;21;4;31/01/2023;2023;1;10:40:00;Vandalismo;Seguridad;Media;FALSO;52;FALSO;76004
2182;11475;10;24;8;04/11/2023;2023;11;20:14:00;Averia mecanica;Vehiculo;Alta;VERDADERO;7;VERDADERO;21615
2183;25788;1;1;4;28/11/2024;2024;11;20:19:00;Pasajero enfermo;Servicio;Media;FALSO;21;FALSO;6723
2184;10272;25;25;8;26/02/2023;2023;2;20:12:00;Obras calzada;Externo;Media;FALSO;5;FALSO;0
2185;19305;28;14;1;20/08/2024;2024;8;19:25:00;Pinchazo;Vehiculo;Media;VERDADERO;121;VERDADERO;14063
2186;28154;15;15;8;28/08/2024;2024;8;6:02:00;Retencion trafico;Externo;Baja;FALSO;5;FALSO;4309
2187;27706;29;15;10;10/04/2024;2024;4;1:29:00;Huelga parcial;Operacional;Alta;VERDADERO;191;VERDADERO;0
2188;47009;12;26;3;26/12/2024;2024;12;13:36:00;Vandalismo;Seguridad;Media;FALSO;18;FALSO;49354
2189;37285;32;18;3;12/06/2024;2024;6;18:34:00;Accidente leve;Seguridad;Alta;VERDADERO;45;VERDADERO;254039
2190;40352;33;5;7;15/12/2024;2024;12;11:02:00;Pinchazo;Vehiculo;Media;VERDADERO;11;FALSO;36354
2191;23679;34;20;2;27/06/2024;2024;6;21:30:00;Fallo climatizacion;Vehiculo;Baja;FALSO;16;FALSO;15998
2192;1864;17;17;3;01/12/2022;2022;12;17:31:00;Accidente grave;Seguridad;Critica;VERDADERO;13;VERDADERO;214214
2193;39935;36;8;5;28/06/2022;2022;6;11:40:00;Condiciones meteo;Externo;Media;FALSO;14;FALSO;0
2194;2594;33;19;3;18/06/2024;2024;6;14:31:00;Condiciones meteo;Externo;Media;FALSO;33;FALSO;0
2195;11038;35;7;7;24/06/2023;2023;6;18:08:00;Vandalismo;Seguridad;Media;FALSO;20;FALSO;1516
2196;33900;7;21;7;03/09/2023;2023;9;12:50:00;Obras calzada;Externo;Media;FALSO;8;FALSO;0
2197;4977;22;22;10;27/10/2024;2024;10;3:00:00;Fallo electrico;Vehiculo;Alta;VERDADERO;30;VERDADERO;150828
2198;13633;26;26;8;21/09/2023;2023;9;10:36:00;Averia mecanica;Vehiculo;Alta;VERDADERO;18;FALSO;229434
2199;20639;18;4;8;25/08/2022;2022;8;9:40:00;Retencion trafico;Externo;Baja;FALSO;15;FALSO;156
2200;33648;7;21;8;22/08/2023;2023;8;18:16:00;Averia mecanica;Vehiculo;Alta;VERDADERO;29;VERDADERO;254762
2201;36558;19;19;1;11/08/2024;2024;8;15:20:00;Retencion trafico;Externo;Baja;FALSO;6;FALSO;971
2202;22310;9;23;2;07/06/2023;2023;6;21:01:00;Averia mecanica;Vehiculo;Alta;VERDADERO;22;VERDADERO;271704
2203;26377;2;2;1;17/11/2024;2024;11;7:41:00;Pinchazo;Vehiculo;Media;VERDADERO;21;VERDADERO;1929
2204;41377;8;22;3;24/08/2024;2024;8;13:06:00;Averia mecanica;Vehiculo;Alta;VERDADERO;11;VERDADERO;20927
2205;28504;29;1;6;20/11/2022;2022;11;18:49:00;Obras calzada;Externo;Media;FALSO;10;FALSO;0
2206;34233;4;18;8;14/01/2024;2024;1;7:34:00;Pinchazo;Vehiculo;Media;VERDADERO;17;FALSO;30409
2207;3699;4;4;6;14/07/2024;2024;7;6:06:00;Obras calzada;Externo;Media;FALSO;5;FALSO;0
2208;26140;17;17;6;29/08/2022;2022;8;20:03:00;Retencion trafico;Externo;Baja;FALSO;5;FALSO;2124
2209;42603;16;16;8;27/04/2024;2024;4;11:43:00;Accidente leve;Seguridad;Alta;VERDADERO;5;VERDADERO;252374
2210;29491;8;8;3;03/06/2024;2024;6;11:43:00;Averia mecanica;Vehiculo;Alta;VERDADERO;9;VERDADERO;195542
2211;45840;19;5;9;04/02/2024;2024;2;6:12:00;Pinchazo;Vehiculo;Media;VERDADERO;6;VERDADERO;13282
2212;14737;38;10;9;27/07/2023;2023;7;18:22:00;Accidente grave;Seguridad;Critica;VERDADERO;73;VERDADERO;82451
2213;35956;5;5;3;03/05/2022;2022;5;7:23:00;Huelga parcial;Operacional;Alta;VERDADERO;5;VERDADERO;0
2214;3520;35;21;3;27/01/2024;2024;1;6:53:00;Fallo electrico;Vehiculo;Alta;VERDADERO;60;VERDADERO;114565
2215;29414;15;15;6;23/08/2023;2023;8;19:17:00;Condiciones meteo;Externo;Media;FALSO;5;FALSO;0
2216;43375;32;4;6;01/06/2024;2024;6;15:35:00;Condiciones meteo;Externo;Media;FALSO;5;FALSO;0
2217;4963;8;8;3;17/08/2024;2024;8;18:32:00;Averia mecanica;Vehiculo;Alta;VERDADERO;7;VERDADERO;86437
2218;47216;9;9;4;31/07/2023;2023;7;12:40:00;Pasajero enfermo;Servicio;Media;FALSO;26;FALSO;7601
2219;17771;6;20;2;08/10/2023;2023;10;11:33:00;Vandalismo;Seguridad;Media;FALSO;9;FALSO;64882
2220;16072;29;1;3;01/12/2024;2024;12;8:01:00;Accidente grave;Seguridad;Critica;VERDADERO;44;FALSO;584057
2221;45843;22;8;10;22/03/2024;2024;3;22:14:00;Pinchazo;Vehiculo;Media;VERDADERO;30;VERDADERO;28017
2222;3886;23;23;8;24/06/2024;2024;6;10:41:00;Huelga parcial;Operacional;Alta;VERDADERO;66;VERDADERO;0
2223;21825;28;14;5;23/09/2022;2022;9;16:40:00;Accidente grave;Seguridad;Critica;VERDADERO;18;VERDADERO;595087
2224;15725;18;18;5;13/12/2024;2024;12;14:31:00;Fallo climatizacion;Vehiculo;Baja;FALSO;12;FALSO;17756
2225;2005;32;18;4;24/07/2024;2024;7;18:40:00;Huelga parcial;Operacional;Alta;VERDADERO;5;VERDADERO;0
2226;6057;10;10;8;11/02/2024;2024;2;21:02:00;Vandalismo;Seguridad;Media;FALSO;9;FALSO;66835
2227;22293;34;6;5;05/09/2023;2023;9;6:43:00;Pinchazo;Vehiculo;Media;VERDADERO;5;FALSO;14096
2228;3137;30;2;7;25/06/2022;2022;6;20:23:00;Accidente grave;Seguridad;Critica;VERDADERO;5;VERDADERO;943994
2229;21729;16;2;1;16/01/2024;2024;1;8:05:00;Condiciones meteo;Externo;Media;FALSO;17;FALSO;0
2230;13098;37;23;3;22/01/2022;2022;1;9:36:00;Averia mecanica;Vehiculo;Alta;VERDADERO;56;FALSO;280428
2231;34428;31;17;9;09/04/2024;2024;4;10:40:00;Obras calzada;Externo;Media;FALSO;13;FALSO;0
2232;44344;35;21;3;01/10/2024;2024;10;9:21:00;Vandalismo;Seguridad;Media;FALSO;5;FALSO;14054
2233;49722;37;23;2;24/05/2024;2024;5;10:12:00;Pinchazo;Vehiculo;Media;VERDADERO;29;VERDADERO;18819
2234;44727;40;12;7;07/12/2022;2022;12;18:51:00;Fallo climatizacion;Vehiculo;Baja;FALSO;20;FALSO;6796
2235;4316;33;5;5;27/01/2023;2023;1;6:31:00;Vandalismo;Seguridad;Media;FALSO;22;FALSO;67112
2236;11434;11;11;3;27/03/2023;2023;3;13:52:00;Accidente grave;Seguridad;Critica;VERDADERO;41;FALSO;1025357
2237;33239;18;4;4;06/05/2022;2022;5;13:00:00;Averia mecanica;Vehiculo;Alta;VERDADERO;25;FALSO;297768
2238;47413;38;10;10;13/05/2023;2023;5;23:21:00;Vandalismo;Seguridad;Media;FALSO;7;FALSO;51341
2239;29367;10;24;7;27/07/2024;2024;7;7:24:00;Pinchazo;Vehiculo;Media;VERDADERO;69;VERDADERO;30195
2240;31024;29;1;7;26/10/2022;2022;10;20:43:00;Condiciones meteo;Externo;Media;FALSO;29;FALSO;0
2241;17622;25;11;6;25/03/2024;2024;3;12:21:00;Huelga parcial;Operacional;Alta;VERDADERO;230;FALSO;0
2242;13353;40;26;1;06/09/2024;2024;9;9:11:00;Accidente leve;Seguridad;Alta;VERDADERO;111;FALSO;256288
2243;25261;20;6;5;29/06/2024;2024;6;11:32:00;Averia mecanica;Vehiculo;Alta;VERDADERO;55;FALSO;17518
2244;4806;19;19;2;14/06/2024;2024;6;11:13:00;Averia mecanica;Vehiculo;Alta;VERDADERO;15;VERDADERO;242665
2245;45637;26;26;5;30/09/2024;2024;9;8:21:00;Accidente leve;Seguridad;Alta;VERDADERO;20;VERDADERO;236431
2246;29469;28;14;2;24/12/2022;2022;12;8:13:00;Fallo electrico;Vehiculo;Alta;VERDADERO;11;FALSO;173351
2247;30897;28;14;5;26/03/2024;2024;3;6:20:00;Averia mecanica;Vehiculo;Alta;VERDADERO;51;FALSO;194054
2248;22884;37;9;8;05/04/2022;2022;4;6:00:00;Accidente leve;Seguridad;Alta;VERDADERO;29;VERDADERO;274866
2249;42329;36;22;5;06/07/2023;2023;7;20:41:00;Pinchazo;Vehiculo;Media;VERDADERO;41;VERDADERO;18513
2250;28815;4;4;3;26/06/2023;2023;6;19:18:00;Huelga parcial;Operacional;Alta;VERDADERO;40;FALSO;0
2251;34797;22;22;2;21/07/2023;2023;7;6:19:00;Vandalismo;Seguridad;Media;FALSO;17;FALSO;36118
2252;48681;4;18;2;18/02/2023;2023;2;15:24:00;Condiciones meteo;Externo;Media;FALSO;9;FALSO;0
2253;16523;18;4;2;18/07/2024;2024;7;20:27:00;Obras calzada;Externo;Media;FALSO;7;FALSO;0
2254;34411;14;28;5;28/09/2022;2022;9;9:13:00;Averia mecanica;Vehiculo;Alta;VERDADERO;13;FALSO;284705
2255;30294;13;27;5;03/09/2023;2023;9;10:22:00;Fallo electrico;Vehiculo;Alta;VERDADERO;74;VERDADERO;174131
2256;16862;21;7;10;24/09/2023;2023;9;22:00:00;Pasajero enfermo;Servicio;Media;FALSO;5;FALSO;9036
2257;37200;31;17;8;11/07/2023;2023;7;7:08:00;Huelga parcial;Operacional;Alta;VERDADERO;75;FALSO;0
2258;37715;42;28;8;16/03/2022;2022;3;19:08:00;Fallo climatizacion;Vehiculo;Baja;FALSO;98;FALSO;20658
2259;26362;29;15;4;26/02/2022;2022;2;15:20:00;Averia mecanica;Vehiculo;Alta;VERDADERO;21;VERDADERO;17956
2260;23393;42;14;6;02/10/2023;2023;10;14:51:00;Accidente grave;Seguridad;Critica;VERDADERO;136;FALSO;1418276
2261;40907;42;28;1;30/01/2024;2024;1;18:21:00;Accidente leve;Seguridad;Alta;VERDADERO;14;VERDADERO;312559
2262;36274;29;15;9;01/10/2023;2023;10;18:51:00;Vandalismo;Seguridad;Media;FALSO;5;FALSO;47966
2263;34976;33;5;6;07/10/2023;2023;10;10:40:00;Fallo electrico;Vehiculo;Alta;VERDADERO;54;VERDADERO;69142
2264;48572;21;21;1;16/10/2023;2023;10;8:10:00;Averia mecanica;Vehiculo;Alta;VERDADERO;68;FALSO;85327
2265;22637;42;14;8;14/04/2023;2023;4;9:50:00;Retencion trafico;Externo;Baja;FALSO;30;FALSO;1662
2266;38161;26;26;4;11/01/2022;2022;1;17:02:00;Condiciones meteo;Externo;Media;FALSO;10;FALSO;0
2267;32791;32;4;8;20/02/2023;2023;2;19:10:00;Vandalismo;Seguridad;Media;FALSO;15;FALSO;40864
2268;34516;35;21;4;17/01/2023;2023;1;17:38:00;Fallo electrico;Vehiculo;Alta;VERDADERO;7;VERDADERO;136245
2269;342;7;7;8;20/04/2023;2023;4;6:47:00;Huelga parcial;Operacional;Alta;VERDADERO;139;FALSO;0
2270;28852;41;13;1;03/04/2023;2023;4;16:46:00;Condiciones meteo;Externo;Media;FALSO;21;FALSO;0
2271;15640;17;17;1;12/07/2024;2024;7;11:11:00;Averia mecanica;Vehiculo;Alta;VERDADERO;7;VERDADERO;67436
2272;7482;7;7;7;29/02/2024;2024;2;6:12:00;Averia mecanica;Vehiculo;Alta;VERDADERO;6;FALSO;223953
2273;22173;40;26;6;11/12/2023;2023;12;12:18:00;Huelga parcial;Operacional;Alta;VERDADERO;174;VERDADERO;0
2274;16236;25;25;2;02/03/2023;2023;3;8:04:00;Huelga parcial;Operacional;Alta;VERDADERO;230;VERDADERO;0
2275;34440;1;1;3;13/12/2023;2023;12;7:42:00;Condiciones meteo;Externo;Media;FALSO;5;FALSO;0
2276;9304;23;9;6;22/03/2022;2022;3;6:15:00;Accidente grave;Seguridad;Critica;VERDADERO;110;VERDADERO;908261
2277;31764;13;13;5;22/09/2023;2023;9;19:37:00;Pinchazo;Vehiculo;Media;VERDADERO;16;VERDADERO;33258
2278;4409;42;14;4;11/07/2023;2023;7;16:57:00;Condiciones meteo;Externo;Media;FALSO;17;FALSO;0
2279;15128;9;9;3;29/11/2022;2022;11;18:32:00;Huelga parcial;Operacional;Alta;VERDADERO;11;VERDADERO;0
2280;20466;13;27;7;14/08/2023;2023;8;14:40:00;Pinchazo;Vehiculo;Media;VERDADERO;90;VERDADERO;3755
2281;15179;18;4;3;26/10/2024;2024;10;9:03:00;Condiciones meteo;Externo;Media;FALSO;15;FALSO;0
2282;16049;6;6;3;04/12/2024;2024;12;7:59:00;Fallo climatizacion;Vehiculo;Baja;FALSO;9;FALSO;16942
2283;22270;11;11;10;13/01/2022;2022;1;23:35:00;Obras calzada;Externo;Media;FALSO;15;FALSO;0
2284;48939;10;24;9;08/10/2023;2023;10;19:35:00;Huelga parcial;Operacional;Alta;VERDADERO;19;FALSO;0
2285;19682;27;27;8;31/01/2022;2022;1;11:01:00;Accidente grave;Seguridad;Critica;VERDADERO;12;VERDADERO;902757
2286;18684;37;9;9;30/03/2024;2024;3;10:51:00;Fallo climatizacion;Vehiculo;Baja;FALSO;42;FALSO;29108
2287;35536;5;5;9;06/10/2024;2024;10;15:30:00;Fallo climatizacion;Vehiculo;Baja;FALSO;39;FALSO;23602
2288;16108;23;9;6;23/01/2022;2022;1;12:53:00;Fallo climatizacion;Vehiculo;Baja;FALSO;17;FALSO;23336
2289;13760;27;13;10;21/10/2023;2023;10;23:56:00;Fallo climatizacion;Vehiculo;Baja;FALSO;17;FALSO;25711
2290;24494;9;23;2;19/09/2022;2022;9;10:14:00;Huelga parcial;Operacional;Alta;VERDADERO;16;VERDADERO;0
2291;33815;6;20;7;01/11/2022;2022;11;7:38:00;Averia mecanica;Vehiculo;Alta;VERDADERO;8;VERDADERO;281382
2292;38797;32;18;3;23/07/2023;2023;7;10:01:00;Obras calzada;Externo;Media;FALSO;19;FALSO;0
2293;9829;2;2;4;27/05/2023;2023;5;22:42:00;Pasajero enfermo;Servicio;Media;FALSO;5;FALSO;4941
2294;37811;12;12;6;31/07/2022;2022;7;15:50:00;Pasajero enfermo;Servicio;Media;FALSO;23;FALSO;920
2295;45298;23;23;1;31/10/2023;2023;10;22:40:00;Pasajero enfermo;Servicio;Media;FALSO;5;FALSO;4847
2296;36297;10;10;6;13/12/2024;2024;12;9:33:00;Vandalismo;Seguridad;Media;FALSO;8;FALSO;40388
2297;19139;30;16;7;29/01/2022;2022;1;21:10:00;Obras calzada;Externo;Media;FALSO;38;FALSO;0
2298;28890;37;23;2;30/09/2024;2024;9;11:28:00;Accidente leve;Seguridad;Alta;VERDADERO;44;VERDADERO;305616
2299;11430;7;7;10;19/12/2024;2024;12;23:54:00;Pasajero enfermo;Servicio;Media;FALSO;5;FALSO;7655
2300;8474;33;19;5;16/11/2024;2024;11;15:02:00;Accidente leve;Seguridad;Alta;VERDADERO;17;VERDADERO;184267
2301;31429;14;14;1;09/09/2022;2022;9;19:50:00;Fallo electrico;Vehiculo;Alta;VERDADERO;130;VERDADERO;116543
2302;25230;31;3;9;11/07/2022;2022;7;14:03:00;Huelga parcial;Operacional;Alta;VERDADERO;10;FALSO;0
2303;48134;3;3;3;15/12/2022;2022;12;19:42:00;Obras calzada;Externo;Media;FALSO;58;FALSO;0
2304;5344;11;25;4;26/06/2022;2022;6;21:50:00;Averia mecanica;Vehiculo;Alta;VERDADERO;8;VERDADERO;14749
2305;6430;5;19;1;18/05/2024;2024;5;12:20:00;Pasajero enfermo;Servicio;Media;FALSO;5;FALSO;6161
2306;10099;20;20;1;10/04/2022;2022;4;10:21:00;Obras calzada;Externo;Media;FALSO;5;FALSO;0
2307;32320;23;9;1;25/03/2023;2023;3;8:43:00;Retencion trafico;Externo;Baja;FALSO;51;FALSO;3655
2308;19892;27;13;9;18/11/2023;2023;11;10:50:00;Huelga parcial;Operacional;Alta;VERDADERO;57;VERDADERO;0
2309;7469;36;22;1;23/08/2024;2024;8;13:26:00;Averia mecanica;Vehiculo;Alta;VERDADERO;10;VERDADERO;172911
2310;34030;11;11;6;05/10/2024;2024;10;20:58:00;Fallo climatizacion;Vehiculo;Baja;FALSO;8;FALSO;9505
2311;38248;29;1;2;06/05/2023;2023;5;19:27:00;Huelga parcial;Operacional;Alta;VERDADERO;9;FALSO;0
2312;9621;4;18;3;16/02/2022;2022;2;13:25:00;Retencion trafico;Externo;Baja;FALSO;29;FALSO;3734
2313;24561;34;6;4;04/04/2023;2023;4;9:45:00;Pasajero enfermo;Servicio;Media;FALSO;20;FALSO;1313
2314;5298;7;7;3;22/11/2022;2022;11;19:32:00;Accidente leve;Seguridad;Alta;VERDADERO;28;FALSO;328156
2315;10440;25;25;2;11/10/2022;2022;10;19:30:00;Accidente grave;Seguridad;Critica;VERDADERO;66;VERDADERO;962809
2316;18111;10;24;1;12/08/2022;2022;8;12:46:00;Condiciones meteo;Externo;Media;FALSO;7;FALSO;0
2317;9562;29;15;3;18/11/2024;2024;11;20:07:00;Fallo climatizacion;Vehiculo;Baja;FALSO;12;FALSO;12781
2318;48361;20;6;8;17/07/2022;2022;7;18:54:00;Obras calzada;Externo;Media;FALSO;33;FALSO;0
2319;7457;24;10;8;23/04/2023;2023;4;15:29:00;Fallo electrico;Vehiculo;Alta;VERDADERO;89;FALSO;5668
2320;8664;13;13;9;14/06/2023;2023;6;20:24:00;Condiciones meteo;Externo;Media;FALSO;30;FALSO;0
2321;43406;21;7;4;05/09/2024;2024;9;19:34:00;Obras calzada;Externo;Media;FALSO;5;FALSO;0
2322;13507;26;12;6;01/04/2023;2023;4;15:16:00;Pinchazo;Vehiculo;Media;VERDADERO;26;VERDADERO;30305
2323;6891;4;4;1;04/06/2022;2022;6;9:31:00;Retencion trafico;Externo;Baja;FALSO;5;FALSO;2453
2324;46831;2;16;9;09/05/2023;2023;5;7:22:00;Averia mecanica;Vehiculo;Alta;VERDADERO;93;FALSO;84374
2325;46704;1;1;5;19/01/2023;2023;1;19:03:00;Pasajero enfermo;Servicio;Media;FALSO;5;FALSO;7868
2326;39127;26;12;9;10/10/2024;2024;10;18:22:00;Accidente grave;Seguridad;Critica;VERDADERO;91;FALSO;1400018
2327;38473;2;2;9;16/02/2024;2024;2;8:16:00;Averia mecanica;Vehiculo;Alta;VERDADERO;22;FALSO;131482
2328;6194;21;7;4;23/06/2023;2023;6;11:05:00;Retencion trafico;Externo;Baja;FALSO;23;FALSO;1368
2329;33181;2;2;7;11/12/2022;2022;12;13:01:00;Pasajero enfermo;Servicio;Media;FALSO;11;FALSO;1469
2330;4253;12;26;6;16/07/2024;2024;7;17:25:00;Condiciones meteo;Externo;Media;FALSO;14;FALSO;0
2331;15954;37;23;5;05/05/2024;2024;5;6:00:00;Accidente leve;Seguridad;Alta;VERDADERO;5;FALSO;283724
2332;30521;30;2;1;09/03/2024;2024;3;9:11:00;Pinchazo;Vehiculo;Media;VERDADERO;15;FALSO;14461
2333;22808;3;17;6;29/01/2023;2023;1;12:46:00;Huelga parcial;Operacional;Alta;VERDADERO;22;VERDADERO;0
2334;21584;39;25;4;02/03/2024;2024;3;20:53:00;Condiciones meteo;Externo;Media;FALSO;14;FALSO;0
2335;2419;26;12;8;07/08/2024;2024;8;20:13:00;Pasajero enfermo;Servicio;Media;FALSO;21;FALSO;252
2336;43474;5;19;4;02/10/2024;2024;10;15:40:00;Fallo climatizacion;Vehiculo;Baja;FALSO;11;FALSO;26602
2337;24110;3;3;4;20/11/2023;2023;11;11:50:00;Fallo climatizacion;Vehiculo;Baja;FALSO;17;FALSO;14627
2338;36561;22;22;8;20/05/2024;2024;5;17:25:00;Huelga parcial;Operacional;Alta;VERDADERO;10;VERDADERO;0
2339;31406;33;19;3;27/10/2022;2022;10;18:20:00;Pasajero enfermo;Servicio;Media;FALSO;5;FALSO;5264
2340;29906;3;3;3;17/07/2023;2023;7;7:34:00;Fallo electrico;Vehiculo;Alta;VERDADERO;37;VERDADERO;75568
2341;1955;24;24;6;04/02/2023;2023;2;7:37:00;Huelga parcial;Operacional;Alta;VERDADERO;5;VERDADERO;0
2342;35072;3;17;2;16/07/2022;2022;7;8:44:00;Obras calzada;Externo;Media;FALSO;9;FALSO;0
2343;45791;12;12;10;21/02/2023;2023;2;22:32:00;Fallo climatizacion;Vehiculo;Baja;FALSO;56;FALSO;8076
2344;10658;33;19;7;21/01/2023;2023;1;18:01:00;Fallo climatizacion;Vehiculo;Baja;FALSO;41;FALSO;23814
2345;3026;3;3;1;28/01/2022;2022;1;11:49:00;Accidente grave;Seguridad;Critica;VERDADERO;5;VERDADERO;1237284
2346;27392;9;9;9;04/01/2024;2024;1;7:17:00;Fallo electrico;Vehiculo;Alta;VERDADERO;34;FALSO;11817
2347;13971;28;28;10;18/01/2023;2023;1;23:10:00;Fallo climatizacion;Vehiculo;Baja;FALSO;7;FALSO;24274
2348;2117;18;18;3;14/02/2023;2023;2;10:04:00;Averia mecanica;Vehiculo;Alta;VERDADERO;71;VERDADERO;296117
2349;44219;36;8;6;18/11/2022;2022;11;9:23:00;Fallo climatizacion;Vehiculo;Baja;FALSO;18;FALSO;12197
2350;18634;29;15;10;03/04/2022;2022;4;4:09:00;Pinchazo;Vehiculo;Media;VERDADERO;9;VERDADERO;22652
2351;7921;26;26;5;15/09/2022;2022;9;17:08:00;Averia mecanica;Vehiculo;Alta;VERDADERO;52;VERDADERO;197686
2352;31123;2;16;4;23/06/2023;2023;6;19:36:00;Vandalismo;Seguridad;Media;FALSO;9;FALSO;25873
2353;7343;36;8;3;25/11/2024;2024;11;16:15:00;Pinchazo;Vehiculo;Media;VERDADERO;27;VERDADERO;1009
2354;22168;35;21;3;09/11/2023;2023;11;13:02:00;Obras calzada;Externo;Media;FALSO;13;FALSO;0
2355;14132;21;21;9;07/05/2024;2024;5;14:30:00;Accidente leve;Seguridad;Alta;VERDADERO;18;VERDADERO;254014
2356;2869;14;14;4;26/10/2022;2022;10;8:43:00;Accidente grave;Seguridad;Critica;VERDADERO;33;VERDADERO;211204
2357;3654;1;15;10;24/07/2023;2023;7;0:10:00;Averia mecanica;Vehiculo;Alta;VERDADERO;49;VERDADERO;263787
2358;21995;30;16;1;24/02/2022;2022;2;21:31:00;Huelga parcial;Operacional;Alta;VERDADERO;181;VERDADERO;0
2359;22372;29;1;4;06/03/2022;2022;3;15:10:00;Averia mecanica;Vehiculo;Alta;VERDADERO;26;FALSO;251255
2360;26474;15;15;3;10/12/2022;2022;12;13:42:00;Averia mecanica;Vehiculo;Alta;VERDADERO;15;VERDADERO;18659
2361;9737;36;22;7;01/10/2024;2024;10;12:22:00;Fallo electrico;Vehiculo;Alta;VERDADERO;14;VERDADERO;186574
2362;49794;25;11;9;19/05/2022;2022;5;17:21:00;Pinchazo;Vehiculo;Media;VERDADERO;5;FALSO;24081
2363;26601;16;2;3;11/12/2023;2023;12;10:50:00;Condiciones meteo;Externo;Media;FALSO;7;FALSO;0
2364;25542;7;7;10;08/04/2024;2024;4;4:00:00;Fallo electrico;Vehiculo;Alta;VERDADERO;20;VERDADERO;56095
2365;38906;15;15;6;14/12/2022;2022;12;12:08:00;Pasajero enfermo;Servicio;Media;FALSO;14;FALSO;2018
2366;15086;9;23;10;13/05/2023;2023;5;22:25:00;Pasajero enfermo;Servicio;Media;FALSO;7;FALSO;5107
2367;40413;10;10;10;02/08/2022;2022;8;23:31:00;Fallo climatizacion;Vehiculo;Baja;FALSO;42;FALSO;21048
2368;18279;10;24;8;21/02/2023;2023;2;22:32:00;Condiciones meteo;Externo;Media;FALSO;5;FALSO;0
2369;18290;21;7;3;24/11/2022;2022;11;12:01:00;Pinchazo;Vehiculo;Media;VERDADERO;16;VERDADERO;10025
2370;2970;31;3;7;08/01/2023;2023;1;17:20:00;Vandalismo;Seguridad;Media;FALSO;10;FALSO;15577
2371;28557;40;26;10;08/08/2023;2023;8;22:50:00;Accidente leve;Seguridad;Alta;VERDADERO;5;FALSO;118982
2372;6836;33;5;4;15/09/2023;2023;9;14:23:00;Fallo electrico;Vehiculo;Alta;VERDADERO;55;VERDADERO;85778
2373;45468;25;25;1;15/04/2023;2023;4;19:31:00;Huelga parcial;Operacional;Alta;VERDADERO;5;FALSO;0
2374;13580;15;1;7;15/01/2024;2024;1;20:30:00;Retencion trafico;Externo;Baja;FALSO;41;FALSO;3363
2375;32129;42;14;5;30/04/2024;2024;4;21:46:00;Fallo climatizacion;Vehiculo;Baja;FALSO;5;FALSO;7656
2376;23444;9;9;7;07/07/2022;2022;7;19:15:00;Retencion trafico;Externo;Baja;FALSO;43;FALSO;4017
2377;145;20;6;10;21/03/2023;2023;3;23:38:00;Obras calzada;Externo;Media;FALSO;6;FALSO;0
2378;29707;14;28;8;22/01/2023;2023;1;9:32:00;Accidente leve;Seguridad;Alta;VERDADERO;5;VERDADERO;394653
2379;9878;9;23;3;05/06/2022;2022;6;6:57:00;Pasajero enfermo;Servicio;Media;FALSO;13;FALSO;4437
2380;17582;27;27;8;27/01/2023;2023;1;19:06:00;Accidente grave;Seguridad;Critica;VERDADERO;5;VERDADERO;1236385
2381;33252;31;17;4;28/12/2023;2023;12;6:10:00;Pinchazo;Vehiculo;Media;VERDADERO;5;VERDADERO;12857
2382;16345;8;22;5;01/05/2023;2023;5;20:59:00;Accidente leve;Seguridad;Alta;VERDADERO;30;FALSO;168967
2383;24104;39;25;1;14/05/2024;2024;5;8:20:00;Fallo electrico;Vehiculo;Alta;VERDADERO;49;VERDADERO;177475
2384;47235;28;28;10;23/04/2023;2023;4;23:59:00;Obras calzada;Externo;Media;FALSO;20;FALSO;0
2385;4623;4;4;8;02/08/2022;2022;8;16:26:00;Averia mecanica;Vehiculo;Alta;VERDADERO;5;FALSO;213743
2386;40553;24;10;4;06/09/2024;2024;9;7:12:00;Accidente leve;Seguridad;Alta;VERDADERO;58;FALSO;157499
2387;1254;37;23;8;17/05/2022;2022;5;8:20:00;Averia mecanica;Vehiculo;Alta;VERDADERO;52;VERDADERO;228772
2388;13076;15;1;8;09/04/2024;2024;4;13:33:00;Condiciones meteo;Externo;Media;FALSO;8;FALSO;0
2389;28365;16;2;8;08/03/2024;2024;3;20:10:00;Pinchazo;Vehiculo;Media;VERDADERO;5;VERDADERO;10166
2390;7144;5;5;10;03/10/2023;2023;10;5:01:00;Fallo climatizacion;Vehiculo;Baja;FALSO;5;FALSO;1956
2391;17839;32;4;3;03/05/2024;2024;5;18:16:00;Pasajero enfermo;Servicio;Media;FALSO;18;FALSO;9359
2392;31493;36;22;1;25/04/2022;2022;4;20:21:00;Huelga parcial;Operacional;Alta;VERDADERO;5;VERDADERO;0
2393;30169;14;14;8;08/02/2022;2022;2;6:33:00;Accidente leve;Seguridad;Alta;VERDADERO;5;VERDADERO;120767
2394;41841;10;10;8;14/09/2023;2023;9;9:21:00;Vandalismo;Seguridad;Media;FALSO;8;FALSO;48006
2395;40085;18;18;5;24/01/2024;2024;1;16:16:00;Vandalismo;Seguridad;Media;FALSO;10;FALSO;2830
2396;12801;34;6;6;15/01/2023;2023;1;11:21:00;Pinchazo;Vehiculo;Media;VERDADERO;5;VERDADERO;12338
2397;6195;22;8;4;26/09/2024;2024;9;20:30:00;Pinchazo;Vehiculo;Media;VERDADERO;35;VERDADERO;10633
2398;13686;37;23;9;23/02/2024;2024;2;21:00:00;Huelga parcial;Operacional;Alta;VERDADERO;5;VERDADERO;0
2399;23380;29;1;5;20/03/2023;2023;3;15:42:00;Averia mecanica;Vehiculo;Alta;VERDADERO;45;VERDADERO;188924
2400;27064;17;17;3;01/01/2023;2023;1;9:31:00;Fallo electrico;Vehiculo;Alta;VERDADERO;30;FALSO;55096
2401;34163;18;4;3;04/03/2023;2023;3;19:20:00;Pinchazo;Vehiculo;Media;VERDADERO;9;VERDADERO;29438
2402;45521;36;22;9;19/02/2023;2023;2;19:26:00;Retencion trafico;Externo;Baja;FALSO;31;FALSO;625
2403;16543;38;24;1;03/10/2024;2024;10;11:34:00;Huelga parcial;Operacional;Alta;VERDADERO;10;VERDADERO;0
2404;14564;33;5;10;08/07/2023;2023;7;23:42:00;Fallo electrico;Vehiculo;Alta;VERDADERO;125;VERDADERO;113822
2405;26766;13;27;7;24/06/2023;2023;6;12:14:00;Retencion trafico;Externo;Baja;FALSO;5;FALSO;3498
2406;49616;15;1;9;16/05/2023;2023;5;8:04:00;Pinchazo;Vehiculo;Media;VERDADERO;12;VERDADERO;34849
2407;10854;19;19;2;02/01/2023;2023;1;19:55:00;Vandalismo;Seguridad;Media;FALSO;5;FALSO;67059
2408;29181;34;6;4;08/12/2022;2022;12;16:41:00;Retencion trafico;Externo;Baja;FALSO;25;FALSO;1217
2409;39363;10;24;6;15/06/2024;2024;6;7:30:00;Fallo climatizacion;Vehiculo;Baja;FALSO;5;FALSO;22749
2410;38960;27;13;6;02/04/2024;2024;4;9:11:00;Fallo climatizacion;Vehiculo;Baja;FALSO;9;FALSO;2078
2411;12372;25;25;5;17/04/2024;2024;4;22:02:00;Obras calzada;Externo;Media;FALSO;6;FALSO;0
2412;44510;33;19;6;22/01/2023;2023;1;20:06:00;Obras calzada;Externo;Media;FALSO;5;FALSO;0
2413;28233;10;10;9;18/09/2023;2023;9;6:56:00;Accidente grave;Seguridad;Critica;VERDADERO;7;FALSO;876724
2414;12124;29;1;7;28/10/2022;2022;10;11:00:00;Huelga parcial;Operacional;Alta;VERDADERO;5;FALSO;0
2415;17312;9;9;9;16/02/2022;2022;2;7:51:00;Accidente grave;Seguridad;Critica;VERDADERO;106;FALSO;582026
2416;33818;9;23;7;12/02/2023;2023;2;13:01:00;Pinchazo;Vehiculo;Media;VERDADERO;5;VERDADERO;33638
2417;3618;7;7;3;21/02/2024;2024;2;16:42:00;Averia mecanica;Vehiculo;Alta;VERDADERO;66;VERDADERO;78966
2418;1122;31;3;10;05/11/2023;2023;11;23:44:00;Retencion trafico;Externo;Baja;FALSO;16;FALSO;3648
2419;48746;27;27;5;21/03/2023;2023;3;21:51:00;Fallo climatizacion;Vehiculo;Baja;FALSO;13;FALSO;15848
2420;26186;21;7;4;13/08/2024;2024;8;10:50:00;Accidente leve;Seguridad;Alta;VERDADERO;28;VERDADERO;230715
2421;31589;6;6;10;28/04/2024;2024;4;22:40:00;Obras calzada;Externo;Media;FALSO;7;FALSO;0
2422;43814;9;23;3;01/01/2023;2023;1;14:00:00;Pinchazo;Vehiculo;Media;VERDADERO;5;FALSO;11107
2423;24804;25;25;9;22/01/2024;2024;1;13:31:00;Accidente leve;Seguridad;Alta;VERDADERO;21;FALSO;114092
2424;28453;20;6;4;24/01/2022;2022;1;20:43:00;Retencion trafico;Externo;Baja;FALSO;17;FALSO;349
2425;35352;31;17;8;25/04/2024;2024;4;8:20:00;Fallo climatizacion;Vehiculo;Baja;FALSO;5;FALSO;23611
2426;32606;15;15;5;02/08/2024;2024;8;15:32:00;Huelga parcial;Operacional;Alta;VERDADERO;19;VERDADERO;0
2427;31578;37;23;5;18/01/2024;2024;1;15:50:00;Accidente grave;Seguridad;Critica;VERDADERO;115;VERDADERO;95737
2428;32898;13;27;6;07/12/2024;2024;12;19:31:00;Accidente leve;Seguridad;Alta;VERDADERO;5;FALSO;254327
2429;21749;36;22;5;20/12/2023;2023;12;19:07:00;Vandalismo;Seguridad;Media;FALSO;21;FALSO;27843
2430;10211;6;20;8;09/11/2023;2023;11;7:09:00;Huelga parcial;Operacional;Alta;VERDADERO;12;VERDADERO;0
2431;30479;30;16;10;25/08/2022;2022;8;22:31:00;Pinchazo;Vehiculo;Media;VERDADERO;5;VERDADERO;1012
2432;24527;42;28;8;15/12/2022;2022;12;7:25:00;Condiciones meteo;Externo;Media;FALSO;7;FALSO;0
2433;39454;17;3;1;21/07/2024;2024;7;9:10:00;Vandalismo;Seguridad;Media;FALSO;33;FALSO;48899
2434;48003;40;12;2;06/02/2024;2024;2;20:40:00;Fallo climatizacion;Vehiculo;Baja;FALSO;16;FALSO;16889
2435;21366;31;3;5;23/10/2024;2024;10;13:45:00;Accidente grave;Seguridad;Critica;VERDADERO;205;VERDADERO;883914
2436;22816;11;25;4;03/04/2022;2022;4;10:04:00;Fallo climatizacion;Vehiculo;Baja;FALSO;5;FALSO;20206
2437;33754;29;15;8;14/09/2023;2023;9;15:15:00;Averia mecanica;Vehiculo;Alta;VERDADERO;23;FALSO;253801
2438;41620;41;13;6;15/02/2023;2023;2;7:39:00;Pasajero enfermo;Servicio;Media;FALSO;65;FALSO;3839
2439;20331;4;4;10;14/01/2024;2024;1;23:45:00;Fallo electrico;Vehiculo;Alta;VERDADERO;33;VERDADERO;82345
2440;27652;17;17;1;31/05/2024;2024;5;12:50:00;Accidente leve;Seguridad;Alta;VERDADERO;37;FALSO;390487
2441;16034;33;19;8;13/04/2024;2024;4;13:01:00;Fallo climatizacion;Vehiculo;Baja;FALSO;9;FALSO;14725
2442;45694;41;27;2;28/07/2023;2023;7;20:22:00;Accidente grave;Seguridad;Critica;VERDADERO;57;VERDADERO;558507
2443;43868;21;21;6;16/04/2023;2023;4;14:00:00;Fallo electrico;Vehiculo;Alta;VERDADERO;6;VERDADERO;171031
2444;7880;27;13;7;22/05/2023;2023;5;20:31:00;Pinchazo;Vehiculo;Media;VERDADERO;47;VERDADERO;25507
2445;2085;28;14;1;01/11/2024;2024;11;20:31:00;Pinchazo;Vehiculo;Media;VERDADERO;26;FALSO;19665
2446;36921;4;18;5;26/09/2022;2022;9;12:33:00;Retencion trafico;Externo;Baja;FALSO;21;FALSO;50
2447;12688;5;5;2;10/03/2024;2024;3;15:11:00;Averia mecanica;Vehiculo;Alta;VERDADERO;140;VERDADERO;24808
2448;13322;9;23;6;10/02/2023;2023;2;6:23:00;Accidente leve;Seguridad;Alta;VERDADERO;83;FALSO;274032
2449;17833;26;26;8;05/02/2023;2023;2;6:39:00;Fallo electrico;Vehiculo;Alta;VERDADERO;51;VERDADERO;153787
2450;32611;20;20;6;08/06/2024;2024;6;8:24:00;Accidente grave;Seguridad;Critica;VERDADERO;209;VERDADERO;384941
2451;46169;12;26;7;19/07/2024;2024;7;7:24:00;Fallo electrico;Vehiculo;Alta;VERDADERO;93;FALSO;166752
2452;45418;17;3;1;31/05/2022;2022;5;20:22:00;Pasajero enfermo;Servicio;Media;FALSO;12;FALSO;8722
2453;4036;5;5;1;29/11/2022;2022;11;11:30:00;Accidente grave;Seguridad;Critica;VERDADERO;42;VERDADERO;342865
2454;23657;12;26;6;06/05/2022;2022;5;15:24:00;Accidente grave;Seguridad;Critica;VERDADERO;75;FALSO;981522
2455;19013;30;2;3;12/02/2023;2023;2;15:44:00;Huelga parcial;Operacional;Alta;VERDADERO;8;FALSO;0
2456;44034;19;19;5;26/09/2023;2023;9;9:30:00;Averia mecanica;Vehiculo;Alta;VERDADERO;33;FALSO;21247
2457;400;23;9;1;02/12/2024;2024;12;7:43:00;Condiciones meteo;Externo;Media;FALSO;5;FALSO;0
2458;28161;22;22;10;14/09/2024;2024;9;22:10:00;Fallo electrico;Vehiculo;Alta;VERDADERO;16;VERDADERO;6998
2459;17437;8;22;7;02/10/2022;2022;10;21:51:00;Accidente grave;Seguridad;Critica;VERDADERO;25;VERDADERO;491322
2460;41096;21;21;7;20/08/2024;2024;8;6:21:00;Accidente leve;Seguridad;Alta;VERDADERO;18;VERDADERO;25945
2461;22495;26;12;7;20/02/2024;2024;2;8:30:00;Obras calzada;Externo;Media;FALSO;24;FALSO;0
2462;30823;38;24;8;28/10/2022;2022;10;11:01:00;Fallo climatizacion;Vehiculo;Baja;FALSO;13;FALSO;21766
2463;20051;18;4;1;19/11/2024;2024;11;12:20:00;Fallo climatizacion;Vehiculo;Baja;FALSO;5;FALSO;1558
2464;40023;40;12;9;28/05/2022;2022;5;6:05:00;Vandalismo;Seguridad;Media;FALSO;12;FALSO;22802
2465;12760;35;21;10;16/04/2024;2024;4;5:02:00;Pasajero enfermo;Servicio;Media;FALSO;45;FALSO;499
2466;31167;4;4;7;25/08/2023;2023;8;11:43:00;Accidente leve;Seguridad;Alta;VERDADERO;46;FALSO;362777
2467;6468;1;1;4;17/04/2022;2022;4;17:41:00;Accidente grave;Seguridad;Critica;VERDADERO;62;VERDADERO;82908
2468;32238;25;11;8;11/07/2024;2024;7;21:53:00;Pasajero enfermo;Servicio;Media;FALSO;20;FALSO;2734
2469;1373;30;2;5;10/10/2024;2024;10;13:43:00;Fallo climatizacion;Vehiculo;Baja;FALSO;5;FALSO;2227
2470;38359;14;28;5;26/12/2022;2022;12;19:10:00;Huelga parcial;Operacional;Alta;VERDADERO;75;VERDADERO;0
2471;927;4;4;3;19/03/2023;2023;3;20:21:00;Vandalismo;Seguridad;Media;FALSO;47;FALSO;29609
2472;35818;35;7;6;24/05/2023;2023;5;12:10:00;Huelga parcial;Operacional;Alta;VERDADERO;13;FALSO;0
2473;10116;37;9;2;20/08/2024;2024;8;18:27:00;Retencion trafico;Externo;Baja;FALSO;5;FALSO;1736
2474;8319;4;4;5;19/08/2024;2024;8;8:27:00;Obras calzada;Externo;Media;FALSO;24;FALSO;0
2475;26073;34;6;8;28/12/2023;2023;12;15:35:00;Vandalismo;Seguridad;Media;FALSO;5;FALSO;35496
2476;29730;37;23;4;30/07/2024;2024;7;11:23:00;Pasajero enfermo;Servicio;Media;FALSO;12;FALSO;3079
2477;9626;9;23;4;05/01/2022;2022;1;20:14:00;Pasajero enfermo;Servicio;Media;FALSO;11;FALSO;6533
2478;3786;7;7;10;05/10/2024;2024;10;22:00:00;Retencion trafico;Externo;Baja;FALSO;26;FALSO;3031
2479;20886;13;27;1;09/10/2024;2024;10;6:55:00;Accidente grave;Seguridad;Critica;VERDADERO;7;FALSO;854042
2480;6905;18;18;9;15/07/2022;2022;7;11:24:00;Retencion trafico;Externo;Baja;FALSO;5;FALSO;1674
2481;6479;12;12;1;13/06/2022;2022;6;7:22:00;Pasajero enfermo;Servicio;Media;FALSO;7;FALSO;9422
2482;27149;18;18;7;17/01/2023;2023;1;8:13:00;Accidente grave;Seguridad;Critica;VERDADERO;24;VERDADERO;396863
2483;33658;17;3;9;25/02/2024;2024;2;15:34:00;Condiciones meteo;Externo;Media;FALSO;5;FALSO;0
2484;38900;9;9;7;06/07/2023;2023;7;14:41:00;Vandalismo;Seguridad;Media;FALSO;27;FALSO;37233
2485;26817;22;22;9;14/08/2022;2022;8;15:31:00;Averia mecanica;Vehiculo;Alta;VERDADERO;106;VERDADERO;173966
2486;35547;16;16;1;26/10/2022;2022;10;20:21:00;Obras calzada;Externo;Media;FALSO;36;FALSO;0
2487;41572;35;21;7;11/09/2022;2022;9;11:14:00;Pasajero enfermo;Servicio;Media;FALSO;5;FALSO;4954
2488;24448;5;5;7;28/11/2022;2022;11;9:13:00;Accidente leve;Seguridad;Alta;VERDADERO;5;FALSO;335401
2489;30246;7;7;7;04/03/2023;2023;3;22:03:00;Retencion trafico;Externo;Baja;FALSO;32;FALSO;1483
2490;22558;5;19;9;13/12/2023;2023;12;16:21:00;Vandalismo;Seguridad;Media;FALSO;23;FALSO;30722
2491;45579;10;24;4;22/12/2023;2023;12;20:43:00;Pinchazo;Vehiculo;Media;VERDADERO;18;VERDADERO;39055
2492;17736;13;13;6;05/09/2024;2024;9;16:43:00;Vandalismo;Seguridad;Media;FALSO;14;FALSO;77789
2493;25981;26;26;2;09/10/2023;2023;10;19:30:00;Accidente leve;Seguridad;Alta;VERDADERO;71;FALSO;399991
2494;5865;28;14;7;22/08/2022;2022;8;13:01:00;Retencion trafico;Externo;Baja;FALSO;23;FALSO;208
2495;6530;21;7;9;24/11/2022;2022;11;15:32:00;Accidente grave;Seguridad;Critica;VERDADERO;74;VERDADERO;124268
2496;10537;38;10;1;09/02/2022;2022;2;9:21:00;Pinchazo;Vehiculo;Media;VERDADERO;19;VERDADERO;18773
2497;28213;32;18;3;02/02/2023;2023;2;13:10:00;Huelga parcial;Operacional;Alta;VERDADERO;14;FALSO;0
2498;7361;12;26;7;10/03/2022;2022;3;11:31:00;Accidente leve;Seguridad;Alta;VERDADERO;100;VERDADERO;20188
2499;38903;12;12;8;18/12/2022;2022;12;15:44:00;Pinchazo;Vehiculo;Media;VERDADERO;18;VERDADERO;13262
2500;12511;38;24;1;24/12/2023;2023;12;13:10:00;Condiciones meteo;Externo;Media;FALSO;14;FALSO;0
2501;10454;39;11;9;12/11/2022;2022;11;12:20:00;Obras calzada;Externo;Media;FALSO;8;FALSO;0
2502;18378;25;11;1;22/09/2023;2023;9;11:41:00;Accidente leve;Seguridad;Alta;VERDADERO;220;FALSO;273269
2503;20738;33;19;9;28/11/2022;2022;11;17:20:00;Accidente leve;Seguridad;Alta;VERDADERO;6;VERDADERO;39140
2504;43336;35;21;5;26/06/2022;2022;6;19:30:00;Obras calzada;Externo;Media;FALSO;15;FALSO;0
2505;8394;37;23;7;10/10/2024;2024;10;9:40:00;Obras calzada;Externo;Media;FALSO;7;FALSO;0
2506;21103;20;20;3;22/03/2024;2024;3;18:27:00;Pinchazo;Vehiculo;Media;VERDADERO;5;VERDADERO;32511
2507;1163;30;16;9;13/02/2023;2023;2;19:47:00;Fallo electrico;Vehiculo;Alta;VERDADERO;9;VERDADERO;142739
2508;2532;13;13;10;14/06/2022;2022;6;5:20:00;Obras calzada;Externo;Media;FALSO;72;FALSO;0
2509;7845;34;6;5;12/09/2024;2024;9;6:41:00;Obras calzada;Externo;Media;FALSO;5;FALSO;0
2510;26048;9;9;5;09/02/2024;2024;2;6:52:00;Vandalismo;Seguridad;Media;FALSO;7;FALSO;64303
2511;39017;42;14;5;15/02/2023;2023;2;6:18:00;Fallo electrico;Vehiculo;Alta;VERDADERO;94;FALSO;192737
2512;41843;12;12;6;30/04/2023;2023;4;9:31:00;Huelga parcial;Operacional;Alta;VERDADERO;5;VERDADERO;0
2513;12703;20;20;3;05/03/2022;2022;3;15:17:00;Pinchazo;Vehiculo;Media;VERDADERO;9;FALSO;31795
2514;33513;40;26;5;02/10/2023;2023;10;18:13:00;Condiciones meteo;Externo;Media;FALSO;54;FALSO;0
2515;19803;22;8;9;12/01/2023;2023;1;13:30:00;Pasajero enfermo;Servicio;Media;FALSO;6;FALSO;8115
2516;5752;41;13;6;11/05/2024;2024;5;7:51:00;Averia mecanica;Vehiculo;Alta;VERDADERO;5;VERDADERO;113137
2517;34356;1;1;8;01/10/2023;2023;10;15:13:00;Retencion trafico;Externo;Baja;FALSO;5;FALSO;2874
2518;30770;27;27;1;14/10/2023;2023;10;7:48:00;Accidente grave;Seguridad;Critica;VERDADERO;9;VERDADERO;1019659
2519;36493;38;10;8;22/10/2023;2023;10;10:41:00;Pinchazo;Vehiculo;Media;VERDADERO;15;FALSO;27847
2520;25058;27;27;4;03/04/2022;2022;4;9:33:00;Condiciones meteo;Externo;Media;FALSO;30;FALSO;0
2521;15822;31;3;3;11/06/2022;2022;6;6:01:00;Averia mecanica;Vehiculo;Alta;VERDADERO;9;FALSO;242693
2522;28284;19;5;1;09/12/2024;2024;12;22:02:00;Averia mecanica;Vehiculo;Alta;VERDADERO;5;VERDADERO;54681
2523;13651;2;16;3;20/11/2024;2024;11;9:52:00;Averia mecanica;Vehiculo;Alta;VERDADERO;68;VERDADERO;186883
2524;40571;42;28;10;09/02/2022;2022;2;22:20:00;Vandalismo;Seguridad;Media;FALSO;17;FALSO;71703
2525;17173;38;10;5;05/03/2022;2022;3;21:56:00;Pasajero enfermo;Servicio;Media;FALSO;18;FALSO;2417
2526;12284;21;21;8;28/05/2023;2023;5;21:52:00;Retencion trafico;Externo;Baja;FALSO;44;FALSO;352
2527;35461;14;14;9;21/07/2022;2022;7;10:20:00;Condiciones meteo;Externo;Media;FALSO;38;FALSO;0
2528;34060;41;13;9;04/10/2023;2023;10;20:42:00;Pinchazo;Vehiculo;Media;VERDADERO;5;VERDADERO;1120
2529;35236;41;13;6;12/04/2024;2024;4;6:50:00;Averia mecanica;Vehiculo;Alta;VERDADERO;5;VERDADERO;251558
2530;26634;7;7;5;16/12/2024;2024;12;18:56:00;Fallo electrico;Vehiculo;Alta;VERDADERO;51;VERDADERO;73422
2531;24471;28;28;5;28/03/2023;2023;3;9:40:00;Retencion trafico;Externo;Baja;FALSO;5;FALSO;4659
2532;18416;21;21;4;31/12/2024;2024;12;6:04:00;Obras calzada;Externo;Media;FALSO;5;FALSO;0
2533;18955;14;28;2;20/11/2023;2023;11;18:43:00;Huelga parcial;Operacional;Alta;VERDADERO;15;VERDADERO;0
2534;37194;25;11;1;06/01/2023;2023;1;20:30:00;Huelga parcial;Operacional;Alta;VERDADERO;122;FALSO;0
2535;20719;14;28;1;14/07/2023;2023;7;8:33:00;Obras calzada;Externo;Media;FALSO;20;FALSO;0
2536;37401;22;22;1;14/07/2024;2024;7;9:20:00;Retencion trafico;Externo;Baja;FALSO;49;FALSO;241
2537;3264;31;17;9;07/07/2023;2023;7;6:39:00;Fallo climatizacion;Vehiculo;Baja;FALSO;8;FALSO;7583
2538;46180;23;9;9;28/06/2023;2023;6;19:56:00;Condiciones meteo;Externo;Media;FALSO;25;FALSO;0
2539;31126;5;19;2;01/05/2022;2022;5;7:19:00;Pasajero enfermo;Servicio;Media;FALSO;9;FALSO;6345
2540;42233;24;10;8;08/06/2024;2024;6;6:25:00;Retencion trafico;Externo;Baja;FALSO;6;FALSO;4909
2541;43714;35;7;10;26/04/2023;2023;4;0:40:00;Fallo electrico;Vehiculo;Alta;VERDADERO;5;FALSO;146003
2542;7025;12;26;8;04/06/2022;2022;6;16:00:00;Condiciones meteo;Externo;Media;FALSO;5;FALSO;0
2543;17499;28;28;9;04/11/2022;2022;11;15:12:00;Fallo climatizacion;Vehiculo;Baja;FALSO;65;FALSO;20864
2544;29713;20;6;7;07/07/2024;2024;7;9:00:00;Accidente grave;Seguridad;Critica;VERDADERO;8;VERDADERO;1164737
2545;32788;29;1;6;30/11/2024;2024;11;13:01:00;Obras calzada;Externo;Media;FALSO;35;FALSO;0
2546;15108;31;17;4;22/11/2024;2024;11;11:46:00;Pasajero enfermo;Servicio;Media;FALSO;12;FALSO;5899
2547;2477;42;14;3;07/06/2024;2024;6;11:40:00;Vandalismo;Seguridad;Media;FALSO;36;FALSO;76869
2548;48078;31;3;7;16/10/2022;2022;10;20:42:00;Pinchazo;Vehiculo;Media;VERDADERO;5;FALSO;31251
2549;11349;10;10;8;17/08/2022;2022;8;16:34:00;Averia mecanica;Vehiculo;Alta;VERDADERO;5;VERDADERO;39351
2550;29035;14;28;10;27/05/2024;2024;5;22:40:00;Fallo electrico;Vehiculo;Alta;VERDADERO;33;FALSO;115116
2551;1912;23;9;9;12/09/2023;2023;9;7:31:00;Retencion trafico;Externo;Baja;FALSO;33;FALSO;143
2552;27728;9;9;8;19/11/2022;2022;11;11:00:00;Averia mecanica;Vehiculo;Alta;VERDADERO;5;VERDADERO;93236
2553;36500;3;17;1;12/09/2023;2023;9;10:43:00;Retencion trafico;Externo;Baja;FALSO;50;FALSO;2546
2554;42094;11;11;6;01/02/2023;2023;2;17:02:00;Obras calzada;Externo;Media;FALSO;5;FALSO;0
2555;49531;14;28;10;16/08/2023;2023;8;1:20:00;Fallo electrico;Vehiculo;Alta;VERDADERO;79;VERDADERO;173503
2556;27312;13;13;4;28/11/2023;2023;11;20:18:00;Accidente leve;Seguridad;Alta;VERDADERO;85;FALSO;372019
2557;14599;26;12;7;30/12/2022;2022;12;10:54:00;Accidente grave;Seguridad;Critica;VERDADERO;7;FALSO;280645
2558;12075;22;8;9;31/01/2022;2022;1;8:11:00;Pasajero enfermo;Servicio;Media;FALSO;9;FALSO;51
2559;41321;36;22;6;14/06/2024;2024;6;14:02:00;Accidente leve;Seguridad;Alta;VERDADERO;28;VERDADERO;326923
2560;28988;9;9;4;08/09/2022;2022;9;6:42:00;Huelga parcial;Operacional;Alta;VERDADERO;5;VERDADERO;0
2561;2099;42;28;9;05/07/2023;2023;7;10:13:00;Vandalismo;Seguridad;Media;FALSO;11;FALSO;30962
2562;19534;5;19;7;20/04/2022;2022;4;18:18:00;Fallo electrico;Vehiculo;Alta;VERDADERO;5;VERDADERO;37495
2563;34940;39;25;3;30/08/2023;2023;8;12:13:00;Accidente grave;Seguridad;Critica;VERDADERO;8;VERDADERO;1376682
2564;8024;3;17;9;01/11/2022;2022;11;15:55:00;Huelga parcial;Operacional;Alta;VERDADERO;15;VERDADERO;0
2565;13254;25;11;7;15/01/2024;2024;1;22:33:00;Accidente leve;Seguridad;Alta;VERDADERO;5;VERDADERO;392467
2566;1986;13;27;10;26/01/2022;2022;1;23:10:00;Pinchazo;Vehiculo;Media;VERDADERO;16;VERDADERO;18289
2567;26012;15;1;8;06/04/2023;2023;4;16:27:00;Accidente grave;Seguridad;Critica;VERDADERO;70;VERDADERO;971964
2568;3336;19;5;5;25/06/2022;2022;6;14:20:00;Retencion trafico;Externo;Baja;FALSO;61;FALSO;4717
2569;26621;36;22;4;26/05/2022;2022;5;15:41:00;Retencion trafico;Externo;Baja;FALSO;5;FALSO;1073
2570;11745;28;14;6;27/12/2022;2022;12;12:26:00;Obras calzada;Externo;Media;FALSO;5;FALSO;0
2571;18477;40;26;3;19/11/2024;2024;11;20:55:00;Averia mecanica;Vehiculo;Alta;VERDADERO;8;FALSO;271132
2572;47612;27;13;7;18/04/2024;2024;4;17:34:00;Vandalismo;Seguridad;Media;FALSO;52;FALSO;21777
2573;25537;2;2;1;12/07/2024;2024;7;9:50:00;Accidente grave;Seguridad;Critica;VERDADERO;19;VERDADERO;1016507
2574;20865;34;6;1;08/01/2023;2023;1;21:01:00;Pinchazo;Vehiculo;Media;VERDADERO;22;FALSO;14646
2575;43447;20;20;4;29/01/2024;2024;1;20:59:00;Obras calzada;Externo;Media;FALSO;5;FALSO;0
2576;8007;28;28;1;26/03/2024;2024;3;12:16:00;Pasajero enfermo;Servicio;Media;FALSO;8;FALSO;7673
2577;29077;14;14;5;18/07/2023;2023;7;10:11:00;Retencion trafico;Externo;Baja;FALSO;23;FALSO;4287
2578;43721;42;14;10;20/04/2024;2024;4;4:10:00;Pasajero enfermo;Servicio;Media;FALSO;5;FALSO;9655
2579;23001;28;14;2;06/04/2023;2023;4;21:13:00;Accidente leve;Seguridad;Alta;VERDADERO;11;FALSO;399222
2580;28194;13;27;6;12/08/2023;2023;8;8:07:00;Huelga parcial;Operacional;Alta;VERDADERO;14;VERDADERO;0
2581;21513;10;10;10;09/11/2024;2024;11;23:12:00;Huelga parcial;Operacional;Alta;VERDADERO;46;VERDADERO;0
2582;21025;26;26;4;31/08/2022;2022;8;6:24:00;Vandalismo;Seguridad;Media;FALSO;7;FALSO;51675
2583;15295;8;8;3;15/03/2023;2023;3;10:12:00;Fallo climatizacion;Vehiculo;Baja;FALSO;5;FALSO;2976
2584;11662;29;15;9;13/09/2024;2024;9;9:50:00;Fallo electrico;Vehiculo;Alta;VERDADERO;43;FALSO;136745
2585;31719;10;24;2;16/01/2022;2022;1;7:30:00;Huelga parcial;Operacional;Alta;VERDADERO;14;FALSO;0
2586;42116;33;5;6;25/09/2023;2023;9;6:28:00;Accidente leve;Seguridad;Alta;VERDADERO;5;VERDADERO;384664
2587;28242;19;19;6;18/07/2024;2024;7;12:20:00;Accidente leve;Seguridad;Alta;VERDADERO;5;FALSO;191307
2588;43152;19;5;4;13/05/2022;2022;5;13:42:00;Vandalismo;Seguridad;Media;FALSO;5;FALSO;2035
2589;9695;36;8;3;11/07/2024;2024;7;6:28:00;Condiciones meteo;Externo;Media;FALSO;11;FALSO;0
2590;25566;31;3;10;01/11/2024;2024;11;23:51:00;Fallo climatizacion;Vehiculo;Baja;FALSO;5;FALSO;29956
2591;34445;6;6;8;19/10/2023;2023;10;14:52:00;Obras calzada;Externo;Media;FALSO;46;FALSO;0
2592;14110;41;27;4;20/03/2023;2023;3;6:10:00;Pinchazo;Vehiculo;Media;VERDADERO;12;VERDADERO;33434
2593;12959;24;24;1;13/06/2024;2024;6;20:57:00;Fallo electrico;Vehiculo;Alta;VERDADERO;8;FALSO;43382
2594;23315;6;20;2;20/10/2022;2022;10;10:20:00;Averia mecanica;Vehiculo;Alta;VERDADERO;98;FALSO;56057
2595;17927;36;8;2;19/03/2023;2023;3;9:50:00;Vandalismo;Seguridad;Media;FALSO;6;FALSO;31946
2596;20414;3;3;1;29/04/2023;2023;4;13:35:00;Pinchazo;Vehiculo;Media;VERDADERO;14;VERDADERO;13773
2597;22459;32;4;7;01/06/2023;2023;6;14:30:00;Averia mecanica;Vehiculo;Alta;VERDADERO;54;VERDADERO;182993
2598;44363;12;12;3;23/07/2023;2023;7;11:31:00;Accidente grave;Seguridad;Critica;VERDADERO;90;VERDADERO;1102521
2599;5677;8;22;9;02/04/2024;2024;4;19:40:00;Accidente grave;Seguridad;Critica;VERDADERO;47;VERDADERO;374789
2600;43367;24;24;10;15/03/2024;2024;3;0:59:00;Pinchazo;Vehiculo;Media;VERDADERO;15;VERDADERO;34729
2601;33872;21;21;6;13/07/2023;2023;7;21:01:00;Obras calzada;Externo;Media;FALSO;15;FALSO;0
2602;610;23;23;10;11/12/2024;2024;12;22:10:00;Condiciones meteo;Externo;Media;FALSO;8;FALSO;0
2603;30921;10;10;9;20/09/2023;2023;9;10:32:00;Averia mecanica;Vehiculo;Alta;VERDADERO;36;VERDADERO;84367
2604;25260;19;5;5;06/05/2022;2022;5;13:54:00;Retencion trafico;Externo;Baja;FALSO;5;FALSO;2184
2605;30394;29;15;10;09/06/2023;2023;6;23:30:00;Condiciones meteo;Externo;Media;FALSO;6;FALSO;0
2606;38326;23;23;5;28/06/2022;2022;6;8:51:00;Huelga parcial;Operacional;Alta;VERDADERO;54;VERDADERO;0
2607;44289;22;22;2;13/01/2022;2022;1;9:40:00;Huelga parcial;Operacional;Alta;VERDADERO;140;VERDADERO;0
2608;48465;40;26;9;20/01/2022;2022;1;19:53:00;Retencion trafico;Externo;Baja;FALSO;17;FALSO;2056
2609;9290;9;23;3;11/09/2023;2023;9;9:01:00;Huelga parcial;Operacional;Alta;VERDADERO;5;FALSO;0
2610;26407;32;4;8;19/09/2023;2023;9;16:44:00;Fallo electrico;Vehiculo;Alta;VERDADERO;63;VERDADERO;107719
2611;28059;4;4;5;04/03/2023;2023;3;7:01:00;Averia mecanica;Vehiculo;Alta;VERDADERO;68;VERDADERO;232281
2612;22296;37;9;2;31/10/2023;2023;10;7:31:00;Condiciones meteo;Externo;Media;FALSO;5;FALSO;0
2613;22052;3;17;8;04/09/2022;2022;9;15:01:00;Retencion trafico;Externo;Baja;FALSO;50;FALSO;1105
2614;44452;17;17;2;19/05/2024;2024;5;6:00:00;Fallo electrico;Vehiculo;Alta;VERDADERO;70;VERDADERO;189352
2615;12513;40;26;10;20/01/2023;2023;1;23:50:00;Pinchazo;Vehiculo;Media;VERDADERO;10;VERDADERO;20119
2616;48576;25;25;8;04/01/2024;2024;1;12:06:00;Obras calzada;Externo;Media;FALSO;33;FALSO;0
2617;18776;3;17;1;29/06/2024;2024;6;16:03:00;Condiciones meteo;Externo;Media;FALSO;35;FALSO;0
2618;15715;8;8;6;08/12/2023;2023;12;8:36:00;Fallo electrico;Vehiculo;Alta;VERDADERO;73;FALSO;51783
2619;7977;40;26;9;12/06/2022;2022;6;6:28:00;Retencion trafico;Externo;Baja;FALSO;5;FALSO;389
2620;33176;39;25;7;29/08/2022;2022;8;21:03:00;Fallo electrico;Vehiculo;Alta;VERDADERO;24;VERDADERO;100192
2621;47635;8;8;7;23/03/2022;2022;3;6:48:00;Fallo climatizacion;Vehiculo;Baja;FALSO;25;FALSO;24029
2622;8345;30;2;9;17/12/2022;2022;12;13:00:00;Retencion trafico;Externo;Baja;FALSO;6;FALSO;3588
2623;30590;15;15;1;30/09/2023;2023;9;22:50:00;Retencion trafico;Externo;Baja;FALSO;9;FALSO;3778
2624;11898;13;27;2;12/10/2024;2024;10;19:41:00;Condiciones meteo;Externo;Media;FALSO;5;FALSO;0
2625;25496;3;17;4;03/05/2022;2022;5;11:50:00;Retencion trafico;Externo;Baja;FALSO;8;FALSO;2426
2626;22322;21;7;1;06/05/2024;2024;5;18:40:00;Retencion trafico;Externo;Baja;FALSO;32;FALSO;4905
2627;17680;41;13;9;09/02/2022;2022;2;11:50:00;Vandalismo;Seguridad;Media;FALSO;5;FALSO;42758
2628;12470;39;11;2;24/06/2022;2022;6;17:22:00;Vandalismo;Seguridad;Media;FALSO;5;FALSO;55735
2629;4658;39;11;7;30/08/2023;2023;8;8:25:00;Accidente leve;Seguridad;Alta;VERDADERO;43;VERDADERO;212952
2630;48394;11;11;2;29/11/2022;2022;11;7:33:00;Accidente leve;Seguridad;Alta;VERDADERO;10;VERDADERO;341066
2631;1688;9;9;3;20/04/2022;2022;4;9:23:00;Accidente grave;Seguridad;Critica;VERDADERO;36;FALSO;223514
2632;22182;7;7;7;27/05/2024;2024;5;10:40:00;Fallo electrico;Vehiculo;Alta;VERDADERO;9;VERDADERO;64505
2633;12792;25;25;10;05/09/2024;2024;9;2:10:00;Condiciones meteo;Externo;Media;FALSO;14;FALSO;0
2634;8041;20;6;1;23/03/2023;2023;3;9:32:00;Pasajero enfermo;Servicio;Media;FALSO;51;FALSO;6722
2635;31062;25;11;10;14/09/2023;2023;9;1:00:00;Retencion trafico;Externo;Baja;FALSO;5;FALSO;4041
2636;35027;42;28;10;04/04/2024;2024;4;22:41:00;Fallo electrico;Vehiculo;Alta;VERDADERO;24;VERDADERO;151255
2637;14830;5;19;4;13/12/2024;2024;12;8:36:00;Retencion trafico;Externo;Baja;FALSO;22;FALSO;215
2638;38849;42;14;1;12/06/2023;2023;6;22:22:00;Fallo electrico;Vehiculo;Alta;VERDADERO;50;FALSO;192875
2639;20063;30;16;8;31/07/2024;2024;7;8:54:00;Fallo electrico;Vehiculo;Alta;VERDADERO;10;VERDADERO;139772
2640;28278;13;27;6;29/04/2024;2024;4;10:31:00;Pasajero enfermo;Servicio;Media;FALSO;47;FALSO;5362
2641;34548;25;25;4;18/07/2024;2024;7;6:22:00;Pinchazo;Vehiculo;Media;VERDADERO;32;VERDADERO;25998
2642;10905;28;14;5;24/09/2023;2023;9;7:58:00;Retencion trafico;Externo;Baja;FALSO;25;FALSO;1271
2643;19221;28;14;2;11/02/2022;2022;2;15:01:00;Pinchazo;Vehiculo;Media;VERDADERO;39;VERDADERO;17947
2644;24430;29;15;8;30/05/2022;2022;5;11:02:00;Retencion trafico;Externo;Baja;FALSO;5;FALSO;126
2645;47350;17;3;9;29/07/2023;2023;7;21:40:00;Condiciones meteo;Externo;Media;FALSO;37;FALSO;0
2646;18112;11;25;6;02/06/2022;2022;6;13:01:00;Fallo climatizacion;Vehiculo;Baja;FALSO;61;FALSO;2233
2647;3542;15;15;1;15/07/2024;2024;7;6:30:00;Condiciones meteo;Externo;Media;FALSO;5;FALSO;0
2648;25563;28;28;2;29/02/2024;2024;2;18:06:00;Accidente leve;Seguridad;Alta;VERDADERO;16;VERDADERO;129524
2649;6760;41;13;10;30/01/2024;2024;1;22:01:00;Fallo climatizacion;Vehiculo;Baja;FALSO;19;FALSO;1065
2650;33830;21;7;5;06/09/2023;2023;9;9:34:00;Obras calzada;Externo;Media;FALSO;5;FALSO;0
2651;21276;25;25;5;11/05/2024;2024;5;10:52:00;Accidente leve;Seguridad;Alta;VERDADERO;26;VERDADERO;135265
2652;38233;14;14;4;03/07/2024;2024;7;9:31:00;Fallo electrico;Vehiculo;Alta;VERDADERO;21;FALSO;177698
2653;14351;30;16;3;03/04/2024;2024;4;17:40:00;Retencion trafico;Externo;Baja;FALSO;49;FALSO;496
2654;1227;10;24;2;12/04/2023;2023;4;19:07:00;Pasajero enfermo;Servicio;Media;FALSO;5;FALSO;5405
2655;9160;5;5;2;15/11/2022;2022;11;14:30:00;Obras calzada;Externo;Media;FALSO;23;FALSO;0
2656;25666;5;19;6;26/02/2022;2022;2;6:45:00;Condiciones meteo;Externo;Media;FALSO;22;FALSO;0
2657;20545;8;22;8;14/11/2023;2023;11;14:24:00;Huelga parcial;Operacional;Alta;VERDADERO;144;VERDADERO;0
2658;4120;5;5;6;06/01/2022;2022;1;12:20:00;Pasajero enfermo;Servicio;Media;FALSO;27;FALSO;3025
2659;278;27;27;3;15/06/2022;2022;6;14:00:00;Averia mecanica;Vehiculo;Alta;VERDADERO;16;FALSO;257813
2660;19037;12;26;6;11/10/2022;2022;10;11:55:00;Accidente leve;Seguridad;Alta;VERDADERO;32;VERDADERO;295142
2661;20047;14;28;3;28/01/2023;2023;1;9:44:00;Pinchazo;Vehiculo;Media;VERDADERO;5;VERDADERO;19182
2662;38649;10;10;8;20/12/2023;2023;12;16:25:00;Fallo climatizacion;Vehiculo;Baja;FALSO;5;FALSO;8207
2663;37313;18;18;7;02/10/2024;2024;10;20:54:00;Fallo climatizacion;Vehiculo;Baja;FALSO;8;FALSO;27716
2664;854;15;15;4;30/08/2023;2023;8;17:45:00;Pasajero enfermo;Servicio;Media;FALSO;5;FALSO;8674
2665;43087;38;24;5;10/03/2023;2023;3;10:42:00;Pasajero enfermo;Servicio;Media;FALSO;6;FALSO;8221
2666;46494;1;15;10;26/04/2023;2023;4;4:58:00;Accidente leve;Seguridad;Alta;VERDADERO;33;VERDADERO;220528
2667;19536;7;21;10;13/01/2024;2024;1;22:24:00;Condiciones meteo;Externo;Media;FALSO;18;FALSO;0
2668;16464;1;1;8;30/04/2023;2023;4;7:45:00;Obras calzada;Externo;Media;FALSO;44;FALSO;0
2669;36747;40;12;5;29/04/2024;2024;4;7:45:00;Averia mecanica;Vehiculo;Alta;VERDADERO;19;VERDADERO;58614
2670;29861;42;14;4;31/07/2023;2023;7;10:50:00;Fallo climatizacion;Vehiculo;Baja;FALSO;8;FALSO;7944
2671;885;4;18;6;27/02/2022;2022;2;9:10:00;Fallo electrico;Vehiculo;Alta;VERDADERO;41;VERDADERO;69672
2672;47843;6;20;6;21/08/2023;2023;8;13:20:00;Pasajero enfermo;Servicio;Media;FALSO;32;FALSO;6304
2673;21462;1;15;7;10/03/2022;2022;3;10:30:00;Accidente leve;Seguridad;Alta;VERDADERO;22;FALSO;207296
2674;9404;39;25;6;31/10/2023;2023;10;10:54:00;Huelga parcial;Operacional;Alta;VERDADERO;5;VERDADERO;0
2675;33416;27;13;7;21/02/2023;2023;2;8:27:00;Averia mecanica;Vehiculo;Alta;VERDADERO;11;VERDADERO;199904
2676;40744;5;5;6;19/03/2022;2022;3;19:29:00;Accidente grave;Seguridad;Critica;VERDADERO;94;FALSO;666878
2677;23977;38;10;3;29/03/2024;2024;3;15:11:00;Accidente grave;Seguridad;Critica;VERDADERO;116;FALSO;1408522
2678;28140;1;1;1;27/03/2022;2022;3;10:22:00;Obras calzada;Externo;Media;FALSO;17;FALSO;0
2679;46079;6;20;3;25/05/2023;2023;5;20:34:00;Fallo electrico;Vehiculo;Alta;VERDADERO;5;VERDADERO;127975
2680;20718;13;27;2;08/02/2022;2022;2;18:36:00;Accidente grave;Seguridad;Critica;VERDADERO;123;VERDADERO;700727
2681;27648;13;13;6;09/03/2024;2024;3;10:01:00;Obras calzada;Externo;Media;FALSO;13;FALSO;0
2682;29971;26;12;6;24/05/2024;2024;5;17:30:00;Accidente grave;Seguridad;Critica;VERDADERO;5;VERDADERO;666482
2683;24243;10;24;5;25/06/2022;2022;6;20:53:00;Fallo climatizacion;Vehiculo;Baja;FALSO;5;FALSO;1077
2684;3036;13;13;8;30/06/2022;2022;6;7:36:00;Fallo climatizacion;Vehiculo;Baja;FALSO;46;FALSO;13503
2685;6977;6;6;4;25/08/2024;2024;8;7:02:00;Retencion trafico;Externo;Baja;FALSO;5;FALSO;469
2686;31766;15;15;1;10/04/2024;2024;4;19:04:00;Vandalismo;Seguridad;Media;FALSO;41;FALSO;58909
2687;23702;15;15;7;30/06/2023;2023;6;8:02:00;Condiciones meteo;Externo;Media;FALSO;15;FALSO;0
2688;22078;29;15;10;16/06/2024;2024;6;22:32:00;Pinchazo;Vehiculo;Media;VERDADERO;31;VERDADERO;27631
2689;19236;1;1;2;23/11/2024;2024;11;8:06:00;Averia mecanica;Vehiculo;Alta;VERDADERO;61;VERDADERO;60508
2690;19893;28;14;9;02/01/2024;2024;1;15:20:00;Vandalismo;Seguridad;Media;FALSO;5;FALSO;53722
2691;36415;2;16;7;14/02/2024;2024;2;10:57:00;Accidente grave;Seguridad;Critica;VERDADERO;47;VERDADERO;608083
2692;43916;27;13;7;27/05/2022;2022;5;11:13:00;Averia mecanica;Vehiculo;Alta;VERDADERO;13;VERDADERO;215797
2693;14698;41;27;8;29/02/2024;2024;2;11:24:00;Fallo electrico;Vehiculo;Alta;VERDADERO;52;VERDADERO;136111
2694;28276;11;25;8;18/09/2022;2022;9;17:10:00;Obras calzada;Externo;Media;FALSO;5;FALSO;0
2695;49862;9;23;3;13/10/2023;2023;10;17:13:00;Pinchazo;Vehiculo;Media;VERDADERO;13;VERDADERO;36548
2696;49925;30;2;8;11/10/2022;2022;10;13:52:00;Accidente leve;Seguridad;Alta;VERDADERO;89;VERDADERO;259641
2697;49960;23;9;8;24/11/2023;2023;11;13:44:00;Vandalismo;Seguridad;Media;FALSO;13;FALSO;43154
2698;10093;14;14;10;31/10/2022;2022;10;22:14:00;Accidente grave;Seguridad;Critica;VERDADERO;5;VERDADERO;1091686
2699;47577;34;6;3;06/01/2024;2024;1;22:53:00;Fallo climatizacion;Vehiculo;Baja;FALSO;43;FALSO;1545
2700;34859;42;28;10;27/08/2023;2023;8;23:50:00;Accidente grave;Seguridad;Critica;VERDADERO;64;FALSO;1253455
2701;12806;39;11;3;05/12/2022;2022;12;7:54:00;Vandalismo;Seguridad;Media;FALSO;20;FALSO;7018
2702;12423;34;20;10;17/03/2022;2022;3;23:55:00;Averia mecanica;Vehiculo;Alta;VERDADERO;68;FALSO;111688
2703;28729;2;2;5;01/12/2023;2023;12;21:31:00;Pasajero enfermo;Servicio;Media;FALSO;11;FALSO;2075
2704;41924;9;9;6;09/01/2024;2024;1;6:48:00;Condiciones meteo;Externo;Media;FALSO;5;FALSO;0
2705;28237;14;14;4;27/02/2023;2023;2;8:54:00;Condiciones meteo;Externo;Media;FALSO;15;FALSO;0
2706;23311;2;16;1;13/03/2022;2022;3;12:45:00;Accidente leve;Seguridad;Alta;VERDADERO;34;VERDADERO;199903
2707;27812;9;9;3;05/02/2024;2024;2;8:35:00;Condiciones meteo;Externo;Media;FALSO;13;FALSO;0
2708;14712;13;13;10;24/04/2023;2023;4;0:01:00;Accidente grave;Seguridad;Critica;VERDADERO;84;VERDADERO;50346
2709;18795;22;8;8;24/09/2023;2023;9;6:33:00;Averia mecanica;Vehiculo;Alta;VERDADERO;15;FALSO;30882
2710;6889;2;2;7;12/12/2023;2023;12;16:14:00;Accidente grave;Seguridad;Critica;VERDADERO;176;FALSO;659737
2711;772;17;17;8;05/02/2023;2023;2;8:33:00;Vandalismo;Seguridad;Media;FALSO;53;FALSO;51174
2712;2768;39;25;5;10/12/2022;2022;12;12:50:00;Condiciones meteo;Externo;Media;FALSO;13;FALSO;0
2713;33763;38;24;6;14/10/2023;2023;10;8:27:00;Accidente grave;Seguridad;Critica;VERDADERO;61;VERDADERO;888876
2714;43247;30;16;4;05/02/2023;2023;2;19:31:00;Pinchazo;Vehiculo;Media;VERDADERO;7;VERDADERO;28826
2715;32833;32;18;4;05/07/2024;2024;7;16:15:00;Accidente leve;Seguridad;Alta;VERDADERO;24;VERDADERO;350457
2716;13063;2;16;6;22/12/2023;2023;12;18:36:00;Condiciones meteo;Externo;Media;FALSO;13;FALSO;0
2717;44157;16;2;8;30/05/2024;2024;5;15:30:00;Accidente leve;Seguridad;Alta;VERDADERO;98;FALSO;327366
2718;34737;4;18;9;04/11/2024;2024;11;10:24:00;Retencion trafico;Externo;Baja;FALSO;38;FALSO;3713
2719;24514;29;15;3;11/12/2022;2022;12;19:50:00;Pinchazo;Vehiculo;Media;VERDADERO;22;FALSO;23438
2720;46126;11;11;9;31/01/2022;2022;1;11:01:00;Obras calzada;Externo;Media;FALSO;5;FALSO;0
2721;38235;16;16;10;05/08/2024;2024;8;3:39:00;Pasajero enfermo;Servicio;Media;FALSO;16;FALSO;1111
2722;25210;11;11;9;08/10/2022;2022;10;22:33:00;Pinchazo;Vehiculo;Media;VERDADERO;35;FALSO;8175
2723;26935;14;28;9;15/10/2023;2023;10;18:23:00;Fallo climatizacion;Vehiculo;Baja;FALSO;24;FALSO;7937
2724;21363;28;28;5;01/11/2022;2022;11;16:01:00;Accidente grave;Seguridad;Critica;VERDADERO;68;VERDADERO;403896
2725;32641;8;22;8;24/04/2024;2024;4;20:33:00;Vandalismo;Seguridad;Media;FALSO;5;FALSO;19296
2726;46346;21;7;1;09/08/2023;2023;8;9:21:00;Pinchazo;Vehiculo;Media;VERDADERO;5;VERDADERO;1806
2727;22573;20;6;4;15/04/2024;2024;4;21:32:00;Obras calzada;Externo;Media;FALSO;42;FALSO;0
2728;31855;20;20;4;07/06/2023;2023;6;13:37:00;Accidente leve;Seguridad;Alta;VERDADERO;39;FALSO;28682
2729;5224;17;17;7;13/03/2023;2023;3;22:30:00;Fallo electrico;Vehiculo;Alta;VERDADERO;5;VERDADERO;191012
2730;13180;35;21;2;04/09/2023;2023;9;21:54:00;Retencion trafico;Externo;Baja;FALSO;10;FALSO;134
2731;17124;31;17;2;29/09/2023;2023;9;13:40:00;Averia mecanica;Vehiculo;Alta;VERDADERO;39;VERDADERO;97566
2732;20090;15;15;2;11/12/2022;2022;12;12:40:00;Vandalismo;Seguridad;Media;FALSO;5;FALSO;20946
2733;5967;4;4;2;26/12/2023;2023;12;19:47:00;Pasajero enfermo;Servicio;Media;FALSO;5;FALSO;7882
2734;36448;35;21;10;18/05/2023;2023;5;5:10:00;Vandalismo;Seguridad;Media;FALSO;18;FALSO;79609
2735;647;18;4;3;09/03/2023;2023;3;8:53:00;Fallo climatizacion;Vehiculo;Baja;FALSO;21;FALSO;25117
2736;3781;2;2;9;06/10/2024;2024;10;20:20:00;Averia mecanica;Vehiculo;Alta;VERDADERO;66;FALSO;84859
2737;20232;31;17;2;01/04/2022;2022;4;11:51:00;Averia mecanica;Vehiculo;Alta;VERDADERO;236;VERDADERO;195956
2738;19264;29;1;7;14/10/2023;2023;10;9:45:00;Accidente grave;Seguridad;Critica;VERDADERO;5;VERDADERO;772026
2739;24762;25;11;4;01/02/2023;2023;2;21:07:00;Obras calzada;Externo;Media;FALSO;61;FALSO;0
2740;17161;26;26;1;03/06/2023;2023;6;7:01:00;Accidente grave;Seguridad;Critica;VERDADERO;95;FALSO;384566
2741;30810;25;11;6;17/11/2022;2022;11;12:12:00;Obras calzada;Externo;Media;FALSO;42;FALSO;0
2742;19736;39;25;1;05/05/2024;2024;5;11:31:00;Accidente grave;Seguridad;Critica;VERDADERO;20;VERDADERO;393501
2743;47429;12;26;10;10/01/2023;2023;1;23:26:00;Pinchazo;Vehiculo;Media;VERDADERO;20;FALSO;20405
2744;38060;9;9;6;27/12/2023;2023;12;6:31:00;Huelga parcial;Operacional;Alta;VERDADERO;11;VERDADERO;0
2745;430;11;11;9;16/09/2024;2024;9;16:11:00;Averia mecanica;Vehiculo;Alta;VERDADERO;61;VERDADERO;69904
2746;9912;1;1;6;05/04/2023;2023;4;16:01:00;Accidente leve;Seguridad;Alta;VERDADERO;43;FALSO;160791
2747;4017;28;14;4;25/09/2024;2024;9;13:08:00;Accidente leve;Seguridad;Alta;VERDADERO;120;VERDADERO;293616
2748;2976;37;9;3;06/08/2023;2023;8;10:28:00;Retencion trafico;Externo;Baja;FALSO;5;FALSO;2108
2749;22228;11;25;3;27/04/2024;2024;4;17:22:00;Obras calzada;Externo;Media;FALSO;6;FALSO;0
2750;46023;34;20;9;11/07/2024;2024;7;11:32:00;Pinchazo;Vehiculo;Media;VERDADERO;26;VERDADERO;12317
2751;31428;13;13;10;09/03/2024;2024;3;5:29:00;Vandalismo;Seguridad;Media;FALSO;5;FALSO;45162
2752;38534;21;7;3;15/08/2022;2022;8;12:43:00;Huelga parcial;Operacional;Alta;VERDADERO;16;VERDADERO;0
2753;32234;21;7;7;01/01/2023;2023;1;14:07:00;Fallo climatizacion;Vehiculo;Baja;FALSO;8;FALSO;8105
2754;37011;10;24;10;15/09/2023;2023;9;3:24:00;Condiciones meteo;Externo;Media;FALSO;15;FALSO;0
2755;18751;20;20;1;05/12/2023;2023;12;16:23:00;Condiciones meteo;Externo;Media;FALSO;13;FALSO;0
2756;46249;8;22;5;27/05/2023;2023;5;6:52:00;Obras calzada;Externo;Media;FALSO;42;FALSO;0
2757;8410;11;11;3;04/12/2022;2022;12;16:00:00;Huelga parcial;Operacional;Alta;VERDADERO;114;FALSO;0
2758;10407;34;20;7;15/01/2023;2023;1;22:50:00;Pasajero enfermo;Servicio;Media;FALSO;21;FALSO;352
2759;23956;17;17;2;21/01/2024;2024;1;10:31:00;Fallo climatizacion;Vehiculo;Baja;FALSO;5;FALSO;6951
2760;23042;27;27;1;07/07/2022;2022;7;8:50:00;Accidente leve;Seguridad;Alta;VERDADERO;108;VERDADERO;178528
2761;19834;11;11;6;20/09/2023;2023;9;21:43:00;Averia mecanica;Vehiculo;Alta;VERDADERO;150;VERDADERO;120132
2762;48428;3;17;5;20/01/2023;2023;1;19:01:00;Condiciones meteo;Externo;Media;FALSO;11;FALSO;0
2763;7269;4;18;6;27/03/2024;2024;3;19:17:00;Retencion trafico;Externo;Baja;FALSO;7;FALSO;39
2764;44594;33;19;5;05/11/2024;2024;11;15:32:00;Accidente leve;Seguridad;Alta;VERDADERO;40;FALSO;399298
2765;1139;6;20;6;25/04/2024;2024;4;16:12:00;Accidente leve;Seguridad;Alta;VERDADERO;34;FALSO;55188
2766;4986;31;3;4;17/11/2023;2023;11;20:11:00;Accidente grave;Seguridad;Critica;VERDADERO;51;VERDADERO;273532
2767;2886;31;3;6;26/02/2022;2022;2;7:52:00;Huelga parcial;Operacional;Alta;VERDADERO;5;VERDADERO;0
2768;48414;31;3;4;20/02/2024;2024;2;10:43:00;Vandalismo;Seguridad;Media;FALSO;5;FALSO;2041
2769;14978;27;27;3;12/07/2022;2022;7;14:53:00;Accidente grave;Seguridad;Critica;VERDADERO;50;VERDADERO;538812
2770;38404;17;17;8;03/12/2023;2023;12;16:22:00;Retencion trafico;Externo;Baja;FALSO;16;FALSO;2073
2771;23792;21;21;1;11/11/2022;2022;11;17:12:00;Averia mecanica;Vehiculo;Alta;VERDADERO;23;VERDADERO;112792
2772;10994;33;19;5;21/12/2024;2024;12;11:41:00;Huelga parcial;Operacional;Alta;VERDADERO;11;FALSO;0
2773;44422;29;15;5;07/04/2022;2022;4;10:26:00;Vandalismo;Seguridad;Media;FALSO;15;FALSO;43465
2774;26582;39;11;3;16/01/2024;2024;1;8:30:00;Condiciones meteo;Externo;Media;FALSO;17;FALSO;0
2775;3121;14;14;6;05/02/2022;2022;2;13:55:00;Fallo electrico;Vehiculo;Alta;VERDADERO;22;VERDADERO;102877
2776;39203;18;4;6;25/10/2024;2024;10;17:15:00;Vandalismo;Seguridad;Media;FALSO;8;FALSO;19241
2777;37448;27;13;6;29/08/2022;2022;8;22:52:00;Fallo electrico;Vehiculo;Alta;VERDADERO;5;VERDADERO;45668
2778;4058;27;27;8;12/12/2024;2024;12;10:24:00;Accidente leve;Seguridad;Alta;VERDADERO;57;VERDADERO;282451
2779;31986;25;11;3;30/03/2024;2024;3;21:02:00;Accidente leve;Seguridad;Alta;VERDADERO;46;VERDADERO;137123
2780;49292;27;13;3;26/12/2024;2024;12;21:10:00;Fallo climatizacion;Vehiculo;Baja;FALSO;5;FALSO;11522
2781;18870;13;27;8;12/03/2022;2022;3;10:32:00;Accidente leve;Seguridad;Alta;VERDADERO;27;VERDADERO;67756
2782;27740;21;21;9;12/09/2023;2023;9;21:21:00;Averia mecanica;Vehiculo;Alta;VERDADERO;82;VERDADERO;82127
2783;7071;16;16;10;13/07/2022;2022;7;2:19:00;Obras calzada;Externo;Media;FALSO;20;FALSO;0
2784;33875;24;24;8;18/03/2024;2024;3;7:02:00;Accidente leve;Seguridad;Alta;VERDADERO;22;VERDADERO;75614
2785;29559;34;20;9;02/12/2022;2022;12;20:57:00;Accidente leve;Seguridad;Alta;VERDADERO;5;VERDADERO;307682
2786;17584;29;1;7;15/07/2022;2022;7;22:43:00;Condiciones meteo;Externo;Media;FALSO;5;FALSO;0
2787;43157;24;10;8;04/10/2023;2023;10;16:50:00;Retencion trafico;Externo;Baja;FALSO;29;FALSO;4134
2788;18584;21;21;8;22/11/2022;2022;11;13:00:00;Fallo electrico;Vehiculo;Alta;VERDADERO;8;VERDADERO;43302
2789;13459;20;20;4;03/01/2024;2024;1;16:21:00;Pinchazo;Vehiculo;Media;VERDADERO;17;VERDADERO;31947
2790;17725;2;2;10;08/02/2024;2024;2;23:00:00;Pasajero enfermo;Servicio;Media;FALSO;7;FALSO;1186
2791;4570;35;7;5;02/03/2023;2023;3;6:30:00;Condiciones meteo;Externo;Media;FALSO;5;FALSO;0
2792;31514;15;15;9;20/09/2022;2022;9;19:20:00;Fallo electrico;Vehiculo;Alta;VERDADERO;125;VERDADERO;19862
2793;21497;36;22;3;15/11/2024;2024;11;14:51:00;Obras calzada;Externo;Media;FALSO;107;FALSO;0
2794;18176;33;5;5;31/12/2023;2023;12;9:43:00;Averia mecanica;Vehiculo;Alta;VERDADERO;61;FALSO;82883
2795;6330;31;3;2;16/10/2023;2023;10;19:52:00;Huelga parcial;Operacional;Alta;VERDADERO;5;FALSO;0
2796;14875;8;8;1;18/09/2022;2022;9;17:46:00;Accidente grave;Seguridad;Critica;VERDADERO;43;VERDADERO;269647
2797;40463;18;4;1;09/11/2023;2023;11;13:11:00;Accidente leve;Seguridad;Alta;VERDADERO;133;VERDADERO;270823
2798;47442;25;11;6;31/03/2022;2022;3;7:14:00;Pasajero enfermo;Servicio;Media;FALSO;72;FALSO;8897
2799;39231;4;4;10;27/02/2024;2024;2;2:48:00;Averia mecanica;Vehiculo;Alta;VERDADERO;5;VERDADERO;131873
2800;30147;34;20;8;09/04/2024;2024;4;6:20:00;Vandalismo;Seguridad;Media;FALSO;5;FALSO;50502
2801;49347;40;12;4;24/05/2022;2022;5;15:14:00;Pasajero enfermo;Servicio;Media;FALSO;20;FALSO;6719
2802;199;32;4;4;29/05/2024;2024;5;16:50:00;Pasajero enfermo;Servicio;Media;FALSO;17;FALSO;1003
2803;1449;22;22;6;14/01/2023;2023;1;17:14:00;Obras calzada;Externo;Media;FALSO;5;FALSO;0
2804;17758;35;7;1;06/12/2022;2022;12;19:50:00;Fallo electrico;Vehiculo;Alta;VERDADERO;41;VERDADERO;173579
2805;44012;39;25;4;10/06/2023;2023;6;10:22:00;Accidente grave;Seguridad;Critica;VERDADERO;22;FALSO;915763
2806;10269;22;22;2;14/02/2022;2022;2;8:00:00;Condiciones meteo;Externo;Media;FALSO;5;FALSO;0
2807;32009;6;6;3;06/04/2024;2024;4;9:10:00;Pasajero enfermo;Servicio;Media;FALSO;25;FALSO;7988
2808;20834;3;3;3;29/03/2023;2023;3;12:52:00;Condiciones meteo;Externo;Media;FALSO;55;FALSO;0
2809;34627;20;20;10;28/04/2024;2024;4;23:50:00;Vandalismo;Seguridad;Media;FALSO;27;FALSO;78557
2810;8660;9;9;7;22/03/2024;2024;3;10:04:00;Fallo climatizacion;Vehiculo;Baja;FALSO;31;FALSO;10323
2811;10046;9;23;1;28/04/2024;2024;4;18:49:00;Accidente leve;Seguridad;Alta;VERDADERO;20;FALSO;307593
2812;16380;1;1;8;16/12/2022;2022;12;13:00:00;Accidente grave;Seguridad;Critica;VERDADERO;8;FALSO;589459
2813;17245;26;26;6;17/07/2023;2023;7;11:00:00;Obras calzada;Externo;Media;FALSO;15;FALSO;0
2814;31571;30;16;7;17/02/2022;2022;2;14:34:00;Pasajero enfermo;Servicio;Media;FALSO;9;FALSO;5352
2815;19724;27;13;6;03/06/2022;2022;6;10:23:00;Pasajero enfermo;Servicio;Media;FALSO;9;FALSO;7953
2816;40337;18;18;5;27/10/2024;2024;10;15:42:00;Averia mecanica;Vehiculo;Alta;VERDADERO;17;VERDADERO;128675
2817;12619;20;20;1;27/01/2022;2022;1;18:00:00;Fallo electrico;Vehiculo;Alta;VERDADERO;33;VERDADERO;194353
2818;5747;36;8;2;25/04/2023;2023;4;9:02:00;Averia mecanica;Vehiculo;Alta;VERDADERO;26;FALSO;168059
2819;44071;14;28;7;28/04/2022;2022;4;7:15:00;Accidente grave;Seguridad;Critica;VERDADERO;16;FALSO;1266084
2820;43135;2;16;2;23/07/2023;2023;7;14:42:00;Condiciones meteo;Externo;Media;FALSO;26;FALSO;0
2821;23576;15;1;8;22/12/2023;2023;12;7:45:00;Vandalismo;Seguridad;Media;FALSO;5;FALSO;65498
2822;47224;17;17;3;28/09/2022;2022;9;6:06:00;Pasajero enfermo;Servicio;Media;FALSO;19;FALSO;106
2823;25327;2;16;1;17/10/2023;2023;10;13:40:00;Accidente leve;Seguridad;Alta;VERDADERO;9;FALSO;225983
2824;44217;34;6;3;19/09/2024;2024;9;17:13:00;Condiciones meteo;Externo;Media;FALSO;43;FALSO;0
2825;19820;39;25;3;31/10/2024;2024;10;6:31:00;Accidente grave;Seguridad;Critica;VERDADERO;9;FALSO;1237777
2826;47714;3;3;5;17/09/2022;2022;9;20:33:00;Averia mecanica;Vehiculo;Alta;VERDADERO;151;VERDADERO;83376
2827;45674;21;7;8;09/09/2022;2022;9;11:11:00;Averia mecanica;Vehiculo;Alta;VERDADERO;7;VERDADERO;45266
2828;41828;39;25;9;12/12/2024;2024;12;21:03:00;Condiciones meteo;Externo;Media;FALSO;5;FALSO;0
2829;3841;20;6;7;29/09/2024;2024;9;9:51:00;Condiciones meteo;Externo;Media;FALSO;17;FALSO;0
2830;34966;23;23;9;07/08/2023;2023;8;11:00:00;Fallo climatizacion;Vehiculo;Baja;FALSO;7;FALSO;27524
2831;5646;19;19;5;26/04/2024;2024;4;9:21:00;Pasajero enfermo;Servicio;Media;FALSO;5;FALSO;9025
2832;33932;39;25;3;24/09/2024;2024;9;13:32:00;Fallo climatizacion;Vehiculo;Baja;FALSO;5;FALSO;11684
2833;25316;33;5;9;06/03/2023;2023;3;21:25:00;Fallo electrico;Vehiculo;Alta;VERDADERO;15;VERDADERO;158575
2834;23047;32;4;9;30/04/2024;2024;4;11:37:00;Condiciones meteo;Externo;Media;FALSO;13;FALSO;0
2835;9673;14;14;6;13/10/2023;2023;10;20:50:00;Pasajero enfermo;Servicio;Media;FALSO;8;FALSO;3771
2836;45834;13;27;1;04/10/2023;2023;10;6:50:00;Fallo climatizacion;Vehiculo;Baja;FALSO;5;FALSO;23284
2837;9243;4;4;7;06/09/2024;2024;9;18:05:00;Retencion trafico;Externo;Baja;FALSO;24;FALSO;3051
2838;35275;38;24;8;05/12/2022;2022;12;19:03:00;Retencion trafico;Externo;Baja;FALSO;6;FALSO;4672
2839;32447;24;24;6;02/06/2023;2023;6;9:40:00;Averia mecanica;Vehiculo;Alta;VERDADERO;5;VERDADERO;282607
2840;682;11;11;3;30/10/2024;2024;10;16:30:00;Fallo electrico;Vehiculo;Alta;VERDADERO;55;FALSO;177652
2841;45180;31;17;2;29/01/2023;2023;1;8:44:00;Vandalismo;Seguridad;Media;FALSO;5;FALSO;62569
2842;46940;27;13;4;24/12/2022;2022;12;21:31:00;Condiciones meteo;Externo;Media;FALSO;5;FALSO;0
2843;41769;22;22;1;20/09/2022;2022;9;21:34:00;Retencion trafico;Externo;Baja;FALSO;75;FALSO;2242
2844;8813;36;22;3;25/11/2024;2024;11;6:59:00;Accidente grave;Seguridad;Critica;VERDADERO;5;VERDADERO;874106
2845;40265;30;2;4;15/09/2022;2022;9;17:45:00;Pinchazo;Vehiculo;Media;VERDADERO;22;VERDADERO;27071
2846;25267;26;12;2;26/11/2023;2023;11;12:08:00;Obras calzada;Externo;Media;FALSO;9;FALSO;0
2847;49380;31;17;4;24/06/2024;2024;6;6:27:00;Averia mecanica;Vehiculo;Alta;VERDADERO;333;VERDADERO;288978
2848;28592;33;5;2;24/07/2024;2024;7;22:16:00;Fallo climatizacion;Vehiculo;Baja;FALSO;8;FALSO;19587
2849;12759;34;20;10;10/12/2024;2024;12;23:50:00;Obras calzada;Externo;Media;FALSO;20;FALSO;0
2850;8475;34;20;8;18/12/2022;2022;12;10:10:00;Averia mecanica;Vehiculo;Alta;VERDADERO;35;FALSO;167366
2851;24803;24;24;1;27/06/2022;2022;6;9:20:00;Condiciones meteo;Externo;Media;FALSO;5;FALSO;0
2852;13506;25;11;7;03/02/2022;2022;2;8:38:00;Retencion trafico;Externo;Baja;FALSO;7;FALSO;978
2853;18216;31;17;5;13/09/2024;2024;9;11:40:00;Condiciones meteo;Externo;Media;FALSO;11;FALSO;0
2854;44985;4;18;5;30/08/2023;2023;8;22:00:00;Retencion trafico;Externo;Baja;FALSO;5;FALSO;1897
2855;6225;10;10;9;27/10/2023;2023;10;18:26:00;Vandalismo;Seguridad;Media;FALSO;46;FALSO;56234
2856;33323;18;4;7;02/09/2023;2023;9;9:20:00;Pinchazo;Vehiculo;Media;VERDADERO;64;VERDADERO;3152
2857;32157;28;14;7;03/01/2024;2024;1;10:56:00;Retencion trafico;Externo;Baja;FALSO;5;FALSO;402
2858;45144;37;9;7;08/05/2023;2023;5;6:14:00;Retencion trafico;Externo;Baja;FALSO;5;FALSO;587
2859;10461;4;18;6;15/06/2023;2023;6;19:52:00;Fallo climatizacion;Vehiculo;Baja;FALSO;11;FALSO;20938
2860;34111;8;8;3;26/04/2022;2022;4;6:31:00;Fallo climatizacion;Vehiculo;Baja;FALSO;17;FALSO;19205
2861;36901;26;26;8;14/10/2024;2024;10;21:11:00;Accidente leve;Seguridad;Alta;VERDADERO;71;VERDADERO;294901
2862;36463;8;8;4;07/07/2022;2022;7;19:39:00;Huelga parcial;Operacional;Alta;VERDADERO;45;FALSO;0
2863;586;41;27;4;25/11/2023;2023;11;9:31:00;Pinchazo;Vehiculo;Media;VERDADERO;10;VERDADERO;22404
2864;26502;1;15;3;18/11/2023;2023;11;19:04:00;Condiciones meteo;Externo;Media;FALSO;20;FALSO;0
2865;39110;9;23;2;16/04/2023;2023;4;11:45:00;Pinchazo;Vehiculo;Media;VERDADERO;11;VERDADERO;33428
2866;29317;2;2;10;14/06/2022;2022;6;22:20:00;Vandalismo;Seguridad;Media;FALSO;7;FALSO;59814
2867;23209;26;26;1;11/10/2023;2023;10;18:11:00;Fallo climatizacion;Vehiculo;Baja;FALSO;5;FALSO;16447
2868;43786;23;23;9;01/11/2022;2022;11;10:31:00;Pasajero enfermo;Servicio;Media;FALSO;49;FALSO;285
2869;23585;24;10;7;26/12/2024;2024;12;6:12:00;Fallo electrico;Vehiculo;Alta;VERDADERO;28;VERDADERO;181894
2870;47911;32;4;4;23/07/2023;2023;7;10:00:00;Fallo climatizacion;Vehiculo;Baja;FALSO;7;FALSO;9779
2871;40065;40;26;8;05/06/2023;2023;6;11:13:00;Pinchazo;Vehiculo;Media;VERDADERO;5;VERDADERO;32737
2872;7651;8;8;4;07/06/2023;2023;6;9:10:00;Retencion trafico;Externo;Baja;FALSO;25;FALSO;2862
2873;7585;26;26;3;27/10/2022;2022;10;13:51:00;Fallo climatizacion;Vehiculo;Baja;FALSO;5;FALSO;20198
2874;40552;23;9;6;03/05/2024;2024;5;17:51:00;Accidente grave;Seguridad;Critica;VERDADERO;17;VERDADERO;1398861
2875;36928;11;25;1;15/05/2022;2022;5;21:41:00;Condiciones meteo;Externo;Media;FALSO;5;FALSO;0
2876;13374;19;19;1;08/07/2023;2023;7;18:52:00;Fallo climatizacion;Vehiculo;Baja;FALSO;5;FALSO;13729
2877;13485;4;18;3;28/10/2024;2024;10;11:02:00;Pinchazo;Vehiculo;Media;VERDADERO;5;VERDADERO;2866
2878;24493;8;22;2;20/12/2024;2024;12;16:44:00;Accidente leve;Seguridad;Alta;VERDADERO;41;FALSO;106679
2879;2464;29;1;9;27/06/2024;2024;6;14:50:00;Obras calzada;Externo;Media;FALSO;28;FALSO;0
2880;9830;3;3;5;18/02/2024;2024;2;11:44:00;Condiciones meteo;Externo;Media;FALSO;38;FALSO;0
2881;31685;18;18;4;27/07/2022;2022;7;9:34:00;Fallo climatizacion;Vehiculo;Baja;FALSO;17;FALSO;5829
2882;37429;8;22;5;18/08/2022;2022;8;13:03:00;Obras calzada;Externo;Media;FALSO;27;FALSO;0
2883;20340;13;13;10;19/12/2022;2022;12;3:30:00;Fallo climatizacion;Vehiculo;Baja;FALSO;9;FALSO;21474
2884;48860;15;1;4;11/03/2023;2023;3;20:03:00;Fallo electrico;Vehiculo;Alta;VERDADERO;87;VERDADERO;59188
2885;44241;16;2;7;09/08/2023;2023;8;7:24:00;Pinchazo;Vehiculo;Media;VERDADERO;5;VERDADERO;33926
2886;47408;33;5;4;31/10/2024;2024;10;8:36:00;Accidente leve;Seguridad;Alta;VERDADERO;79;VERDADERO;287702
2887;27507;40;12;10;28/12/2022;2022;12;23:42:00;Fallo climatizacion;Vehiculo;Baja;FALSO;5;FALSO;11081
2888;17553;40;26;5;05/09/2023;2023;9;20:15:00;Huelga parcial;Operacional;Alta;VERDADERO;15;FALSO;0
2889;23515;38;24;6;31/12/2023;2023;12;9:15:00;Fallo climatizacion;Vehiculo;Baja;FALSO;12;FALSO;11408
2890;26007;10;24;9;30/12/2022;2022;12;21:08:00;Retencion trafico;Externo;Baja;FALSO;11;FALSO;2869
2891;46860;31;17;1;16/01/2023;2023;1;8:39:00;Vandalismo;Seguridad;Media;FALSO;16;FALSO;14317
2892;29597;30;2;4;17/11/2024;2024;11;11:50:00;Vandalismo;Seguridad;Media;FALSO;37;FALSO;54891
2893;18047;30;16;9;25/04/2024;2024;4;12:01:00;Condiciones meteo;Externo;Media;FALSO;6;FALSO;0
2894;44419;26;12;7;11/11/2024;2024;11;11:41:00;Vandalismo;Seguridad;Media;FALSO;11;FALSO;45286
2895;31563;22;8;2;27/06/2024;2024;6;17:40:00;Condiciones meteo;Externo;Media;FALSO;10;FALSO;0
2896;34963;20;20;8;20/05/2024;2024;5;16:04:00;Huelga parcial;Operacional;Alta;VERDADERO;5;VERDADERO;0
2897;7056;1;1;10;29/08/2024;2024;8;0:39:00;Averia mecanica;Vehiculo;Alta;VERDADERO;22;VERDADERO;109194
2898;7647;4;4;9;20/08/2023;2023;8;16:20:00;Retencion trafico;Externo;Baja;FALSO;5;FALSO;3
2899;25771;26;12;7;04/09/2023;2023;9;19:52:00;Accidente leve;Seguridad;Alta;VERDADERO;58;FALSO;385798
2900;43936;5;5;4;09/08/2023;2023;8;14:10:00;Accidente leve;Seguridad;Alta;VERDADERO;39;VERDADERO;149437
2901;27720;1;1;2;08/05/2022;2022;5;15:21:00;Pasajero enfermo;Servicio;Media;FALSO;16;FALSO;8377
2902;28449;16;2;2;16/11/2022;2022;11;9:21:00;Vandalismo;Seguridad;Media;FALSO;5;FALSO;55109
2903;48431;6;20;7;21/10/2023;2023;10;10:30:00;Huelga parcial;Operacional;Alta;VERDADERO;18;VERDADERO;0
2904;24385;26;26;6;05/03/2023;2023;3;13:21:00;Retencion trafico;Externo;Baja;FALSO;5;FALSO;1508
2905;38940;7;21;9;03/06/2024;2024;6;13:01:00;Accidente grave;Seguridad;Critica;VERDADERO;5;VERDADERO;1382978
2906;36466;11;11;2;30/05/2023;2023;5;16:51:00;Averia mecanica;Vehiculo;Alta;VERDADERO;5;VERDADERO;280482
2907;10928;9;9;3;24/04/2023;2023;4;10:24:00;Pinchazo;Vehiculo;Media;VERDADERO;10;VERDADERO;15047
2908;42424;5;5;4;25/10/2024;2024;10;14:40:00;Vandalismo;Seguridad;Media;FALSO;5;FALSO;6604
2909;12895;2;16;6;21/01/2023;2023;1;15:55:00;Accidente leve;Seguridad;Alta;VERDADERO;49;FALSO;115709
2910;41068;35;21;9;03/11/2022;2022;11;20:12:00;Accidente grave;Seguridad;Critica;VERDADERO;50;VERDADERO;226202
2911;26107;26;12;1;08/09/2022;2022;9;9:54:00;Fallo electrico;Vehiculo;Alta;VERDADERO;26;VERDADERO;99927
2912;45575;6;20;7;22/10/2024;2024;10;12:52:00;Vandalismo;Seguridad;Media;FALSO;10;FALSO;15035
2913;3291;16;16;2;13/04/2022;2022;4;15:10:00;Accidente grave;Seguridad;Critica;VERDADERO;25;VERDADERO;1293507
2914;34118;15;15;8;19/07/2024;2024;7;9:07:00;Condiciones meteo;Externo;Media;FALSO;22;FALSO;0
2915;11428;5;5;8;06/06/2022;2022;6;14:42:00;Averia mecanica;Vehiculo;Alta;VERDADERO;15;VERDADERO;123377
2916;15055;20;20;10;31/10/2022;2022;10;5:30:00;Huelga parcial;Operacional;Alta;VERDADERO;70;VERDADERO;0
2917;19475;30;16;2;18/10/2024;2024;10;14:04:00;Accidente leve;Seguridad;Alta;VERDADERO;5;VERDADERO;364047
2918;3495;10;24;2;23/12/2022;2022;12;9:20:00;Fallo climatizacion;Vehiculo;Baja;FALSO;5;FALSO;10712
2919;5265;16;2;6;25/03/2022;2022;3;11:10:00;Huelga parcial;Operacional;Alta;VERDADERO;52;VERDADERO;0
2920;12378;31;3;6;10/12/2022;2022;12;15:40:00;Obras calzada;Externo;Media;FALSO;57;FALSO;0
2921;20367;40;12;5;03/01/2023;2023;1;15:13:00;Accidente grave;Seguridad;Critica;VERDADERO;37;VERDADERO;1174023
2922;45678;25;11;4;26/01/2023;2023;1;18:13:00;Accidente grave;Seguridad;Critica;VERDADERO;28;VERDADERO;1147916
2923;40830;7;7;5;31/01/2024;2024;1;17:52:00;Averia mecanica;Vehiculo;Alta;VERDADERO;34;VERDADERO;186255
2924;6917;30;2;8;20/01/2022;2022;1;20:24:00;Fallo electrico;Vehiculo;Alta;VERDADERO;5;VERDADERO;69941
2925;18028;11;25;8;13/11/2022;2022;11;7:28:00;Huelga parcial;Operacional;Alta;VERDADERO;128;VERDADERO;0
2926;37746;31;3;9;06/08/2023;2023;8;8:01:00;Fallo climatizacion;Vehiculo;Baja;FALSO;8;FALSO;28995
2927;21329;36;22;8;21/03/2024;2024;3;22:40:00;Retencion trafico;Externo;Baja;FALSO;55;FALSO;2015
2928;20280;37;9;1;10/04/2024;2024;4;6:12:00;Retencion trafico;Externo;Baja;FALSO;28;FALSO;1104
2929;41886;13;27;4;08/08/2022;2022;8;17:31:00;Pinchazo;Vehiculo;Media;VERDADERO;35;VERDADERO;2851
2930;16546;41;27;3;26/08/2022;2022;8;7:41:00;Fallo electrico;Vehiculo;Alta;VERDADERO;42;FALSO;7803
2931;14068;41;13;9;12/04/2024;2024;4;11:10:00;Accidente leve;Seguridad;Alta;VERDADERO;22;VERDADERO;166677
2932;20631;10;24;9;17/05/2022;2022;5;18:13:00;Pinchazo;Vehiculo;Media;VERDADERO;42;VERDADERO;23228
2933;21240;31;17;2;07/11/2024;2024;11;13:58:00;Accidente grave;Seguridad;Critica;VERDADERO;256;VERDADERO;810166
2934;27153;22;22;6;13/11/2024;2024;11;19:23:00;Vandalismo;Seguridad;Media;FALSO;17;FALSO;10041
2935;26635;8;8;1;05/04/2023;2023;4;20:12:00;Obras calzada;Externo;Media;FALSO;10;FALSO;0
2936;10822;29;15;6;28/04/2022;2022;4;14:12:00;Vandalismo;Seguridad;Media;FALSO;17;FALSO;59782
2937;19016;33;5;7;14/08/2022;2022;8;10:21:00;Fallo climatizacion;Vehiculo;Baja;FALSO;8;FALSO;22526
2938;14760;19;5;3;08/02/2024;2024;2;14:24:00;Condiciones meteo;Externo;Media;FALSO;11;FALSO;0
2939;18120;19;5;8;05/04/2022;2022;4;22:21:00;Vandalismo;Seguridad;Media;FALSO;5;FALSO;5904
2940;42882;1;15;9;13/10/2024;2024;10;21:51:00;Pinchazo;Vehiculo;Media;VERDADERO;9;FALSO;13062
2941;36208;5;5;3;11/03/2023;2023;3;11:41:00;Pasajero enfermo;Servicio;Media;FALSO;21;FALSO;9844
2942;49475;42;28;5;30/09/2022;2022;9;6:01:00;Retencion trafico;Externo;Baja;FALSO;5;FALSO;419
2943;1825;20;6;1;07/07/2022;2022;7;15:31:00;Fallo climatizacion;Vehiculo;Baja;FALSO;36;FALSO;14381
2944;46195;38;24;2;08/03/2022;2022;3;19:00:00;Fallo electrico;Vehiculo;Alta;VERDADERO;68;VERDADERO;13310
2945;25435;26;12;4;15/07/2023;2023;7;14:50:00;Obras calzada;Externo;Media;FALSO;5;FALSO;0
2946;40079;12;12;4;19/08/2023;2023;8;21:34:00;Fallo climatizacion;Vehiculo;Baja;FALSO;5;FALSO;21167
2947;8910;7;7;9;20/10/2022;2022;10;16:20:00;Averia mecanica;Vehiculo;Alta;VERDADERO;124;VERDADERO;101687
2948;20854;23;23;6;23/02/2023;2023;2;7:00:00;Accidente grave;Seguridad;Critica;VERDADERO;13;FALSO;1265881
2949;27451;26;12;1;17/12/2022;2022;12;6:44:00;Vandalismo;Seguridad;Media;FALSO;5;FALSO;49304
2950;31938;19;19;7;01/03/2022;2022;3;19:00:00;Accidente grave;Seguridad;Critica;VERDADERO;33;VERDADERO;446528
2951;6947;18;4;8;16/05/2024;2024;5;18:44:00;Vandalismo;Seguridad;Media;FALSO;35;FALSO;7468
2952;9686;27;27;3;03/09/2022;2022;9;19:31:00;Pasajero enfermo;Servicio;Media;FALSO;12;FALSO;9105
2953;34335;22;8;4;16/12/2024;2024;12;14:01:00;Retencion trafico;Externo;Baja;FALSO;5;FALSO;1178
2954;46759;14;28;9;21/01/2024;2024;1;7:31:00;Fallo electrico;Vehiculo;Alta;VERDADERO;16;VERDADERO;88381
2955;28475;42;28;10;30/04/2023;2023;4;22:33:00;Pinchazo;Vehiculo;Media;VERDADERO;6;VERDADERO;8796
2956;18669;22;22;8;11/05/2023;2023;5;18:10:00;Averia mecanica;Vehiculo;Alta;VERDADERO;11;VERDADERO;173254
2957;37157;30;2;6;22/08/2022;2022;8;20:40:00;Pinchazo;Vehiculo;Media;VERDADERO;12;VERDADERO;10256
2958;3565;38;10;4;01/11/2022;2022;11;6:20:00;Retencion trafico;Externo;Baja;FALSO;10;FALSO;934
2959;28541;24;10;4;25/06/2022;2022;6;9:50:00;Fallo climatizacion;Vehiculo;Baja;FALSO;5;FALSO;8587
2960;18050;33;19;8;21/01/2023;2023;1;13:51:00;Averia mecanica;Vehiculo;Alta;VERDADERO;12;VERDADERO;269735
2961;28080;25;25;4;26/06/2024;2024;6;20:52:00;Retencion trafico;Externo;Baja;FALSO;36;FALSO;4359
2962;28533;16;2;1;26/06/2024;2024;6;8:40:00;Huelga parcial;Operacional;Alta;VERDADERO;74;VERDADERO;0
2963;21421;2;2;1;12/02/2022;2022;2;17:08:00;Huelga parcial;Operacional;Alta;VERDADERO;5;FALSO;0
2964;323;30;16;6;19/11/2024;2024;11;19:35:00;Huelga parcial;Operacional;Alta;VERDADERO;33;VERDADERO;0
2965;47971;8;8;9;19/03/2023;2023;3;8:44:00;Averia mecanica;Vehiculo;Alta;VERDADERO;152;VERDADERO;151012
2966;19346;27;27;4;31/12/2022;2022;12;16:01:00;Averia mecanica;Vehiculo;Alta;VERDADERO;12;VERDADERO;154333
2967;14805;22;22;6;09/04/2022;2022;4;21:03:00;Condiciones meteo;Externo;Media;FALSO;8;FALSO;0
2968;45992;3;17;7;04/05/2024;2024;5;14:00:00;Huelga parcial;Operacional;Alta;VERDADERO;23;FALSO;0
2969;45620;9;9;4;04/12/2023;2023;12;11:30:00;Retencion trafico;Externo;Baja;FALSO;5;FALSO;3719
2970;49166;27;27;3;21/08/2023;2023;8;17:44:00;Condiciones meteo;Externo;Media;FALSO;5;FALSO;0
2971;28280;15;1;6;12/06/2022;2022;6;15:51:00;Huelga parcial;Operacional;Alta;VERDADERO;80;VERDADERO;0
2972;38832;25;25;5;27/02/2022;2022;2;10:40:00;Huelga parcial;Operacional;Alta;VERDADERO;22;VERDADERO;0
2973;29277;4;18;8;06/09/2024;2024;9;11:11:00;Accidente grave;Seguridad;Critica;VERDADERO;42;FALSO;1441002
2974;27489;22;22;8;05/12/2024;2024;12;14:02:00;Fallo electrico;Vehiculo;Alta;VERDADERO;8;VERDADERO;184012
2975;43006;41;27;5;16/05/2023;2023;5;10:55:00;Huelga parcial;Operacional;Alta;VERDADERO;24;VERDADERO;0
2976;10497;40;26;9;17/11/2024;2024;11;21:31:00;Fallo electrico;Vehiculo;Alta;VERDADERO;69;VERDADERO;59222
2977;42663;34;20;9;09/01/2024;2024;1;9:51:00;Fallo climatizacion;Vehiculo;Baja;FALSO;5;FALSO;23434
2978;5529;28;14;8;06/04/2024;2024;4;17:13:00;Fallo electrico;Vehiculo;Alta;VERDADERO;91;VERDADERO;157118
2979;35388;25;25;5;22/04/2024;2024;4;9:00:00;Huelga parcial;Operacional;Alta;VERDADERO;76;VERDADERO;0
2980;31209;4;18;1;12/05/2023;2023;5;20:43:00;Huelga parcial;Operacional;Alta;VERDADERO;71;VERDADERO;0
2981;40988;39;25;1;17/06/2022;2022;6;7:04:00;Averia mecanica;Vehiculo;Alta;VERDADERO;70;FALSO;177038
2982;21333;40;26;5;27/12/2024;2024;12;9:10:00;Pinchazo;Vehiculo;Media;VERDADERO;16;FALSO;20687
2983;3403;2;16;5;11/05/2023;2023;5;20:40:00;Obras calzada;Externo;Media;FALSO;6;FALSO;0
2984;7781;12;26;1;04/07/2022;2022;7;12:50:00;Condiciones meteo;Externo;Media;FALSO;53;FALSO;0
2985;27136;5;5;7;20/11/2024;2024;11;11:26:00;Huelga parcial;Operacional;Alta;VERDADERO;42;VERDADERO;0
2986;45930;25;11;1;24/05/2022;2022;5;21:31:00;Retencion trafico;Externo;Baja;FALSO;7;FALSO;2129
2987;25716;13;13;1;08/10/2024;2024;10;6:36:00;Accidente leve;Seguridad;Alta;VERDADERO;29;FALSO;181313
2988;22230;13;27;8;22/12/2024;2024;12;10:20:00;Pinchazo;Vehiculo;Media;VERDADERO;55;FALSO;17819
2989;483;22;8;7;02/12/2023;2023;12;14:11:00;Averia mecanica;Vehiculo;Alta;VERDADERO;16;VERDADERO;117248
2990;28662;19;19;5;15/01/2022;2022;1;16:25:00;Huelga parcial;Operacional;Alta;VERDADERO;29;VERDADERO;0
2991;14182;29;15;5;05/12/2023;2023;12;6:36:00;Accidente leve;Seguridad;Alta;VERDADERO;61;VERDADERO;108389
2992;39685;38;10;6;17/05/2022;2022;5;13:00:00;Averia mecanica;Vehiculo;Alta;VERDADERO;19;VERDADERO;65288
2993;8791;14;28;4;23/08/2023;2023;8;11:18:00;Accidente leve;Seguridad;Alta;VERDADERO;9;FALSO;397303
2994;38979;4;4;7;13/11/2023;2023;11;9:10:00;Accidente grave;Seguridad;Critica;VERDADERO;22;VERDADERO;235568
2995;40402;41;27;7;02/04/2023;2023;4;19:28:00;Pasajero enfermo;Servicio;Media;FALSO;5;FALSO;2572
2996;2875;20;20;10;07/12/2022;2022;12;5:41:00;Accidente leve;Seguridad;Alta;VERDADERO;41;VERDADERO;346514
2997;45436;35;21;3;19/10/2023;2023;10;13:41:00;Condiciones meteo;Externo;Media;FALSO;22;FALSO;0
2998;22604;9;9;8;03/08/2022;2022;8;14:25:00;Vandalismo;Seguridad;Media;FALSO;23;FALSO;40793
2999;37028;27;13;9;13/08/2024;2024;8;16:20:00;Accidente grave;Seguridad;Critica;VERDADERO;94;FALSO;436285
3000;44394;1;15;3;20/04/2022;2022;4;17:32:00;Accidente grave;Seguridad;Critica;VERDADERO;14;VERDADERO;1037432
3001;4216;17;17;10;19/08/2024;2024;8;23:50:00;Accidente leve;Seguridad;Alta;VERDADERO;43;VERDADERO;185968
3002;33068;15;1;7;23/01/2022;2022;1;12:32:00;Fallo electrico;Vehiculo;Alta;VERDADERO;5;VERDADERO;158509
3003;13592;27;13;5;06/02/2022;2022;2;8:14:00;Accidente leve;Seguridad;Alta;VERDADERO;5;VERDADERO;341653
3004;44341;32;18;9;22/04/2024;2024;4;17:12:00;Condiciones meteo;Externo;Media;FALSO;31;FALSO;0
3005;38870;21;7;7;27/04/2023;2023;4;15:30:00;Pasajero enfermo;Servicio;Media;FALSO;5;FALSO;668
3006;46869;40;26;2;18/03/2024;2024;3;10:46:00;Condiciones meteo;Externo;Media;FALSO;5;FALSO;0
3007;374;39;11;4;17/02/2024;2024;2;15:23:00;Fallo electrico;Vehiculo;Alta;VERDADERO;5;VERDADERO;158755
3008;48582;31;3;3;03/10/2023;2023;10;6:14:00;Accidente grave;Seguridad;Critica;VERDADERO;35;VERDADERO;1428719
3009;39617;12;26;7;03/01/2022;2022;1;15:10:00;Huelga parcial;Operacional;Alta;VERDADERO;8;VERDADERO;0
3010;27089;42;14;6;18/02/2022;2022;2;20:26:00;Pasajero enfermo;Servicio;Media;FALSO;5;FALSO;8444
3011;32025;22;22;7;09/02/2023;2023;2;11:07:00;Averia mecanica;Vehiculo;Alta;VERDADERO;85;VERDADERO;54119
3012;21635;6;20;10;12/02/2022;2022;2;22:00:00;Fallo electrico;Vehiculo;Alta;VERDADERO;33;FALSO;119271
3013;4580;3;17;10;02/05/2023;2023;5;3:59:00;Averia mecanica;Vehiculo;Alta;VERDADERO;27;FALSO;171174
3014;39393;40;26;9;06/12/2024;2024;12;11:40:00;Huelga parcial;Operacional;Alta;VERDADERO;27;FALSO;0
3015;17783;18;4;10;25/08/2024;2024;8;5:48:00;Fallo climatizacion;Vehiculo;Baja;FALSO;8;FALSO;22666
3016;40303;26;12;1;23/06/2024;2024;6;12:21:00;Accidente leve;Seguridad;Alta;VERDADERO;5;VERDADERO;142696
3017;19517;30;2;2;06/03/2024;2024;3;11:52:00;Averia mecanica;Vehiculo;Alta;VERDADERO;72;FALSO;15760
3018;28310;3;3;9;25/05/2022;2022;5;8:41:00;Obras calzada;Externo;Media;FALSO;12;FALSO;0
3019;12618;19;19;6;31/10/2024;2024;10;13:01:00;Obras calzada;Externo;Media;FALSO;15;FALSO;0
3020;35499;10;24;2;24/01/2022;2022;1;8:04:00;Averia mecanica;Vehiculo;Alta;VERDADERO;97;VERDADERO;59346
3021;35885;18;18;5;01/02/2022;2022;2;18:41:00;Fallo climatizacion;Vehiculo;Baja;FALSO;16;FALSO;7916
3022;31745;36;22;7;17/02/2022;2022;2;6:50:00;Fallo climatizacion;Vehiculo;Baja;FALSO;38;FALSO;1052
3023;48721;2;2;8;27/10/2022;2022;10;11:00:00;Vandalismo;Seguridad;Media;FALSO;11;FALSO;19973
3024;13912;11;25;6;11/02/2024;2024;2;17:50:00;Accidente leve;Seguridad;Alta;VERDADERO;50;VERDADERO;75153
3025;7095;40;12;1;01/05/2024;2024;5;12:00:00;Pinchazo;Vehiculo;Media;VERDADERO;7;FALSO;10059
3026;15401;30;2;6;04/06/2023;2023;6;19:51:00;Fallo electrico;Vehiculo;Alta;VERDADERO;195;VERDADERO;162373
3027;42130;5;19;4;17/09/2023;2023;9;15:23:00;Pinchazo;Vehiculo;Media;VERDADERO;6;VERDADERO;29067
3028;29298;25;11;2;05/04/2023;2023;4;17:51:00;Pinchazo;Vehiculo;Media;VERDADERO;16;FALSO;22006
3029;33130;35;7;5;26/07/2024;2024;7;16:44:00;Pinchazo;Vehiculo;Media;VERDADERO;18;VERDADERO;34682
3030;29117;12;26;1;09/04/2023;2023;4;16:21:00;Retencion trafico;Externo;Baja;FALSO;29;FALSO;1278
3031;7688;3;17;2;23/03/2022;2022;3;21:34:00;Accidente grave;Seguridad;Critica;VERDADERO;5;VERDADERO;39099
3032;45115;8;8;10;18/03/2022;2022;3;1:50:00;Condiciones meteo;Externo;Media;FALSO;13;FALSO;0
3033;63;22;8;7;17/04/2024;2024;4;20:05:00;Vandalismo;Seguridad;Media;FALSO;5;FALSO;11248
3034;25110;37;23;3;07/04/2023;2023;4;8:51:00;Vandalismo;Seguridad;Media;FALSO;34;FALSO;4065
3035;12025;14;14;9;29/04/2023;2023;4;14:40:00;Condiciones meteo;Externo;Media;FALSO;20;FALSO;0
3036;37596;7;21;1;12/11/2022;2022;11;11:11:00;Fallo climatizacion;Vehiculo;Baja;FALSO;10;FALSO;26479
3037;7893;40;26;9;29/01/2023;2023;1;12:12:00;Fallo electrico;Vehiculo;Alta;VERDADERO;54;VERDADERO;41105
3038;20266;23;23;8;05/10/2023;2023;10;15:34:00;Accidente leve;Seguridad;Alta;VERDADERO;29;FALSO;167993
3039;49707;22;8;9;15/11/2022;2022;11;15:30:00;Vandalismo;Seguridad;Media;FALSO;12;FALSO;16734
3040;47293;2;2;5;01/03/2024;2024;3;14:03:00;Pasajero enfermo;Servicio;Media;FALSO;5;FALSO;411
3041;22682;3;3;5;09/01/2022;2022;1;20:30:00;Condiciones meteo;Externo;Media;FALSO;10;FALSO;0
3042;29910;7;7;10;27/12/2022;2022;12;23:04:00;Condiciones meteo;Externo;Media;FALSO;5;FALSO;0
3043;2386;35;7;3;08/05/2023;2023;5;18:20:00;Retencion trafico;Externo;Baja;FALSO;5;FALSO;1494
3044;25885;14;14;8;04/11/2024;2024;11;19:42:00;Pasajero enfermo;Servicio;Media;FALSO;5;FALSO;5822
3045;3185;36;22;4;25/04/2024;2024;4;22:33:00;Accidente grave;Seguridad;Critica;VERDADERO;14;FALSO;129205
3046;21753;40;26;2;27/02/2024;2024;2;7:18:00;Vandalismo;Seguridad;Media;FALSO;19;FALSO;52427
3047;8359;2;16;6;30/04/2024;2024;4;17:01:00;Fallo electrico;Vehiculo;Alta;VERDADERO;19;VERDADERO;165534
3048;4996;41;13;5;20/08/2023;2023;8;7:26:00;Pinchazo;Vehiculo;Media;VERDADERO;6;VERDADERO;10758
3049;19991;42;28;5;09/05/2023;2023;5;19:11:00;Condiciones meteo;Externo;Media;FALSO;5;FALSO;0
3050;37219;8;8;3;26/01/2023;2023;1;15:41:00;Pasajero enfermo;Servicio;Media;FALSO;5;FALSO;9843
3051;45048;25;25;8;07/09/2024;2024;9;8:10:00;Pasajero enfermo;Servicio;Media;FALSO;15;FALSO;2158
3052;13735;2;16;5;07/08/2024;2024;8;14:31:00;Fallo electrico;Vehiculo;Alta;VERDADERO;32;VERDADERO;128883
3053;6112;23;9;5;16/11/2022;2022;11;8:16:00;Fallo electrico;Vehiculo;Alta;VERDADERO;141;FALSO;167956
3054;5374;41;27;10;10/07/2024;2024;7;23:40:00;Pasajero enfermo;Servicio;Media;FALSO;5;FALSO;9516
3055;42275;24;24;1;11/10/2023;2023;10;13:00:00;Vandalismo;Seguridad;Media;FALSO;5;FALSO;29703
3056;12432;1;1;9;13/02/2023;2023;2;12:44:00;Huelga parcial;Operacional;Alta;VERDADERO;71;FALSO;0
3057;7919;24;24;10;16/06/2022;2022;6;4:39:00;Retencion trafico;Externo;Baja;FALSO;18;FALSO;4534
3058;35812;29;1;10;15/12/2024;2024;12;0:30:00;Fallo climatizacion;Vehiculo;Baja;FALSO;13;FALSO;16061
3059;37631;42;28;10;24/07/2022;2022;7;22:40:00;Accidente leve;Seguridad;Alta;VERDADERO;7;VERDADERO;58122
3060;12141;4;18;2;31/08/2024;2024;8;12:51:00;Vandalismo;Seguridad;Media;FALSO;8;FALSO;51171
3061;39635;30;16;1;27/10/2023;2023;10;7:12:00;Fallo climatizacion;Vehiculo;Baja;FALSO;35;FALSO;9098
3062;9646;29;15;10;09/05/2023;2023;5;1:40:00;Fallo electrico;Vehiculo;Alta;VERDADERO;62;VERDADERO;172429
3063;43842;37;23;9;20/08/2024;2024;8;7:19:00;Obras calzada;Externo;Media;FALSO;5;FALSO;0
3064;36449;36;22;4;21/05/2022;2022;5;20:45:00;Fallo climatizacion;Vehiculo;Baja;FALSO;37;FALSO;6125
3065;25314;31;3;2;26/06/2023;2023;6;16:11:00;Huelga parcial;Operacional;Alta;VERDADERO;41;VERDADERO;0
3066;46536;1;1;8;10/06/2024;2024;6;16:34:00;Condiciones meteo;Externo;Media;FALSO;13;FALSO;0
3067;5305;14;14;7;28/03/2024;2024;3;21:00:00;Retencion trafico;Externo;Baja;FALSO;21;FALSO;1235
3068;38770;5;19;3;21/10/2023;2023;10;7:20:00;Fallo climatizacion;Vehiculo;Baja;FALSO;5;FALSO;22256
3069;22446;19;19;8;26/06/2022;2022;6;6:31:00;Fallo electrico;Vehiculo;Alta;VERDADERO;6;VERDADERO;12465
3070;10325;36;22;5;15/05/2023;2023;5;10:10:00;Averia mecanica;Vehiculo;Alta;VERDADERO;17;VERDADERO;61845
3071;37747;32;4;2;11/12/2022;2022;12;6:41:00;Pasajero enfermo;Servicio;Media;FALSO;61;FALSO;3486
3072;41365;38;10;9;17/08/2023;2023;8;19:58:00;Pinchazo;Vehiculo;Media;VERDADERO;9;FALSO;39624
3073;3181;32;18;4;10/01/2024;2024;1;19:31:00;Huelga parcial;Operacional;Alta;VERDADERO;117;FALSO;0
3074;29110;5;19;8;18/06/2024;2024;6;9:44:00;Pasajero enfermo;Servicio;Media;FALSO;24;FALSO;7227
3075;26630;3;3;1;16/09/2022;2022;9;7:31:00;Averia mecanica;Vehiculo;Alta;VERDADERO;57;VERDADERO;28372
3076;17021;12;26;8;08/03/2022;2022;3;17:32:00;Fallo electrico;Vehiculo;Alta;VERDADERO;7;VERDADERO;155338
3077;4615;38;24;4;03/08/2022;2022;8;14:10:00;Averia mecanica;Vehiculo;Alta;VERDADERO;8;FALSO;130288
3078;30559;26;12;7;03/09/2022;2022;9;7:56:00;Fallo climatizacion;Vehiculo;Baja;FALSO;88;FALSO;28549
3079;429;10;10;2;17/09/2023;2023;9;13:02:00;Huelga parcial;Operacional;Alta;VERDADERO;125;VERDADERO;0
3080;45145;38;10;6;03/02/2024;2024;2;6:04:00;Huelga parcial;Operacional;Alta;VERDADERO;16;FALSO;0
3081;36166;5;19;8;30/04/2023;2023;4;10:00:00;Accidente grave;Seguridad;Critica;VERDADERO;100;VERDADERO;943241
3082;46192;35;21;5;15/09/2022;2022;9;14:42:00;Obras calzada;Externo;Media;FALSO;18;FALSO;0
3083;43339;38;24;1;29/01/2022;2022;1;9:11:00;Vandalismo;Seguridad;Media;FALSO;43;FALSO;68865
3084;21862;23;23;10;28/10/2023;2023;10;23:57:00;Vandalismo;Seguridad;Media;FALSO;5;FALSO;79304
3085;24212;21;21;4;12/03/2023;2023;3;19:01:00;Fallo electrico;Vehiculo;Alta;VERDADERO;90;VERDADERO;38198
3086;10366;35;7;8;06/03/2023;2023;3;11:20:00;Fallo climatizacion;Vehiculo;Baja;FALSO;19;FALSO;24494
3087;39273;4;18;5;29/08/2023;2023;8;19:32:00;Huelga parcial;Operacional;Alta;VERDADERO;5;FALSO;0
3088;33413;24;10;5;10/07/2023;2023;7;8:34:00;Condiciones meteo;Externo;Media;FALSO;8;FALSO;0
3089;20850;19;19;8;25/01/2024;2024;1;14:50:00;Obras calzada;Externo;Media;FALSO;15;FALSO;0
3090;16843;2;16;3;13/09/2022;2022;9;10:51:00;Pasajero enfermo;Servicio;Media;FALSO;83;FALSO;4946
3091;9999;4;4;7;06/11/2023;2023;11;22:51:00;Condiciones meteo;Externo;Media;FALSO;21;FALSO;0
3092;23187;4;4;5;06/06/2024;2024;6;11:10:00;Pasajero enfermo;Servicio;Media;FALSO;5;FALSO;800
3093;7498;23;23;1;11/01/2022;2022;1;12:20:00;Condiciones meteo;Externo;Media;FALSO;14;FALSO;0
3094;5460;1;1;2;12/01/2023;2023;1;11:20:00;Fallo climatizacion;Vehiculo;Baja;FALSO;5;FALSO;2548
3095;4574;39;11;4;06/03/2024;2024;3;7:25:00;Vandalismo;Seguridad;Media;FALSO;26;FALSO;29638
3096;8172;25;25;6;21/11/2024;2024;11;9:41:00;Fallo electrico;Vehiculo;Alta;VERDADERO;5;FALSO;19942
3097;33840;31;17;4;06/06/2022;2022;6;8:03:00;Retencion trafico;Externo;Baja;FALSO;6;FALSO;2221
3098;23589;28;14;1;30/08/2023;2023;8;6:40:00;Fallo electrico;Vehiculo;Alta;VERDADERO;70;VERDADERO;148386
3099;41913;40;26;8;04/07/2023;2023;7;10:56:00;Accidente grave;Seguridad;Critica;VERDADERO;70;FALSO;903849
3100;7295;30;16;1;07/08/2023;2023;8;19:25:00;Accidente leve;Seguridad;Alta;VERDADERO;98;VERDADERO;205699
3101;25914;1;15;3;01/11/2022;2022;11;12:42:00;Pinchazo;Vehiculo;Media;VERDADERO;7;VERDADERO;9912
3102;16358;21;7;3;19/04/2022;2022;4;9:23:00;Fallo climatizacion;Vehiculo;Baja;FALSO;18;FALSO;6401
3103;36330;1;15;9;12/05/2022;2022;5;15:12:00;Accidente leve;Seguridad;Alta;VERDADERO;23;VERDADERO;18205
3104;46763;18;4;9;12/06/2022;2022;6;19:17:00;Fallo electrico;Vehiculo;Alta;VERDADERO;37;VERDADERO;132696
3105;13264;35;21;6;26/10/2022;2022;10;10:14:00;Pasajero enfermo;Servicio;Media;FALSO;12;FALSO;8116
3106;33511;38;24;5;10/04/2024;2024;4;14:43:00;Retencion trafico;Externo;Baja;FALSO;9;FALSO;3258
3107;44106;7;7;3;09/12/2024;2024;12;7:05:00;Vandalismo;Seguridad;Media;FALSO;18;FALSO;2610
3108;11193;22;22;10;14/11/2023;2023;11;22:37:00;Pasajero enfermo;Servicio;Media;FALSO;6;FALSO;2291
3109;27639;4;4;7;02/12/2022;2022;12;9:55:00;Huelga parcial;Operacional;Alta;VERDADERO;6;VERDADERO;0
3110;35306;27;27;4;12/03/2023;2023;3;10:10:00;Accidente leve;Seguridad;Alta;VERDADERO;5;VERDADERO;248857
3111;17715;34;20;5;04/09/2024;2024;9;8:10:00;Retencion trafico;Externo;Baja;FALSO;21;FALSO;150
3112;32664;31;17;7;07/02/2023;2023;2;21:01:00;Pasajero enfermo;Servicio;Media;FALSO;10;FALSO;206
3113;13168;23;9;4;14/06/2022;2022;6;16:53:00;Obras calzada;Externo;Media;FALSO;9;FALSO;0
3114;25291;8;8;1;12/12/2022;2022;12;8:05:00;Retencion trafico;Externo;Baja;FALSO;5;FALSO;3169
3115;27402;19;19;9;04/12/2022;2022;12;19:57:00;Retencion trafico;Externo;Baja;FALSO;97;FALSO;1945
3116;12458;27;27;10;16/09/2022;2022;9;0:50:00;Condiciones meteo;Externo;Media;FALSO;5;FALSO;0
3117;2186;3;3;6;25/02/2024;2024;2;8:21:00;Obras calzada;Externo;Media;FALSO;16;FALSO;0
3118;37088;3;17;1;11/07/2023;2023;7;12:30:00;Condiciones meteo;Externo;Media;FALSO;28;FALSO;0
3119;21359;24;24;3;04/07/2023;2023;7;17:49:00;Vandalismo;Seguridad;Media;FALSO;5;FALSO;69958
3120;40554;25;11;10;27/05/2023;2023;5;2:47:00;Accidente grave;Seguridad;Critica;VERDADERO;22;FALSO;740523
3121;25254;13;27;1;19/07/2023;2023;7;16:31:00;Fallo climatizacion;Vehiculo;Baja;FALSO;5;FALSO;21047
3122;2495;18;4;1;25/12/2022;2022;12;14:36:00;Obras calzada;Externo;Media;FALSO;5;FALSO;0
3123;11033;30;2;3;22/08/2024;2024;8;13:24:00;Accidente leve;Seguridad;Alta;VERDADERO;5;FALSO;234026
3124;13612;5;5;9;14/07/2022;2022;7;18:22:00;Huelga parcial;Operacional;Alta;VERDADERO;97;VERDADERO;0
3125;26445;28;14;7;20/08/2022;2022;8;20:13:00;Obras calzada;Externo;Media;FALSO;20;FALSO;0
3126;41258;15;15;9;08/01/2024;2024;1;7:00:00;Accidente grave;Seguridad;Critica;VERDADERO;18;VERDADERO;752434
3127;11763;4;4;9;06/07/2023;2023;7;11:53:00;Accidente grave;Seguridad;Critica;VERDADERO;5;VERDADERO;407154
3128;5236;29;1;5;29/08/2024;2024;8;9:03:00;Fallo climatizacion;Vehiculo;Baja;FALSO;5;FALSO;26274
3129;5764;11;25;3;10/02/2022;2022;2;10:48:00;Pinchazo;Vehiculo;Media;VERDADERO;30;FALSO;27877
3130;19733;36;22;5;27/02/2024;2024;2;7:51:00;Vandalismo;Seguridad;Media;FALSO;5;FALSO;13784
3131;39018;1;15;9;03/03/2023;2023;3;18:19:00;Pinchazo;Vehiculo;Media;VERDADERO;11;VERDADERO;17868
3132;36079;2;16;4;10/02/2022;2022;2;22:21:00;Accidente leve;Seguridad;Alta;VERDADERO;40;VERDADERO;349643
3133;44768;39;25;1;16/05/2023;2023;5;14:10:00;Obras calzada;Externo;Media;FALSO;12;FALSO;0
3134;28281;16;2;9;14/02/2024;2024;2;10:10:00;Fallo electrico;Vehiculo;Alta;VERDADERO;67;VERDADERO;165892
3135;46355;30;16;9;02/08/2023;2023;8;14:23:00;Huelga parcial;Operacional;Alta;VERDADERO;118;FALSO;0
3136;42759;4;4;1;19/06/2024;2024;6;10:16:00;Fallo climatizacion;Vehiculo;Baja;FALSO;9;FALSO;5518
3137;48921;34;6;2;24/09/2024;2024;9;6:15:00;Vandalismo;Seguridad;Media;FALSO;16;FALSO;5967
3138;47079;40;12;8;30/08/2022;2022;8;20:40:00;Vandalismo;Seguridad;Media;FALSO;15;FALSO;26677
3139;18152;9;9;5;19/09/2023;2023;9;11:20:00;Averia mecanica;Vehiculo;Alta;VERDADERO;12;VERDADERO;26133
3140;41441;30;2;8;06/07/2023;2023;7;21:37:00;Fallo electrico;Vehiculo;Alta;VERDADERO;10;VERDADERO;144198
3141;18347;36;8;3;11/12/2023;2023;12;22:43:00;Retencion trafico;Externo;Baja;FALSO;29;FALSO;364
3142;21523;20;20;3;10/03/2024;2024;3;6:04:00;Vandalismo;Seguridad;Media;FALSO;20;FALSO;15908
3143;39093;34;6;1;28/01/2023;2023;1;19:01:00;Pasajero enfermo;Servicio;Media;FALSO;30;FALSO;5946
3144;29609;42;14;9;12/05/2024;2024;5;13:49:00;Accidente leve;Seguridad;Alta;VERDADERO;52;FALSO;180415
3145;19137;28;14;7;05/07/2022;2022;7;20:40:00;Condiciones meteo;Externo;Media;FALSO;10;FALSO;0
3146;9385;20;6;2;24/09/2022;2022;9;6:37:00;Accidente leve;Seguridad;Alta;VERDADERO;43;VERDADERO;92134
3147;21113;30;2;5;11/09/2023;2023;9;20:26:00;Fallo electrico;Vehiculo;Alta;VERDADERO;43;FALSO;63625
3148;43031;24;24;5;27/04/2022;2022;4;12:00:00;Fallo climatizacion;Vehiculo;Baja;FALSO;14;FALSO;10157
3149;16159;32;4;3;31/03/2022;2022;3;11:00:00;Fallo climatizacion;Vehiculo;Baja;FALSO;22;FALSO;5666
3150;24593;24;10;6;22/03/2022;2022;3;19:33:00;Accidente grave;Seguridad;Critica;VERDADERO;15;VERDADERO;1369585
3151;27462;37;23;7;16/12/2022;2022;12;21:20:00;Accidente grave;Seguridad;Critica;VERDADERO;15;FALSO;1409318
3152;10167;4;4;2;20/02/2023;2023;2;11:30:00;Vandalismo;Seguridad;Media;FALSO;5;FALSO;34682
3153;34916;15;1;4;10/11/2024;2024;11;10:20:00;Fallo climatizacion;Vehiculo;Baja;FALSO;32;FALSO;6777
3154;34138;35;7;10;15/09/2023;2023;9;23:50:00;Accidente grave;Seguridad;Critica;VERDADERO;9;VERDADERO;1326108
3155;31231;26;12;5;27/10/2022;2022;10;8:05:00;Fallo climatizacion;Vehiculo;Baja;FALSO;21;FALSO;12729
3156;44958;19;19;10;17/06/2024;2024;6;23:15:00;Pinchazo;Vehiculo;Media;VERDADERO;77;VERDADERO;12021
3157;3031;8;8;9;28/10/2023;2023;10;21:52:00;Averia mecanica;Vehiculo;Alta;VERDADERO;36;FALSO;266339
3158;29207;18;4;9;28/05/2024;2024;5;21:53:00;Fallo climatizacion;Vehiculo;Baja;FALSO;40;FALSO;14045
3159;31461;4;18;2;24/07/2022;2022;7;7:57:00;Huelga parcial;Operacional;Alta;VERDADERO;26;VERDADERO;0
3160;40777;38;10;1;18/03/2024;2024;3;10:00:00;Huelga parcial;Operacional;Alta;VERDADERO;10;FALSO;0
3161;43706;27;27;8;19/02/2023;2023;2;17:45:00;Pasajero enfermo;Servicio;Media;FALSO;6;FALSO;3541
3162;28615;14;28;2;19/01/2023;2023;1;16:34:00;Pinchazo;Vehiculo;Media;VERDADERO;10;VERDADERO;27333
3163;30871;2;16;9;24/06/2024;2024;6;6:57:00;Fallo climatizacion;Vehiculo;Baja;FALSO;5;FALSO;23126
3164;9069;40;26;4;01/06/2023;2023;6;7:21:00;Vandalismo;Seguridad;Media;FALSO;5;FALSO;44524
3165;22922;33;19;2;21/09/2022;2022;9;7:53:00;Averia mecanica;Vehiculo;Alta;VERDADERO;5;FALSO;80967
3166;36212;9;9;3;13/08/2022;2022;8;21:00:00;Pinchazo;Vehiculo;Media;VERDADERO;5;VERDADERO;11602
3167;30421;14;14;6;21/07/2022;2022;7;18:54:00;Accidente grave;Seguridad;Critica;VERDADERO;16;FALSO;246958
3168;3228;37;9;3;24/04/2022;2022;4;10:00:00;Averia mecanica;Vehiculo;Alta;VERDADERO;75;VERDADERO;234304
3169;44490;13;27;4;14/05/2023;2023;5;8:02:00;Accidente grave;Seguridad;Critica;VERDADERO;5;VERDADERO;418366
3170;25420;11;25;1;12/06/2023;2023;6;20:26:00;Huelga parcial;Operacional;Alta;VERDADERO;118;FALSO;0
3171;32344;5;5;9;13/01/2022;2022;1;16:50:00;Pasajero enfermo;Servicio;Media;FALSO;5;FALSO;6229
3172;30373;8;22;4;26/09/2023;2023;9;6:46:00;Pasajero enfermo;Servicio;Media;FALSO;9;FALSO;642
3173;18380;27;13;9;08/09/2023;2023;9;14:52:00;Pasajero enfermo;Servicio;Media;FALSO;19;FALSO;222
3174;35716;17;17;8;02/10/2024;2024;10;18:20:00;Fallo climatizacion;Vehiculo;Baja;FALSO;5;FALSO;27021
3175;43932;1;1;5;05/01/2022;2022;1;20:56:00;Obras calzada;Externo;Media;FALSO;45;FALSO;0
3176;5708;39;25;10;17/06/2022;2022;6;23:50:00;Averia mecanica;Vehiculo;Alta;VERDADERO;153;FALSO;30002
3177;49578;19;19;6;18/11/2023;2023;11;13:51:00;Retencion trafico;Externo;Baja;FALSO;8;FALSO;3586
3178;26773;20;6;10;22/12/2023;2023;12;23:15:00;Vandalismo;Seguridad;Media;FALSO;13;FALSO;3840
3179;37655;24;24;5;29/03/2022;2022;3;16:20:00;Condiciones meteo;Externo;Media;FALSO;39;FALSO;0
3180;386;9;23;2;01/08/2022;2022;8;10:11:00;Condiciones meteo;Externo;Media;FALSO;5;FALSO;0
3181;39191;6;20;2;06/10/2024;2024;10;6:31:00;Accidente leve;Seguridad;Alta;VERDADERO;55;VERDADERO;60475
3182;3376;17;17;1;06/03/2023;2023;3;17:17:00;Obras calzada;Externo;Media;FALSO;31;FALSO;0
3183;29725;32;18;8;20/10/2023;2023;10;19:28:00;Pasajero enfermo;Servicio;Media;FALSO;33;FALSO;3121
3184;18893;36;22;9;09/07/2023;2023;7;7:22:00;Averia mecanica;Vehiculo;Alta;VERDADERO;19;FALSO;256868
3185;30062;33;19;1;23/03/2022;2022;3;8:20:00;Pinchazo;Vehiculo;Media;VERDADERO;5;VERDADERO;30461
3186;3864;1;1;10;16/04/2024;2024;4;1:28:00;Huelga parcial;Operacional;Alta;VERDADERO;56;VERDADERO;0
3187;43116;25;25;1;01/08/2022;2022;8;21:00:00;Fallo electrico;Vehiculo;Alta;VERDADERO;48;VERDADERO;105561
3188;7210;29;15;8;12/02/2023;2023;2;22:10:00;Pinchazo;Vehiculo;Media;VERDADERO;5;VERDADERO;3009
3189;3367;8;8;3;09/05/2024;2024;5;20:59:00;Pinchazo;Vehiculo;Media;VERDADERO;5;VERDADERO;33976
3190;14442;37;23;9;12/03/2022;2022;3;9:51:00;Huelga parcial;Operacional;Alta;VERDADERO;23;VERDADERO;0
3191;15971;12;12;6;19/04/2023;2023;4;10:20:00;Fallo electrico;Vehiculo;Alta;VERDADERO;234;VERDADERO;162049
3192;45343;26;12;5;20/04/2024;2024;4;16:41:00;Retencion trafico;Externo;Baja;FALSO;21;FALSO;4587
3193;6076;29;1;5;11/01/2024;2024;1;13:10:00;Fallo electrico;Vehiculo;Alta;VERDADERO;5;FALSO;170494
3194;32811;10;24;7;30/08/2024;2024;8;16:33:00;Fallo electrico;Vehiculo;Alta;VERDADERO;9;VERDADERO;88299
3195;47849;12;26;1;06/03/2023;2023;3;10:51:00;Condiciones meteo;Externo;Media;FALSO;31;FALSO;0
3196;38202;25;11;7;10/08/2024;2024;8;6:25:00;Condiciones meteo;Externo;Media;FALSO;11;FALSO;0
3197;32662;29;15;6;08/06/2024;2024;6;19:40:00;Condiciones meteo;Externo;Media;FALSO;30;FALSO;0
3198;2096;39;25;6;20/07/2022;2022;7;15:17:00;Obras calzada;Externo;Media;FALSO;19;FALSO;0
3199;28781;12;26;4;26/02/2024;2024;2;8:31:00;Condiciones meteo;Externo;Media;FALSO;13;FALSO;0
3200;42963;40;12;7;22/09/2023;2023;9;16:04:00;Obras calzada;Externo;Media;FALSO;19;FALSO;0
3201;31466;9;23;4;04/01/2024;2024;1;20:53:00;Fallo electrico;Vehiculo;Alta;VERDADERO;30;FALSO;10737
3202;3759;22;8;5;05/01/2022;2022;1;6:52:00;Accidente leve;Seguridad;Alta;VERDADERO;22;VERDADERO;268016
3203;30137;24;10;6;11/06/2023;2023;6;14:21:00;Accidente grave;Seguridad;Critica;VERDADERO;68;VERDADERO;654927
3204;13343;30;16;2;24/07/2022;2022;7;11:02:00;Obras calzada;Externo;Media;FALSO;5;FALSO;0
3205;37834;35;7;3;10/02/2024;2024;2;17:11:00;Vandalismo;Seguridad;Media;FALSO;5;FALSO;51993
3206;16919;36;8;6;08/01/2023;2023;1;10:31:00;Fallo electrico;Vehiculo;Alta;VERDADERO;105;VERDADERO;63906
3207;26793;40;26;2;25/11/2022;2022;11;22:50:00;Fallo electrico;Vehiculo;Alta;VERDADERO;59;VERDADERO;4286
3208;28792;23;9;3;11/10/2024;2024;10;10:43:00;Vandalismo;Seguridad;Media;FALSO;17;FALSO;13817
3209;46386;19;19;10;11/09/2022;2022;9;5:50:00;Accidente grave;Seguridad;Critica;VERDADERO;73;VERDADERO;940279
3210;47795;42;28;6;06/03/2022;2022;3;17:01:00;Pinchazo;Vehiculo;Media;VERDADERO;12;FALSO;17934
3211;13675;26;12;7;30/12/2023;2023;12;7:40:00;Vandalismo;Seguridad;Media;FALSO;16;FALSO;16413
3212;19394;33;19;10;01/12/2022;2022;12;1:00:00;Pinchazo;Vehiculo;Media;VERDADERO;5;VERDADERO;34928
3213;16766;9;23;2;07/09/2023;2023;9;9:33:00;Accidente leve;Seguridad;Alta;VERDADERO;88;VERDADERO;79414
3214;11314;17;3;7;21/08/2023;2023;8;15:31:00;Fallo electrico;Vehiculo;Alta;VERDADERO;64;FALSO;198507
3215;46457;6;6;2;06/08/2023;2023;8;15:00:00;Retencion trafico;Externo;Baja;FALSO;20;FALSO;4264
3216;22609;14;14;1;21/12/2023;2023;12;22:00:00;Condiciones meteo;Externo;Media;FALSO;29;FALSO;0
3217;8921;18;18;7;30/07/2024;2024;7;8:36:00;Accidente leve;Seguridad;Alta;VERDADERO;30;VERDADERO;126453
3218;1282;23;23;7;23/11/2023;2023;11;6:57:00;Fallo electrico;Vehiculo;Alta;VERDADERO;51;VERDADERO;51785
3219;46450;41;27;10;15/07/2023;2023;7;2:09:00;Obras calzada;Externo;Media;FALSO;32;FALSO;0
3220;33864;13;13;9;16/08/2023;2023;8;13:00:00;Huelga parcial;Operacional;Alta;VERDADERO;5;VERDADERO;0
3221;9065;36;22;10;08/03/2023;2023;3;22:14:00;Averia mecanica;Vehiculo;Alta;VERDADERO;67;VERDADERO;135091
3222;39822;7;7;4;19/09/2024;2024;9;20:40:00;Condiciones meteo;Externo;Media;FALSO;31;FALSO;0
3223;23078;21;7;5;10/03/2022;2022;3;17:39:00;Condiciones meteo;Externo;Media;FALSO;26;FALSO;0
3224;24066;1;15;6;21/03/2024;2024;3;7:40:00;Vandalismo;Seguridad;Media;FALSO;5;FALSO;5285
3225;915;34;20;4;05/11/2024;2024;11;10:54:00;Huelga parcial;Operacional;Alta;VERDADERO;5;FALSO;0
3226;22126;35;7;10;11/05/2022;2022;5;23:40:00;Retencion trafico;Externo;Baja;FALSO;5;FALSO;4983
3227;23365;14;14;4;18/09/2022;2022;9;12:31:00;Pinchazo;Vehiculo;Media;VERDADERO;9;VERDADERO;35783
3228;31432;17;17;9;02/11/2022;2022;11;19:10:00;Accidente leve;Seguridad;Alta;VERDADERO;34;VERDADERO;122815
3229;26750;39;11;3;23/02/2024;2024;2;6:44:00;Pinchazo;Vehiculo;Media;VERDADERO;5;VERDADERO;25928
3230;33780;13;13;3;25/10/2022;2022;10;20:42:00;Fallo climatizacion;Vehiculo;Baja;FALSO;16;FALSO;14856
3231;41928;13;13;1;23/02/2024;2024;2;22:40:00;Averia mecanica;Vehiculo;Alta;VERDADERO;105;VERDADERO;64378
3232;17472;1;1;8;19/04/2023;2023;4;6:00:00;Vandalismo;Seguridad;Media;FALSO;5;FALSO;69965
3233;19316;39;25;3;29/01/2024;2024;1;15:55:00;Condiciones meteo;Externo;Media;FALSO;31;FALSO;0
3234;44429;36;22;9;22/06/2024;2024;6;19:19:00;Huelga parcial;Operacional;Alta;VERDADERO;5;VERDADERO;0
3235;32657;24;10;9;29/01/2024;2024;1;15:40:00;Accidente leve;Seguridad;Alta;VERDADERO;12;VERDADERO;294367
3236;36918;1;15;5;07/02/2023;2023;2;18:57:00;Pasajero enfermo;Servicio;Media;FALSO;5;FALSO;378
3237;899;18;4;6;13/05/2022;2022;5;10:48:00;Fallo electrico;Vehiculo;Alta;VERDADERO;92;VERDADERO;156384
3238;23559;40;12;7;15/07/2023;2023;7;9:40:00;Condiciones meteo;Externo;Media;FALSO;55;FALSO;0
3239;46238;39;11;7;15/02/2024;2024;2;6:40:00;Pinchazo;Vehiculo;Media;VERDADERO;23;FALSO;35433
3240;40171;20;20;9;04/08/2023;2023;8;13:03:00;Huelga parcial;Operacional;Alta;VERDADERO;107;VERDADERO;0
3241;23308;41;13;4;27/02/2024;2024;2;21:10:00;Condiciones meteo;Externo;Media;FALSO;11;FALSO;0
3242;17629;32;18;1;01/10/2023;2023;10;19:45:00;Accidente grave;Seguridad;Critica;VERDADERO;65;VERDADERO;244458
3243;17519;6;20;6;09/10/2024;2024;10;7:34:00;Condiciones meteo;Externo;Media;FALSO;39;FALSO;0
3244;972;7;21;8;11/05/2024;2024;5;21:34:00;Pasajero enfermo;Servicio;Media;FALSO;16;FALSO;5136
3245;35853;28;14;4;15/09/2023;2023;9;21:21:00;Condiciones meteo;Externo;Media;FALSO;15;FALSO;0
3246;12131;36;8;9;15/05/2023;2023;5;6:36:00;Averia mecanica;Vehiculo;Alta;VERDADERO;83;VERDADERO;229764
3247;11462;39;11;8;21/10/2023;2023;10;9:10:00;Averia mecanica;Vehiculo;Alta;VERDADERO;24;FALSO;180388
3248;18695;6;20;9;11/01/2024;2024;1;12:00:00;Obras calzada;Externo;Media;FALSO;54;FALSO;0
3249;44136;37;9;10;01/04/2022;2022;4;4:40:00;Huelga parcial;Operacional;Alta;VERDADERO;16;VERDADERO;0
3250;11049;4;18;9;30/10/2024;2024;10;6:35:00;Huelga parcial;Operacional;Alta;VERDADERO;5;VERDADERO;0
3251;18127;26;12;1;09/12/2023;2023;12;9:43:00;Pinchazo;Vehiculo;Media;VERDADERO;5;VERDADERO;34399
3252;6527;18;4;5;13/07/2024;2024;7;8:29:00;Pinchazo;Vehiculo;Media;VERDADERO;19;VERDADERO;1567
3253;35963;12;12;6;05/01/2022;2022;1;8:00:00;Pasajero enfermo;Servicio;Media;FALSO;17;FALSO;4001
3254;2133;34;6;4;15/01/2024;2024;1;12:32:00;Accidente grave;Seguridad;Critica;VERDADERO;33;FALSO;1078954
3255;32291;36;8;4;02/11/2024;2024;11;17:42:00;Accidente grave;Seguridad;Critica;VERDADERO;79;VERDADERO;428642
3256;11225;12;26;4;28/10/2023;2023;10;8:02:00;Pasajero enfermo;Servicio;Media;FALSO;28;FALSO;5784
3257;49691;6;20;8;15/06/2023;2023;6;10:11:00;Fallo electrico;Vehiculo;Alta;VERDADERO;90;FALSO;44906
3258;2373;22;22;1;13/06/2024;2024;6;10:56:00;Averia mecanica;Vehiculo;Alta;VERDADERO;56;FALSO;176632
3259;19000;17;17;4;31/07/2023;2023;7;9:38:00;Obras calzada;Externo;Media;FALSO;51;FALSO;0
3260;6485;18;18;4;29/08/2023;2023;8;14:10:00;Accidente grave;Seguridad;Critica;VERDADERO;34;VERDADERO;1220106
3261;18254;27;27;5;20/11/2022;2022;11;11:12:00;Averia mecanica;Vehiculo;Alta;VERDADERO;151;VERDADERO;24011
3262;38924;33;5;4;22/08/2024;2024;8;13:11:00;Fallo electrico;Vehiculo;Alta;VERDADERO;195;VERDADERO;41179
3263;8616;7;21;1;17/10/2024;2024;10;11:02:00;Fallo electrico;Vehiculo;Alta;VERDADERO;43;VERDADERO;14592
3264;28323;16;16;10;26/12/2023;2023;12;23:40:00;Accidente grave;Seguridad;Critica;VERDADERO;16;VERDADERO;1318268
3265;36524;27;13;5;04/04/2023;2023;4;15:24:00;Pinchazo;Vehiculo;Media;VERDADERO;5;VERDADERO;39043
3266;8579;12;12;2;21/08/2023;2023;8;11:22:00;Condiciones meteo;Externo;Media;FALSO;5;FALSO;0
3267;42514;11;11;3;24/09/2022;2022;9;7:13:00;Fallo electrico;Vehiculo;Alta;VERDADERO;11;FALSO;159404
3268;8021;42;14;8;08/05/2024;2024;5;13:03:00;Accidente leve;Seguridad;Alta;VERDADERO;17;VERDADERO;257411
3269;47345;12;26;6;10/06/2023;2023;6;13:07:00;Accidente grave;Seguridad;Critica;VERDADERO;14;VERDADERO;203132
3270;39101;42;14;6;28/03/2022;2022;3;13:20:00;Pinchazo;Vehiculo;Media;VERDADERO;5;FALSO;18028
3271;38367;22;8;7;24/09/2024;2024;9;7:30:00;Retencion trafico;Externo;Baja;FALSO;34;FALSO;966
3272;1013;6;6;4;28/09/2022;2022;9;20:21:00;Condiciones meteo;Externo;Media;FALSO;10;FALSO;0
3273;2248;23;9;9;10/05/2023;2023;5;22:40:00;Condiciones meteo;Externo;Media;FALSO;5;FALSO;0
3274;21318;25;11;10;07/01/2022;2022;1;4:31:00;Vandalismo;Seguridad;Media;FALSO;9;FALSO;74666
3275;44843;30;16;4;02/04/2023;2023;4;8:41:00;Huelga parcial;Operacional;Alta;VERDADERO;5;VERDADERO;0
3276;33284;21;21;2;28/01/2024;2024;1;22:22:00;Pasajero enfermo;Servicio;Media;FALSO;50;FALSO;3124
3277;37639;8;8;10;27/05/2024;2024;5;2:00:00;Obras calzada;Externo;Media;FALSO;11;FALSO;0
3278;41587;8;8;5;25/12/2022;2022;12;16:43:00;Accidente leve;Seguridad;Alta;VERDADERO;18;VERDADERO;227953
3279;49129;32;18;7;18/06/2024;2024;6;11:00:00;Accidente leve;Seguridad;Alta;VERDADERO;5;FALSO;94438
3280;48363;22;8;1;03/07/2023;2023;7;14:53:00;Accidente leve;Seguridad;Alta;VERDADERO;162;FALSO;37231
3281;44020;5;5;7;29/09/2022;2022;9;6:34:00;Vandalismo;Seguridad;Media;FALSO;14;FALSO;3661
3282;20496;1;1;6;09/02/2022;2022;2;18:10:00;Obras calzada;Externo;Media;FALSO;5;FALSO;0
3283;5568;25;25;2;30/03/2022;2022;3;20:35:00;Obras calzada;Externo;Media;FALSO;11;FALSO;0
3284;11833;32;18;3;26/02/2024;2024;2;9:34:00;Pasajero enfermo;Servicio;Media;FALSO;7;FALSO;9672
3285;38331;28;28;4;08/03/2024;2024;3;20:27:00;Obras calzada;Externo;Media;FALSO;20;FALSO;0
3286;32212;41;13;1;27/02/2023;2023;2;7:50:00;Condiciones meteo;Externo;Media;FALSO;5;FALSO;0
3287;25616;39;25;5;09/02/2024;2024;2;16:21:00;Pinchazo;Vehiculo;Media;VERDADERO;30;VERDADERO;35798
3288;44932;35;21;9;20/01/2023;2023;1;15:22:00;Accidente grave;Seguridad;Critica;VERDADERO;116;FALSO;602958
3289;232;23;9;7;09/10/2022;2022;10;12:50:00;Pinchazo;Vehiculo;Media;VERDADERO;14;FALSO;38347
3290;38515;2;16;5;23/04/2023;2023;4;16:10:00;Vandalismo;Seguridad;Media;FALSO;5;FALSO;14684
3291;41664;1;1;2;11/06/2023;2023;6;10:31:00;Fallo climatizacion;Vehiculo;Baja;FALSO;5;FALSO;25616
3292;5978;15;15;1;30/12/2024;2024;12;9:40:00;Accidente grave;Seguridad;Critica;VERDADERO;7;VERDADERO;841107
3293;6649;14;14;3;01/06/2022;2022;6;14:42:00;Pasajero enfermo;Servicio;Media;FALSO;8;FALSO;3829
3294;40880;15;1;1;25/06/2022;2022;6;8:11:00;Obras calzada;Externo;Media;FALSO;5;FALSO;0
3295;37519;14;28;10;04/12/2022;2022;12;3:09:00;Accidente grave;Seguridad;Critica;VERDADERO;16;VERDADERO;1465488
3296;17610;13;27;9;19/09/2023;2023;9;9:21:00;Pinchazo;Vehiculo;Media;VERDADERO;7;VERDADERO;22452
3297;28060;5;5;9;29/08/2023;2023;8;11:30:00;Accidente grave;Seguridad;Critica;VERDADERO;60;VERDADERO;279252
3298;12258;37;23;10;18/11/2024;2024;11;0:40:00;Averia mecanica;Vehiculo;Alta;VERDADERO;27;VERDADERO;255575
3299;23746;17;3;6;15/04/2023;2023;4;18:40:00;Obras calzada;Externo;Media;FALSO;5;FALSO;0
3300;21357;22;22;2;03/11/2023;2023;11;18:14:00;Fallo climatizacion;Vehiculo;Baja;FALSO;5;FALSO;8697
3301;2894;39;11;10;22/08/2024;2024;8;23:06:00;Fallo electrico;Vehiculo;Alta;VERDADERO;13;VERDADERO;68689
3302;24415;14;28;3;15/12/2024;2024;12;18:02:00;Accidente grave;Seguridad;Critica;VERDADERO;5;VERDADERO;1199225
3303;14230;35;7;10;12/01/2024;2024;1;3:00:00;Averia mecanica;Vehiculo;Alta;VERDADERO;44;FALSO;175616
3304;23400;7;21;10;18/01/2022;2022;1;23:40:00;Obras calzada;Externo;Media;FALSO;12;FALSO;0
3305;2639;36;8;10;07/10/2024;2024;10;2:10:00;Retencion trafico;Externo;Baja;FALSO;14;FALSO;1174
3306;47262;13;27;9;06/09/2024;2024;9;9:00:00;Accidente grave;Seguridad;Critica;VERDADERO;17;VERDADERO;505907
3307;10152;31;17;3;16/11/2024;2024;11;17:14:00;Huelga parcial;Operacional;Alta;VERDADERO;38;VERDADERO;0
3308;45311;36;8;1;23/03/2024;2024;3;13:20:00;Obras calzada;Externo;Media;FALSO;8;FALSO;0
3309;14418;13;27;7;29/03/2024;2024;3;7:45:00;Accidente grave;Seguridad;Critica;VERDADERO;16;VERDADERO;339995
3310;39357;4;18;7;01/12/2023;2023;12;8:24:00;Huelga parcial;Operacional;Alta;VERDADERO;213;FALSO;0
3311;30251;12;12;9;16/05/2022;2022;5;15:28:00;Fallo electrico;Vehiculo;Alta;VERDADERO;21;VERDADERO;129474
3312;28593;34;6;3;26/05/2023;2023;5;7:43:00;Pinchazo;Vehiculo;Media;VERDADERO;12;VERDADERO;20539
3313;48389;6;6;7;09/09/2022;2022;9;19:03:00;Retencion trafico;Externo;Baja;FALSO;5;FALSO;4969
3314;21211;2;16;3;04/02/2022;2022;2;16:14:00;Huelga parcial;Operacional;Alta;VERDADERO;80;VERDADERO;0
3315;42733;20;6;6;18/06/2023;2023;6;6:34:00;Accidente leve;Seguridad;Alta;VERDADERO;48;VERDADERO;172103
3316;10971;10;24;7;26/03/2023;2023;3;19:24:00;Pasajero enfermo;Servicio;Media;FALSO;52;FALSO;3684
3317;31538;39;11;7;08/10/2024;2024;10;10:21:00;Retencion trafico;Externo;Baja;FALSO;15;FALSO;4062
3318;26534;33;19;1;07/03/2023;2023;3;21:31:00;Accidente leve;Seguridad;Alta;VERDADERO;27;FALSO;191311
3319;29312;39;25;7;20/11/2023;2023;11;16:53:00;Averia mecanica;Vehiculo;Alta;VERDADERO;18;VERDADERO;92542
3320;36836;3;17;1;15/09/2022;2022;9;15:00:00;Pinchazo;Vehiculo;Media;VERDADERO;5;FALSO;26676
3321;5932;11;25;6;09/11/2022;2022;11;7:35:00;Fallo electrico;Vehiculo;Alta;VERDADERO;5;VERDADERO;57497
3322;3805;26;26;1;27/11/2024;2024;11;9:23:00;Obras calzada;Externo;Media;FALSO;7;FALSO;0
3323;30203;6;20;9;28/11/2023;2023;11;18:45:00;Obras calzada;Externo;Media;FALSO;8;FALSO;0
3324;33212;33;5;1;31/01/2024;2024;1;13:10:00;Condiciones meteo;Externo;Media;FALSO;14;FALSO;0
3325;48170;39;11;5;23/03/2023;2023;3;11:10:00;Pinchazo;Vehiculo;Media;VERDADERO;5;VERDADERO;15255
3326;2981;42;14;3;24/10/2024;2024;10;21:01:00;Retencion trafico;Externo;Baja;FALSO;7;FALSO;407
3327;16786;29;15;7;26/05/2024;2024;5;18:32:00;Pinchazo;Vehiculo;Media;VERDADERO;5;VERDADERO;38739
3328;25498;5;19;6;10/07/2022;2022;7;16:33:00;Obras calzada;Externo;Media;FALSO;12;FALSO;0
3329;3738;1;15;7;29/04/2022;2022;4;18:33:00;Fallo electrico;Vehiculo;Alta;VERDADERO;5;VERDADERO;183372
3330;31467;10;24;10;01/03/2024;2024;3;23:10:00;Obras calzada;Externo;Media;FALSO;5;FALSO;0
3331;21681;10;10;3;27/02/2023;2023;2;9:34:00;Huelga parcial;Operacional;Alta;VERDADERO;32;VERDADERO;0
3332;47030;33;19;6;07/11/2022;2022;11;7:05:00;Accidente leve;Seguridad;Alta;VERDADERO;14;FALSO;24449
3333;20993;36;22;6;06/08/2024;2024;8;7:37:00;Accidente grave;Seguridad;Critica;VERDADERO;174;VERDADERO;1408177
3334;23410;17;3;7;04/01/2022;2022;1;12:51:00;Pasajero enfermo;Servicio;Media;FALSO;5;FALSO;479
3335;4378;11;11;6;07/09/2023;2023;9;10:51:00;Obras calzada;Externo;Media;FALSO;19;FALSO;0
3336;24848;27;13;7;25/06/2024;2024;6;19:34:00;Obras calzada;Externo;Media;FALSO;48;FALSO;0
3337;45656;3;17;1;03/07/2022;2022;7;8:40:00;Retencion trafico;Externo;Baja;FALSO;20;FALSO;3664
3338;42861;22;22;4;14/03/2022;2022;3;10:00:00;Retencion trafico;Externo;Baja;FALSO;20;FALSO;3042
3339;43942;11;11;2;03/04/2022;2022;4;18:30:00;Pinchazo;Vehiculo;Media;VERDADERO;11;VERDADERO;22009
3340;3096;31;17;1;17/11/2024;2024;11;13:02:00;Averia mecanica;Vehiculo;Alta;VERDADERO;5;VERDADERO;59588
3341;36268;23;9;8;23/11/2022;2022;11;7:56:00;Obras calzada;Externo;Media;FALSO;5;FALSO;0
3342;14278;41;27;5;30/04/2024;2024;4;12:51:00;Accidente leve;Seguridad;Alta;VERDADERO;7;VERDADERO;167222
3343;11592;1;1;9;04/03/2023;2023;3;16:53:00;Obras calzada;Externo;Media;FALSO;5;FALSO;0
3344;44476;41;13;5;13/11/2024;2024;11;6:14:00;Retencion trafico;Externo;Baja;FALSO;50;FALSO;4336
3345;46566;31;3;6;27/03/2024;2024;3;6:01:00;Huelga parcial;Operacional;Alta;VERDADERO;18;FALSO;0
3346;43711;32;4;1;18/01/2022;2022;1;10:50:00;Pasajero enfermo;Servicio;Media;FALSO;26;FALSO;6574
3347;38692;11;25;4;01/07/2022;2022;7;8:24:00;Obras calzada;Externo;Media;FALSO;28;FALSO;0
3348;27025;20;6;5;03/09/2022;2022;9;21:02:00;Fallo electrico;Vehiculo;Alta;VERDADERO;64;VERDADERO;91361
3349;38845;38;10;3;09/11/2023;2023;11;17:43:00;Accidente leve;Seguridad;Alta;VERDADERO;73;VERDADERO;321873
3350;30142;29;15;8;19/11/2024;2024;11;16:45:00;Obras calzada;Externo;Media;FALSO;11;FALSO;0
3351;8395;38;24;2;22/09/2023;2023;9;22:55:00;Averia mecanica;Vehiculo;Alta;VERDADERO;16;FALSO;185486
3352;4606;29;15;1;08/08/2024;2024;8;11:51:00;Obras calzada;Externo;Media;FALSO;5;FALSO;0
3353;33052;41;13;5;19/10/2024;2024;10;10:27:00;Averia mecanica;Vehiculo;Alta;VERDADERO;85;VERDADERO;285263
3354;35010;25;11;2;26/01/2023;2023;1;18:08:00;Obras calzada;Externo;Media;FALSO;7;FALSO;0
3355;16696;23;9;10;27/05/2024;2024;5;23:31:00;Retencion trafico;Externo;Baja;FALSO;5;FALSO;3553
3356;24588;19;5;10;09/09/2024;2024;9;23:51:00;Accidente grave;Seguridad;Critica;VERDADERO;157;VERDADERO;1261266
3357;18984;1;1;8;09/12/2023;2023;12;9:11:00;Averia mecanica;Vehiculo;Alta;VERDADERO;11;VERDADERO;63699
3358;5716;5;5;3;26/07/2022;2022;7;19:54:00;Fallo electrico;Vehiculo;Alta;VERDADERO;21;VERDADERO;44838
3359;34076;15;1;4;17/12/2022;2022;12;7:00:00;Huelga parcial;Operacional;Alta;VERDADERO;5;VERDADERO;0
3360;41052;19;5;7;24/09/2022;2022;9;21:45:00;Accidente grave;Seguridad;Critica;VERDADERO;68;VERDADERO;224888
3361;22740;19;5;4;26/10/2023;2023;10;10:43:00;Huelga parcial;Operacional;Alta;VERDADERO;67;FALSO;0
3362;32477;12;26;10;04/03/2023;2023;3;22:12:00;Fallo electrico;Vehiculo;Alta;VERDADERO;49;VERDADERO;154581
3363;42199;32;4;2;12/12/2023;2023;12;8:32:00;Pinchazo;Vehiculo;Media;VERDADERO;5;VERDADERO;34452
3364;23866;11;11;10;24/01/2022;2022;1;23:01:00;Condiciones meteo;Externo;Media;FALSO;5;FALSO;0
3365;48816;13;13;4;15/02/2022;2022;2;16:12:00;Averia mecanica;Vehiculo;Alta;VERDADERO;18;VERDADERO;161692
3366;42085;2;2;10;28/07/2024;2024;7;22:39:00;Fallo climatizacion;Vehiculo;Baja;FALSO;42;FALSO;17237
3367;1877;30;2;1;06/02/2024;2024;2;16:30:00;Condiciones meteo;Externo;Media;FALSO;11;FALSO;0
3368;7790;21;7;4;28/07/2023;2023;7;17:02:00;Fallo climatizacion;Vehiculo;Baja;FALSO;14;FALSO;29288
3369;4306;23;23;3;18/04/2024;2024;4;11:40:00;Obras calzada;Externo;Media;FALSO;5;FALSO;0
3370;626;39;11;4;12/07/2024;2024;7;20:20:00;Obras calzada;Externo;Media;FALSO;22;FALSO;0
3371;39756;25;25;10;22/07/2023;2023;7;1:50:00;Obras calzada;Externo;Media;FALSO;18;FALSO;0
3372;15001;8;22;3;30/04/2022;2022;4;17:36:00;Pasajero enfermo;Servicio;Media;FALSO;12;FALSO;9746
3373;15645;22;22;3;24/01/2024;2024;1;15:41:00;Accidente leve;Seguridad;Alta;VERDADERO;10;VERDADERO;85207
3374;30603;28;28;7;19/01/2023;2023;1;7:13:00;Fallo climatizacion;Vehiculo;Baja;FALSO;41;FALSO;8926
3375;29898;37;23;7;09/01/2023;2023;1;13:40:00;Obras calzada;Externo;Media;FALSO;5;FALSO;0
3376;34420;23;9;8;04/03/2023;2023;3;9:18:00;Pinchazo;Vehiculo;Media;VERDADERO;55;VERDADERO;26324
3377;41101;26;26;3;17/01/2022;2022;1;13:51:00;Fallo electrico;Vehiculo;Alta;VERDADERO;11;FALSO;85347
3378;14033;6;6;5;24/05/2024;2024;5;16:15:00;Accidente grave;Seguridad;Critica;VERDADERO;137;VERDADERO;1399307
3379;19141;32;18;7;22/08/2024;2024;8;13:45:00;Fallo climatizacion;Vehiculo;Baja;FALSO;39;FALSO;2450
3380;35631;16;16;6;13/07/2024;2024;7;10:50:00;Averia mecanica;Vehiculo;Alta;VERDADERO;40;FALSO;269383
3381;48655;20;20;5;11/04/2023;2023;4;18:12:00;Obras calzada;Externo;Media;FALSO;25;FALSO;0
3382;35023;38;24;7;12/09/2024;2024;9;9:17:00;Accidente leve;Seguridad;Alta;VERDADERO;16;VERDADERO;390293
3383;46127;12;12;2;23/05/2023;2023;5;17:33:00;Obras calzada;Externo;Media;FALSO;38;FALSO;0
3384;5611;26;12;3;02/05/2023;2023;5;16:36:00;Pinchazo;Vehiculo;Media;VERDADERO;20;VERDADERO;38852
3385;39232;5;5;7;27/09/2024;2024;9;14:33:00;Condiciones meteo;Externo;Media;FALSO;5;FALSO;0
3386;10645;20;6;2;30/08/2023;2023;8;17:23:00;Vandalismo;Seguridad;Media;FALSO;10;FALSO;73337
3387;49989;10;10;7;19/08/2022;2022;8;7:22:00;Huelga parcial;Operacional;Alta;VERDADERO;61;FALSO;0
3388;19372;11;25;7;02/11/2024;2024;11;7:42:00;Accidente grave;Seguridad;Critica;VERDADERO;131;VERDADERO;263522
3389;35076;7;21;10;08/12/2023;2023;12;22:41:00;Vandalismo;Seguridad;Media;FALSO;5;FALSO;53819
3390;45172;23;9;2;25/03/2024;2024;3;16:12:00;Pinchazo;Vehiculo;Media;VERDADERO;5;FALSO;24198
3391;4385;18;18;4;09/04/2023;2023;4;18:36:00;Averia mecanica;Vehiculo;Alta;VERDADERO;5;FALSO;130235
3392;14459;12;12;8;16/05/2022;2022;5;10:00:00;Vandalismo;Seguridad;Media;FALSO;19;FALSO;63642
3393;16477;14;14;2;01/11/2024;2024;11;16:54:00;Pasajero enfermo;Servicio;Media;FALSO;7;FALSO;997
3394;12762;37;23;7;21/07/2022;2022;7;15:20:00;Vandalismo;Seguridad;Media;FALSO;5;FALSO;25104
3395;24555;28;28;2;24/11/2022;2022;11;22:13:00;Accidente grave;Seguridad;Critica;VERDADERO;60;VERDADERO;677162
3396;20454;1;15;6;03/07/2023;2023;7;6:21:00;Obras calzada;Externo;Media;FALSO;44;FALSO;0
3397;481;20;6;2;10/04/2024;2024;4;19:21:00;Accidente grave;Seguridad;Critica;VERDADERO;8;VERDADERO;1106802
3398;37869;28;14;8;28/11/2023;2023;11;13:42:00;Condiciones meteo;Externo;Media;FALSO;5;FALSO;0
3399;42002;3;3;8;28/01/2022;2022;1;18:21:00;Fallo climatizacion;Vehiculo;Baja;FALSO;5;FALSO;21598
3400;42704;33;5;5;16/11/2022;2022;11;13:54:00;Retencion trafico;Externo;Baja;FALSO;7;FALSO;2901
3401;38466;37;23;1;30/01/2023;2023;1;18:00:00;Retencion trafico;Externo;Baja;FALSO;15;FALSO;4577
3402;12981;4;18;2;31/05/2022;2022;5;16:54:00;Pasajero enfermo;Servicio;Media;FALSO;6;FALSO;4783
3403;9734;33;19;8;06/07/2022;2022;7;8:02:00;Pasajero enfermo;Servicio;Media;FALSO;5;FALSO;440
3404;26183;18;4;10;18/04/2024;2024;4;2:30:00;Accidente grave;Seguridad;Critica;VERDADERO;5;VERDADERO;828571
3405;28681;38;10;8;01/04/2024;2024;4;21:33:00;Averia mecanica;Vehiculo;Alta;VERDADERO;9;FALSO;136734
3406;15190;29;15;7;24/04/2024;2024;4;10:42:00;Fallo electrico;Vehiculo;Alta;VERDADERO;5;FALSO;3125
3407;45947;42;28;9;08/09/2023;2023;9;6:22:00;Averia mecanica;Vehiculo;Alta;VERDADERO;11;FALSO;24428
3408;36080;3;17;5;08/12/2022;2022;12;11:23:00;Accidente grave;Seguridad;Critica;VERDADERO;5;VERDADERO;1407019
3409;31256;9;9;7;17/09/2023;2023;9;8:07:00;Obras calzada;Externo;Media;FALSO;5;FALSO;0
3410;47127;4;4;1;03/09/2023;2023;9;16:41:00;Obras calzada;Externo;Media;FALSO;5;FALSO;0
3411;26493;34;6;5;30/07/2022;2022;7;7:34:00;Averia mecanica;Vehiculo;Alta;VERDADERO;36;VERDADERO;83067
3412;47923;2;16;7;29/11/2024;2024;11;6:40:00;Accidente grave;Seguridad;Critica;VERDADERO;35;VERDADERO;833403
3413;7328;21;21;7;15/12/2024;2024;12;21:33:00;Fallo electrico;Vehiculo;Alta;VERDADERO;29;VERDADERO;12082
3414;274;23;23;9;06/01/2023;2023;1;10:30:00;Accidente leve;Seguridad;Alta;VERDADERO;95;VERDADERO;8771
3415;29651;42;28;9;15/08/2022;2022;8;14:51:00;Retencion trafico;Externo;Baja;FALSO;31;FALSO;4457
3416;32907;22;8;5;18/06/2022;2022;6;20:01:00;Condiciones meteo;Externo;Media;FALSO;45;FALSO;0
3417;15040;5;5;7;09/09/2023;2023;9;18:31:00;Huelga parcial;Operacional;Alta;VERDADERO;30;FALSO;0
3418;23849;36;22;7;30/01/2023;2023;1;20:55:00;Pinchazo;Vehiculo;Media;VERDADERO;32;VERDADERO;32958
3419;32854;11;11;1;13/11/2022;2022;11;17:55:00;Vandalismo;Seguridad;Media;FALSO;20;FALSO;61788
3420;15109;32;18;2;23/11/2023;2023;11;15:20:00;Accidente leve;Seguridad;Alta;VERDADERO;45;VERDADERO;241523
3421;16160;33;5;2;03/02/2024;2024;2;11:01:00;Obras calzada;Externo;Media;FALSO;22;FALSO;0
3422;42475;14;28;3;29/03/2023;2023;3;7:28:00;Accidente leve;Seguridad;Alta;VERDADERO;36;VERDADERO;29175
3423;2175;34;20;6;06/11/2022;2022;11;6:17:00;Accidente grave;Seguridad;Critica;VERDADERO;70;VERDADERO;434396
3424;43099;8;8;2;05/02/2024;2024;2;22:12:00;Vandalismo;Seguridad;Media;FALSO;14;FALSO;77092
3425;26678;9;23;10;03/04/2023;2023;4;3:10:00;Fallo electrico;Vehiculo;Alta;VERDADERO;6;FALSO;18909
3426;20125;8;22;9;28/10/2023;2023;10;6:22:00;Pinchazo;Vehiculo;Media;VERDADERO;5;FALSO;19463
3427;46575;40;12;8;23/03/2022;2022;3;20:30:00;Retencion trafico;Externo;Baja;FALSO;49;FALSO;1302
3428;38342;39;11;1;06/08/2022;2022;8;14:53:00;Averia mecanica;Vehiculo;Alta;VERDADERO;49;VERDADERO;153257
3429;31064;27;13;9;28/11/2022;2022;11;8:40:00;Fallo climatizacion;Vehiculo;Baja;FALSO;5;FALSO;13717
3430;4352;27;13;1;15/09/2023;2023;9;9:21:00;Averia mecanica;Vehiculo;Alta;VERDADERO;39;FALSO;248364
3431;15299;12;12;3;14/01/2022;2022;1;9:51:00;Vandalismo;Seguridad;Media;FALSO;12;FALSO;63893
3432;759;4;4;4;21/04/2024;2024;4;10:41:00;Accidente leve;Seguridad;Alta;VERDADERO;8;VERDADERO;206341
3433;25813;26;26;7;30/04/2023;2023;4;7:18:00;Fallo climatizacion;Vehiculo;Baja;FALSO;45;FALSO;7764
3434;23973;34;6;7;28/08/2023;2023;8;14:12:00;Condiciones meteo;Externo;Media;FALSO;7;FALSO;0
3435;22141;8;22;6;09/09/2023;2023;9;11:33:00;Averia mecanica;Vehiculo;Alta;VERDADERO;45;VERDADERO;148269
3436;7515;40;12;2;04/08/2024;2024;8;18:31:00;Condiciones meteo;Externo;Media;FALSO;5;FALSO;0
3437;1819;14;28;3;23/11/2023;2023;11;9:52:00;Fallo electrico;Vehiculo;Alta;VERDADERO;122;VERDADERO;184615
3438;13820;3;17;8;13/02/2023;2023;2;13:40:00;Accidente grave;Seguridad;Critica;VERDADERO;58;VERDADERO;345296
3439;46526;33;19;9;11/04/2023;2023;4;12:11:00;Accidente leve;Seguridad;Alta;VERDADERO;43;VERDADERO;221478
3440;42048;7;21;5;09/12/2024;2024;12;15:16:00;Accidente grave;Seguridad;Critica;VERDADERO;23;VERDADERO;1269339
3441;27012;7;21;7;28/08/2024;2024;8;22:21:00;Fallo electrico;Vehiculo;Alta;VERDADERO;22;FALSO;110949
3442;47048;9;9;7;18/06/2023;2023;6;18:34:00;Huelga parcial;Operacional;Alta;VERDADERO;5;VERDADERO;0
3443;14364;1;1;3;19/12/2023;2023;12;9:50:00;Condiciones meteo;Externo;Media;FALSO;22;FALSO;0
3444;13905;4;18;10;26/06/2024;2024;6;23:50:00;Averia mecanica;Vehiculo;Alta;VERDADERO;14;FALSO;181434
3445;36896;21;21;5;20/06/2024;2024;6;21:15:00;Condiciones meteo;Externo;Media;FALSO;5;FALSO;0
3446;38798;33;19;5;28/03/2022;2022;3;15:10:00;Retencion trafico;Externo;Baja;FALSO;5;FALSO;4417
3447;44982;1;15;5;10/12/2024;2024;12;15:54:00;Huelga parcial;Operacional;Alta;VERDADERO;5;VERDADERO;0
3448;32837;36;22;7;24/05/2022;2022;5;20:44:00;Fallo electrico;Vehiculo;Alta;VERDADERO;56;VERDADERO;40561
3449;44959;20;20;1;02/08/2022;2022;8;8:20:00;Averia mecanica;Vehiculo;Alta;VERDADERO;6;VERDADERO;75818
3450;29503;20;20;10;29/09/2022;2022;9;22:41:00;Fallo climatizacion;Vehiculo;Baja;FALSO;17;FALSO;10405
3451;34119;16;16;3;04/08/2022;2022;8;11:31:00;Condiciones meteo;Externo;Media;FALSO;25;FALSO;0
3452;25431;22;8;10;20/06/2022;2022;6;22:53:00;Accidente leve;Seguridad;Alta;VERDADERO;14;VERDADERO;174407
3453;25377;10;10;7;05/12/2022;2022;12;6:57:00;Accidente grave;Seguridad;Critica;VERDADERO;5;FALSO;874872
3454;48787;26;12;1;07/11/2024;2024;11;7:21:00;Huelga parcial;Operacional;Alta;VERDADERO;5;VERDADERO;0
3455;40185;34;6;3;20/04/2023;2023;4;11:40:00;Huelga parcial;Operacional;Alta;VERDADERO;65;FALSO;0
3456;17594;39;11;6;05/05/2023;2023;5;17:43:00;Fallo climatizacion;Vehiculo;Baja;FALSO;36;FALSO;973
3457;22679;42;28;10;27/07/2024;2024;7;23:10:00;Pinchazo;Vehiculo;Media;VERDADERO;19;FALSO;37226
3458;15240;37;9;10;21/12/2024;2024;12;5:19:00;Fallo electrico;Vehiculo;Alta;VERDADERO;9;VERDADERO;185689
3459;8405;6;6;4;23/07/2022;2022;7;16:06:00;Pasajero enfermo;Servicio;Media;FALSO;5;FALSO;248
3460;11397;16;2;6;12/05/2023;2023;5;7:03:00;Fallo electrico;Vehiculo;Alta;VERDADERO;63;FALSO;105303
3461;38655;16;16;4;04/12/2023;2023;12;22:01:00;Pasajero enfermo;Servicio;Media;FALSO;5;FALSO;328
3462;20501;6;6;6;18/09/2024;2024;9;10:42:00;Retencion trafico;Externo;Baja;FALSO;5;FALSO;2135
3463;17067;16;16;10;06/07/2023;2023;7;3:40:00;Fallo electrico;Vehiculo;Alta;VERDADERO;128;FALSO;126829
3464;48546;37;23;1;17/07/2022;2022;7;16:32:00;Obras calzada;Externo;Media;FALSO;5;FALSO;0
3465;7802;33;19;3;17/06/2024;2024;6;7:27:00;Accidente grave;Seguridad;Critica;VERDADERO;28;VERDADERO;1002117
3466;44528;9;9;3;16/02/2023;2023;2;20:19:00;Fallo climatizacion;Vehiculo;Baja;FALSO;9;FALSO;1516
3467;46622;3;3;3;12/01/2022;2022;1;10:25:00;Vandalismo;Seguridad;Media;FALSO;5;FALSO;38318
3468;12231;10;24;7;26/10/2022;2022;10;11:10:00;Averia mecanica;Vehiculo;Alta;VERDADERO;76;FALSO;149814
3469;26507;6;20;6;23/12/2023;2023;12;10:10:00;Accidente grave;Seguridad;Critica;VERDADERO;41;VERDADERO;637577
3470;40433;30;2;2;27/04/2023;2023;4;19:43:00;Retencion trafico;Externo;Baja;FALSO;14;FALSO;4293
3471;41027;36;8;6;09/12/2022;2022;12;18:45:00;Huelga parcial;Operacional;Alta;VERDADERO;145;VERDADERO;0
3472;5267;18;4;4;12/12/2024;2024;12;13:31:00;Averia mecanica;Vehiculo;Alta;VERDADERO;6;VERDADERO;97379
3473;35760;19;5;6;20/11/2024;2024;11;12:40:00;Vandalismo;Seguridad;Media;FALSO;7;FALSO;38374
3474;43568;15;1;10;02/08/2022;2022;8;5:30:00;Fallo climatizacion;Vehiculo;Baja;FALSO;11;FALSO;28536
3475;352;17;17;10;17/07/2022;2022;7;22:40:00;Fallo electrico;Vehiculo;Alta;VERDADERO;41;FALSO;36872
3476;5012;15;1;1;30/07/2022;2022;7;14:43:00;Fallo climatizacion;Vehiculo;Baja;FALSO;24;FALSO;15682
3477;6577;26;26;1;17/12/2024;2024;12;14:43:00;Condiciones meteo;Externo;Media;FALSO;5;FALSO;0
3478;3223;32;4;3;28/02/2023;2023;2;19:54:00;Condiciones meteo;Externo;Media;FALSO;5;FALSO;0
3479;1577;24;10;6;29/07/2022;2022;7;9:40:00;Retencion trafico;Externo;Baja;FALSO;5;FALSO;3527
3480;3662;9;23;7;20/03/2024;2024;3;7:15:00;Fallo electrico;Vehiculo;Alta;VERDADERO;44;VERDADERO;153124
3481;15045;10;10;8;21/12/2022;2022;12;16:06:00;Vandalismo;Seguridad;Media;FALSO;9;FALSO;29864
3482;16235;24;24;10;01/02/2023;2023;2;22:20:00;Fallo electrico;Vehiculo;Alta;VERDADERO;8;VERDADERO;199588
3483;40297;20;6;5;12/08/2022;2022;8;14:00:00;Accidente grave;Seguridad;Critica;VERDADERO;45;FALSO;1398474
3484;17547;34;20;10;07/12/2024;2024;12;22:35:00;Pasajero enfermo;Servicio;Media;FALSO;19;FALSO;2463
3485;22883;36;8;8;15/12/2024;2024;12;11:53:00;Accidente leve;Seguridad;Alta;VERDADERO;64;VERDADERO;130524
3486;3540;13;13;6;12/03/2023;2023;3;19:11:00;Condiciones meteo;Externo;Media;FALSO;9;FALSO;0
3487;11043;40;12;3;09/01/2023;2023;1;6:34:00;Huelga parcial;Operacional;Alta;VERDADERO;10;VERDADERO;0
3488;21164;39;25;10;11/08/2024;2024;8;22:30:00;Fallo climatizacion;Vehiculo;Baja;FALSO;10;FALSO;824
3489;10825;32;18;9;02/01/2023;2023;1;16:50:00;Huelga parcial;Operacional;Alta;VERDADERO;5;FALSO;0
3490;26492;33;5;5;11/11/2023;2023;11;6:55:00;Condiciones meteo;Externo;Media;FALSO;8;FALSO;0
3491;13587;22;8;1;30/08/2022;2022;8;7:45:00;Accidente leve;Seguridad;Alta;VERDADERO;12;VERDADERO;198971
3492;31850;15;15;8;28/06/2024;2024;6;8:28:00;Accidente grave;Seguridad;Critica;VERDADERO;43;FALSO;123696
3493;18125;24;10;3;14/11/2023;2023;11;10:22:00;Obras calzada;Externo;Media;FALSO;18;FALSO;0
3494;3605;36;22;7;03/11/2023;2023;11;20:13:00;Averia mecanica;Vehiculo;Alta;VERDADERO;25;VERDADERO;117505
3495;44360;9;9;1;02/08/2024;2024;8;6:38:00;Condiciones meteo;Externo;Media;FALSO;5;FALSO;0
3496;25609;32;18;5;23/07/2022;2022;7;20:23:00;Fallo climatizacion;Vehiculo;Baja;FALSO;31;FALSO;11879
3497;35066;39;11;1;18/04/2023;2023;4;15:20:00;Obras calzada;Externo;Media;FALSO;10;FALSO;0
3498;38939;6;20;3;10/09/2023;2023;9;12:51:00;Fallo electrico;Vehiculo;Alta;VERDADERO;23;VERDADERO;7876
3499;13487;6;20;1;10/05/2024;2024;5;8:51:00;Pinchazo;Vehiculo;Media;VERDADERO;5;VERDADERO;22162
3500;49621;20;6;10;06/10/2022;2022;10;2:00:00;Averia mecanica;Vehiculo;Alta;VERDADERO;9;VERDADERO;34781
3501;14749;8;22;3;30/10/2023;2023;10;18:52:00;Fallo electrico;Vehiculo;Alta;VERDADERO;5;VERDADERO;42786
3502;41952;37;9;4;12/10/2023;2023;10;6:25:00;Fallo climatizacion;Vehiculo;Baja;FALSO;5;FALSO;9363
3503;37351;14;28;8;15/06/2022;2022;6;18:02:00;Retencion trafico;Externo;Baja;FALSO;8;FALSO;151
3504;39609;4;18;5;04/03/2024;2024;3;12:02:00;Averia mecanica;Vehiculo;Alta;VERDADERO;5;VERDADERO;206476
3505;35203;8;8;8;24/07/2024;2024;7;20:56:00;Vandalismo;Seguridad;Media;FALSO;26;FALSO;5544
3506;40379;18;4;8;22/01/2022;2022;1;6:25:00;Pasajero enfermo;Servicio;Media;FALSO;16;FALSO;775
3507;46315;32;4;3;23/09/2022;2022;9;9:30:00;Accidente grave;Seguridad;Critica;VERDADERO;24;VERDADERO;263208
3508;38374;29;15;5;19/03/2022;2022;3;7:43:00;Pasajero enfermo;Servicio;Media;FALSO;13;FALSO;4955
3509;26979;16;16;8;16/04/2022;2022;4;18:10:00;Fallo climatizacion;Vehiculo;Baja;FALSO;51;FALSO;13863
3510;33253;32;18;7;23/11/2022;2022;11;18:33:00;Vandalismo;Seguridad;Media;FALSO;21;FALSO;78637
3511;41290;5;19;2;27/12/2022;2022;12;8:20:00;Obras calzada;Externo;Media;FALSO;16;FALSO;0
3512;44004;31;17;8;24/04/2024;2024;4;20:30:00;Vandalismo;Seguridad;Media;FALSO;25;FALSO;71546
3513;35416;11;25;5;11/05/2022;2022;5;12:50:00;Pinchazo;Vehiculo;Media;VERDADERO;5;VERDADERO;3808
3514;32841;40;26;6;12/09/2024;2024;9;8:43:00;Fallo electrico;Vehiculo;Alta;VERDADERO;33;VERDADERO;196262
3515;6966;37;23;6;24/10/2023;2023;10;16:42:00;Accidente grave;Seguridad;Critica;VERDADERO;9;VERDADERO;989295
3516;39301;32;18;10;21/12/2024;2024;12;3:50:00;Obras calzada;Externo;Media;FALSO;15;FALSO;0
3517;30104;33;5;7;07/11/2023;2023;11;10:30:00;Accidente grave;Seguridad;Critica;VERDADERO;60;VERDADERO;1248415
3518;6789;28;14;8;24/01/2022;2022;1;6:00:00;Obras calzada;Externo;Media;FALSO;9;FALSO;0
3519;29667;16;16;6;18/10/2023;2023;10;21:01:00;Huelga parcial;Operacional;Alta;VERDADERO;10;VERDADERO;0
3520;35221;26;26;1;15/11/2024;2024;11;17:32:00;Fallo climatizacion;Vehiculo;Baja;FALSO;5;FALSO;6682
3521;18594;31;3;2;23/07/2023;2023;7;21:01:00;Pinchazo;Vehiculo;Media;VERDADERO;5;VERDADERO;30815
3522;35449;2;2;2;04/06/2022;2022;6;17:30:00;Fallo climatizacion;Vehiculo;Baja;FALSO;5;FALSO;5519
3523;6996;25;25;4;14/11/2023;2023;11;19:01:00;Retencion trafico;Externo;Baja;FALSO;15;FALSO;2443
3524;9166;11;11;9;10/08/2022;2022;8;6:51:00;Fallo electrico;Vehiculo;Alta;VERDADERO;59;VERDADERO;99682
3525;9190;35;7;8;31/07/2022;2022;7;6:12:00;Fallo climatizacion;Vehiculo;Baja;FALSO;20;FALSO;26721
3526;36616;35;21;2;20/03/2023;2023;3;19:32:00;Fallo electrico;Vehiculo;Alta;VERDADERO;17;FALSO;69921
3527;43159;26;12;6;29/01/2024;2024;1;15:01:00;Fallo electrico;Vehiculo;Alta;VERDADERO;20;VERDADERO;139784
3528;16781;24;10;3;09/09/2023;2023;9;21:15:00;Pinchazo;Vehiculo;Media;VERDADERO;35;VERDADERO;32278
3529;13672;23;9;3;10/05/2022;2022;5;18:30:00;Condiciones meteo;Externo;Media;FALSO;8;FALSO;0
3530;49474;41;27;6;10/02/2022;2022;2;15:10:00;Accidente leve;Seguridad;Alta;VERDADERO;48;VERDADERO;356934
3531;17420;33;5;4;26/12/2024;2024;12;6:22:00;Obras calzada;Externo;Media;FALSO;8;FALSO;0
3532;5035;38;24;9;23/02/2023;2023;2;21:33:00;Obras calzada;Externo;Media;FALSO;58;FALSO;0
3533;2903;6;20;8;17/09/2022;2022;9;13:55:00;Pinchazo;Vehiculo;Media;VERDADERO;12;VERDADERO;8947
3534;11477;12;26;8;15/04/2023;2023;4;11:00:00;Averia mecanica;Vehiculo;Alta;VERDADERO;40;VERDADERO;13230
3535;2435;42;28;2;11/06/2024;2024;6;7:22:00;Obras calzada;Externo;Media;FALSO;15;FALSO;0
3536;36501;4;18;8;24/07/2023;2023;7;21:30:00;Pinchazo;Vehiculo;Media;VERDADERO;33;VERDADERO;28634
3537;1854;7;7;1;09/09/2023;2023;9;9:36:00;Huelga parcial;Operacional;Alta;VERDADERO;5;VERDADERO;0
3538;19474;29;15;10;17/09/2022;2022;9;22:52:00;Obras calzada;Externo;Media;FALSO;60;FALSO;0
3539;30046;17;3;3;24/02/2022;2022;2;7:12:00;Huelga parcial;Operacional;Alta;VERDADERO;11;VERDADERO;0
3540;37818;19;19;6;16/02/2024;2024;2;15:42:00;Accidente leve;Seguridad;Alta;VERDADERO;15;VERDADERO;247053
3541;3830;9;23;8;21/07/2022;2022;7;17:01:00;Fallo climatizacion;Vehiculo;Baja;FALSO;15;FALSO;14097
3542;27075;28;28;1;02/06/2024;2024;6;15:10:00;Averia mecanica;Vehiculo;Alta;VERDADERO;5;VERDADERO;77046
3543;21052;11;25;6;14/03/2023;2023;3;22:41:00;Vandalismo;Seguridad;Media;FALSO;19;FALSO;60037
3544;34500;19;5;7;09/08/2023;2023;8;8:47:00;Fallo electrico;Vehiculo;Alta;VERDADERO;43;FALSO;72076
3545;559;14;28;10;14/12/2024;2024;12;23:18:00;Pasajero enfermo;Servicio;Media;FALSO;11;FALSO;8091
3546;26896;17;17;8;02/11/2023;2023;11;13:12:00;Vandalismo;Seguridad;Media;FALSO;17;FALSO;14185
3547;39390;37;23;7;22/06/2023;2023;6;6:52:00;Averia mecanica;Vehiculo;Alta;VERDADERO;5;FALSO;29108
3548;11839;38;24;6;10/08/2024;2024;8;15:20:00;Condiciones meteo;Externo;Media;FALSO;33;FALSO;0
3549;46260;19;5;9;17/04/2022;2022;4;9:20:00;Huelga parcial;Operacional;Alta;VERDADERO;50;VERDADERO;0
3550;23813;42;14;7;10/02/2024;2024;2;11:47:00;Huelga parcial;Operacional;Alta;VERDADERO;58;FALSO;0
3551;29540;15;1;7;18/08/2022;2022;8;21:41:00;Retencion trafico;Externo;Baja;FALSO;5;FALSO;1217
3552;9667;8;8;3;11/05/2022;2022;5;17:31:00;Vandalismo;Seguridad;Media;FALSO;7;FALSO;25969
3553;21112;29;1;9;17/03/2023;2023;3;6:40:00;Accidente leve;Seguridad;Alta;VERDADERO;22;FALSO;134572
3554;12815;6;20;6;05/03/2024;2024;3;13:02:00;Pinchazo;Vehiculo;Media;VERDADERO;17;FALSO;37871
3555;40446;1;15;1;07/06/2022;2022;6;10:30:00;Condiciones meteo;Externo;Media;FALSO;5;FALSO;0
3556;8436;37;9;10;05/02/2023;2023;2;5:32:00;Fallo electrico;Vehiculo;Alta;VERDADERO;56;VERDADERO;118821
3557;9986;33;19;7;15/03/2024;2024;3;16:19:00;Fallo climatizacion;Vehiculo;Baja;FALSO;9;FALSO;19513
3558;12487;14;28;4;02/10/2022;2022;10;17:00:00;Accidente leve;Seguridad;Alta;VERDADERO;9;VERDADERO;136609
3559;43562;9;23;8;26/08/2022;2022;8;9:44:00;Pasajero enfermo;Servicio;Media;FALSO;11;FALSO;1649
3560;104;21;21;4;17/03/2023;2023;3;15:01:00;Obras calzada;Externo;Media;FALSO;5;FALSO;0
3561;48962;33;19;8;30/12/2023;2023;12;22:01:00;Accidente grave;Seguridad;Critica;VERDADERO;5;VERDADERO;948589
3562;36814;23;23;1;02/01/2023;2023;1;14:32:00;Averia mecanica;Vehiculo;Alta;VERDADERO;35;FALSO;208798
3563;26138;15;15;6;25/12/2023;2023;12;13:31:00;Condiciones meteo;Externo;Media;FALSO;5;FALSO;0
3564;33089;36;22;8;20/03/2022;2022;3;12:11:00;Averia mecanica;Vehiculo;Alta;VERDADERO;29;VERDADERO;147106
3565;16342;5;19;5;18/05/2024;2024;5;21:02:00;Vandalismo;Seguridad;Media;FALSO;8;FALSO;78763
3566;40021;38;10;6;12/10/2022;2022;10;10:00:00;Retencion trafico;Externo;Baja;FALSO;25;FALSO;4582
3567;39722;33;19;3;21/09/2023;2023;9;9:01:00;Retencion trafico;Externo;Baja;FALSO;55;FALSO;3694
3568;14598;25;11;2;30/10/2022;2022;10;7:56:00;Pasajero enfermo;Servicio;Media;FALSO;19;FALSO;884
3569;1481;12;26;7;11/08/2022;2022;8;12:51:00;Pinchazo;Vehiculo;Media;VERDADERO;39;VERDADERO;23223
3570;16691;18;4;8;31/05/2022;2022;5;7:20:00;Vandalismo;Seguridad;Media;FALSO;37;FALSO;30036
3571;19636;23;9;5;13/10/2023;2023;10;18:00:00;Fallo electrico;Vehiculo;Alta;VERDADERO;10;FALSO;130436
3572;3793;14;14;1;26/11/2023;2023;11;11:50:00;Obras calzada;Externo;Media;FALSO;19;FALSO;0
3573;4981;26;26;8;28/11/2022;2022;11;16:21:00;Retencion trafico;Externo;Baja;FALSO;17;FALSO;1499
3574;19667;12;12;6;06/07/2023;2023;7;11:22:00;Huelga parcial;Operacional;Alta;VERDADERO;12;VERDADERO;0
3575;24641;30;2;10;16/11/2024;2024;11;22:00:00;Pasajero enfermo;Servicio;Media;FALSO;5;FALSO;872
3576;7504;29;1;9;01/01/2022;2022;1;18:01:00;Fallo electrico;Vehiculo;Alta;VERDADERO;35;VERDADERO;82728
3577;12576;19;5;6;20/06/2023;2023;6;6:40:00;Fallo climatizacion;Vehiculo;Baja;FALSO;12;FALSO;20634
3578;7123;26;12;1;19/12/2023;2023;12;9:21:00;Pinchazo;Vehiculo;Media;VERDADERO;41;VERDADERO;30861
3579;38790;25;11;3;26/02/2023;2023;2;14:40:00;Condiciones meteo;Externo;Media;FALSO;47;FALSO;0
3580;1867;20;20;4;21/06/2024;2024;6;8:59:00;Fallo electrico;Vehiculo;Alta;VERDADERO;26;VERDADERO;38863
3581;13204;17;17;4;03/05/2024;2024;5;20:33:00;Obras calzada;Externo;Media;FALSO;13;FALSO;0
3582;24082;17;3;9;02/04/2023;2023;4;20:18:00;Pasajero enfermo;Servicio;Media;FALSO;12;FALSO;2179
3583;33385;38;10;5;27/06/2022;2022;6;16:50:00;Retencion trafico;Externo;Baja;FALSO;9;FALSO;1879
3584;849;10;10;1;19/09/2022;2022;9;8:43:00;Accidente leve;Seguridad;Alta;VERDADERO;26;VERDADERO;245428
3585;14050;23;23;10;11/10/2023;2023;10;22:46:00;Pasajero enfermo;Servicio;Media;FALSO;32;FALSO;4266
3586;47308;17;17;7;19/12/2024;2024;12;7:21:00;Pinchazo;Vehiculo;Media;VERDADERO;23;VERDADERO;26101
3587;45634;23;23;4;03/08/2023;2023;8;9:54:00;Accidente grave;Seguridad;Critica;VERDADERO;66;VERDADERO;76687
3588;8659;8;8;5;19/03/2024;2024;3;19:21:00;Averia mecanica;Vehiculo;Alta;VERDADERO;38;FALSO;148619
3589;7516;41;13;10;05/04/2022;2022;4;23:52:00;Accidente leve;Seguridad;Alta;VERDADERO;35;VERDADERO;201177
3590;703;32;4;2;20/09/2022;2022;9;18:10:00;Pinchazo;Vehiculo;Media;VERDADERO;10;VERDADERO;26267
3591;31987;26;12;3;05/03/2022;2022;3;21:10:00;Fallo climatizacion;Vehiculo;Baja;FALSO;5;FALSO;14988
3592;28488;13;13;2;22/04/2023;2023;4;20:45:00;Fallo climatizacion;Vehiculo;Baja;FALSO;5;FALSO;12761
3593;47472;13;13;9;15/06/2024;2024;6;9:25:00;Accidente leve;Seguridad;Alta;VERDADERO;70;VERDADERO;290358
3594;42185;18;18;6;19/08/2023;2023;8;14:03:00;Accidente grave;Seguridad;Critica;VERDADERO;56;VERDADERO;105410
3595;25605;28;14;4;20/11/2024;2024;11;9:31:00;Condiciones meteo;Externo;Media;FALSO;37;FALSO;0
3596;35675;18;4;3;09/08/2024;2024;8;13:10:00;Retencion trafico;Externo;Baja;FALSO;23;FALSO;1885
3597;4670;9;23;4;20/03/2022;2022;3;10:00:00;Huelga parcial;Operacional;Alta;VERDADERO;15;VERDADERO;0
3598;28049;36;22;5;03/10/2022;2022;10;20:23:00;Condiciones meteo;Externo;Media;FALSO;5;FALSO;0
3599;35033;6;6;7;26/10/2023;2023;10;14:00:00;Averia mecanica;Vehiculo;Alta;VERDADERO;15;FALSO;151305
3600;18240;13;13;2;06/11/2024;2024;11;21:28:00;Accidente leve;Seguridad;Alta;VERDADERO;8;VERDADERO;264476
3601;26404;29;1;3;01/10/2024;2024;10;14:20:00;Retencion trafico;Externo;Baja;FALSO;16;FALSO;4068
3602;11209;38;10;3;11/10/2024;2024;10;20:01:00;Obras calzada;Externo;Media;FALSO;8;FALSO;0
3603;31334;3;3;7;02/08/2024;2024;8;8:00:00;Vandalismo;Seguridad;Media;FALSO;31;FALSO;49536
3604;43186;11;11;7;05/10/2022;2022;10;13:23:00;Retencion trafico;Externo;Baja;FALSO;5;FALSO;138
3605;48347;6;20;9;20/05/2024;2024;5;6:54:00;Fallo electrico;Vehiculo;Alta;VERDADERO;27;FALSO;18952
3606;777;22;22;2;27/02/2024;2024;2;12:41:00;Retencion trafico;Externo;Baja;FALSO;44;FALSO;3512
3607;20772;25;25;1;21/01/2023;2023;1;18:53:00;Pinchazo;Vehiculo;Media;VERDADERO;7;VERDADERO;21892
3608;33265;2;2;3;20/12/2022;2022;12;19:20:00;Pinchazo;Vehiculo;Media;VERDADERO;5;VERDADERO;21189
3609;19215;22;8;4;14/03/2022;2022;3;19:09:00;Condiciones meteo;Externo;Media;FALSO;13;FALSO;0
3610;11798;39;11;2;28/08/2024;2024;8;18:06:00;Retencion trafico;Externo;Baja;FALSO;5;FALSO;2083
3611;8666;15;15;2;05/10/2024;2024;10;11:01:00;Fallo climatizacion;Vehiculo;Baja;FALSO;20;FALSO;24491
3612;15014;21;7;5;29/04/2022;2022;4;20:11:00;Averia mecanica;Vehiculo;Alta;VERDADERO;120;VERDADERO;153309
3613;14225;30;2;7;04/12/2023;2023;12;19:24:00;Vandalismo;Seguridad;Media;FALSO;18;FALSO;5553
3614;12869;18;18;10;24/04/2023;2023;4;22:31:00;Retencion trafico;Externo;Baja;FALSO;5;FALSO;4907
3615;15046;11;11;4;08/01/2024;2024;1;6:27:00;Fallo electrico;Vehiculo;Alta;VERDADERO;21;FALSO;125001
3616;7837;26;26;3;30/08/2024;2024;8;19:44:00;Vandalismo;Seguridad;Media;FALSO;5;FALSO;30947
3617;16090;5;19;7;13/06/2023;2023;6;9:23:00;Vandalismo;Seguridad;Media;FALSO;15;FALSO;19838
3618;48553;2;2;9;13/11/2022;2022;11;22:43:00;Obras calzada;Externo;Media;FALSO;5;FALSO;0
3619;6101;12;26;4;25/08/2024;2024;8;19:25:00;Vandalismo;Seguridad;Media;FALSO;11;FALSO;35246
3620;2056;41;13;10;19/05/2024;2024;5;0:19:00;Fallo electrico;Vehiculo;Alta;VERDADERO;18;VERDADERO;84573
3621;746;33;19;5;11/03/2024;2024;3;16:10:00;Retencion trafico;Externo;Baja;FALSO;7;FALSO;2145
3622;13237;8;22;3;17/06/2022;2022;6;6:21:00;Pasajero enfermo;Servicio;Media;FALSO;15;FALSO;1815
3623;13198;11;11;3;17/03/2022;2022;3;6:56:00;Fallo climatizacion;Vehiculo;Baja;FALSO;5;FALSO;21105
3624;49958;21;7;2;17/06/2024;2024;6;9:30:00;Averia mecanica;Vehiculo;Alta;VERDADERO;76;VERDADERO;28358
3625;20629;8;22;8;20/07/2022;2022;7;13:55:00;Vandalismo;Seguridad;Media;FALSO;10;FALSO;60029
3626;2852;39;25;3;08/03/2024;2024;3;22:01:00;Retencion trafico;Externo;Baja;FALSO;11;FALSO;822
3627;39858;1;15;2;26/10/2024;2024;10;12:32:00;Pinchazo;Vehiculo;Media;VERDADERO;27;VERDADERO;20422
3628;20165;6;6;7;09/05/2023;2023;5;7:55:00;Averia mecanica;Vehiculo;Alta;VERDADERO;11;VERDADERO;81612
3629;19151;42;28;6;12/02/2024;2024;2;10:19:00;Retencion trafico;Externo;Baja;FALSO;5;FALSO;1405
3630;46520;27;13;4;04/01/2023;2023;1;12:10:00;Condiciones meteo;Externo;Media;FALSO;27;FALSO;0
3631;10747;38;24;4;06/04/2022;2022;4;12:44:00;Obras calzada;Externo;Media;FALSO;5;FALSO;0
3632;28151;12;12;5;22/12/2024;2024;12;8:08:00;Obras calzada;Externo;Media;FALSO;9;FALSO;0
3633;3037;14;14;7;18/03/2022;2022;3;7:23:00;Accidente grave;Seguridad;Critica;VERDADERO;72;VERDADERO;880377
3634;7461;28;14;6;01/10/2024;2024;10;13:50:00;Fallo climatizacion;Vehiculo;Baja;FALSO;37;FALSO;1890
3635;24114;7;7;9;20/07/2022;2022;7;17:50:00;Condiciones meteo;Externo;Media;FALSO;7;FALSO;0
3636;22643;6;20;10;08/09/2023;2023;9;23:20:00;Fallo electrico;Vehiculo;Alta;VERDADERO;137;VERDADERO;40277
3637;1683;4;4;8;26/05/2024;2024;5;22:31:00;Pinchazo;Vehiculo;Media;VERDADERO;12;VERDADERO;2553
3638;4878;7;7;9;20/07/2022;2022;7;12:23:00;Fallo climatizacion;Vehiculo;Baja;FALSO;37;FALSO;6262
3639;13724;33;5;9;26/11/2022;2022;11;7:40:00;Averia mecanica;Vehiculo;Alta;VERDADERO;151;VERDADERO;72768
3640;10902;25;11;3;10/01/2023;2023;1;15:00:00;Pasajero enfermo;Servicio;Media;FALSO;5;FALSO;9286
3641;49636;35;21;9;23/05/2024;2024;5;10:53:00;Condiciones meteo;Externo;Media;FALSO;32;FALSO;0
3642;21740;27;13;1;19/12/2024;2024;12;12:51:00;Fallo electrico;Vehiculo;Alta;VERDADERO;23;VERDADERO;181724
3643;5429;12;26;5;20/02/2024;2024;2;6:49:00;Averia mecanica;Vehiculo;Alta;VERDADERO;49;FALSO;164912
3644;15889;14;14;2;20/06/2024;2024;6;12:22:00;Retencion trafico;Externo;Baja;FALSO;23;FALSO;4142
3645;29365;8;22;7;30/11/2024;2024;11;10:14:00;Pasajero enfermo;Servicio;Media;FALSO;5;FALSO;428
3646;36450;37;23;5;27/08/2024;2024;8;8:04:00;Retencion trafico;Externo;Baja;FALSO;5;FALSO;304
3647;41758;11;11;8;23/08/2024;2024;8;6:48:00;Vandalismo;Seguridad;Media;FALSO;15;FALSO;37221
3648;7983;4;4;4;05/03/2023;2023;3;22:11:00;Pinchazo;Vehiculo;Media;VERDADERO;73;VERDADERO;31797
3649;8181;34;6;10;03/04/2022;2022;4;22:08:00;Pinchazo;Vehiculo;Media;VERDADERO;5;VERDADERO;38711
3650;23317;8;22;10;04/08/2024;2024;8;3:29:00;Accidente grave;Seguridad;Critica;VERDADERO;8;VERDADERO;866173
3651;25892;21;21;6;26/07/2024;2024;7;18:14:00;Pasajero enfermo;Servicio;Media;FALSO;5;FALSO;4219
3652;20490;37;23;9;14/07/2023;2023;7;17:40:00;Averia mecanica;Vehiculo;Alta;VERDADERO;26;FALSO;68209
3653;9607;32;4;2;07/12/2024;2024;12;6:40:00;Condiciones meteo;Externo;Media;FALSO;14;FALSO;0
3654;31688;21;21;5;27/12/2022;2022;12;18:49:00;Pinchazo;Vehiculo;Media;VERDADERO;14;FALSO;2944
3655;20974;17;3;4;10/12/2023;2023;12;9:10:00;Accidente leve;Seguridad;Alta;VERDADERO;45;VERDADERO;127236
3656;14961;10;10;6;14/04/2024;2024;4;19:12:00;Retencion trafico;Externo;Baja;FALSO;5;FALSO;4249
3657;4832;3;17;7;10/05/2023;2023;5;16:12:00;Retencion trafico;Externo;Baja;FALSO;6;FALSO;933
3658;15881;6;6;3;10/10/2023;2023;10;12:31:00;Accidente leve;Seguridad;Alta;VERDADERO;9;VERDADERO;137732
3659;14262;25;11;3;25/10/2024;2024;10;10:20:00;Accidente grave;Seguridad;Critica;VERDADERO;38;VERDADERO;331813
3660;34198;11;11;10;19/01/2024;2024;1;23:30:00;Vandalismo;Seguridad;Media;FALSO;5;FALSO;51309
3661;1001;36;22;7;12/02/2024;2024;2;17:39:00;Accidente leve;Seguridad;Alta;VERDADERO;123;VERDADERO;202554
3662;13115;12;12;9;27/02/2023;2023;2;17:50:00;Huelga parcial;Operacional;Alta;VERDADERO;62;FALSO;0
3663;18873;16;2;6;23/03/2024;2024;3;19:08:00;Vandalismo;Seguridad;Media;FALSO;5;FALSO;35922
3664;30971;18;4;5;14/05/2022;2022;5;19:41:00;Accidente grave;Seguridad;Critica;VERDADERO;5;VERDADERO;684155
3665;3987;40;12;7;05/07/2024;2024;7;10:04:00;Huelga parcial;Operacional;Alta;VERDADERO;31;FALSO;0
3666;12790;23;23;4;13/11/2023;2023;11;13:52:00;Fallo electrico;Vehiculo;Alta;VERDADERO;35;VERDADERO;148798
3667;35643;28;28;9;09/03/2022;2022;3;17:23:00;Accidente grave;Seguridad;Critica;VERDADERO;5;VERDADERO;378269
3668;13696;5;5;3;10/10/2024;2024;10;13:24:00;Pasajero enfermo;Servicio;Media;FALSO;18;FALSO;7539
3669;13476;37;9;7;10/09/2022;2022;9;15:00:00;Condiciones meteo;Externo;Media;FALSO;8;FALSO;0
3670;11750;33;19;5;18/04/2023;2023;4;15:51:00;Fallo electrico;Vehiculo;Alta;VERDADERO;5;VERDADERO;163932
3671;10593;10;10;3;29/02/2024;2024;2;11:06:00;Retencion trafico;Externo;Baja;FALSO;7;FALSO;357
3672;36536;39;25;5;09/02/2024;2024;2;18:51:00;Retencion trafico;Externo;Baja;FALSO;8;FALSO;126
3673;19272;37;9;8;14/10/2023;2023;10;20:56:00;Accidente grave;Seguridad;Critica;VERDADERO;26;FALSO;1229295
3674;40740;1;1;6;13/12/2023;2023;12;16:51:00;Averia mecanica;Vehiculo;Alta;VERDADERO;76;VERDADERO;25915
3675;45397;38;10;2;11/08/2023;2023;8;21:21:00;Vandalismo;Seguridad;Media;FALSO;8;FALSO;43622
3676;11873;30;2;4;11/02/2023;2023;2;10:10:00;Accidente grave;Seguridad;Critica;VERDADERO;5;VERDADERO;478668
3677;7479;4;4;6;16/04/2023;2023;4;6:33:00;Pinchazo;Vehiculo;Media;VERDADERO;46;FALSO;23478
3678;21082;41;27;9;01/10/2023;2023;10;17:51:00;Condiciones meteo;Externo;Media;FALSO;6;FALSO;0
3679;13294;23;23;5;06/02/2024;2024;2;21:05:00;Vandalismo;Seguridad;Media;FALSO;10;FALSO;13884
3680;24024;1;1;10;02/01/2024;2024;1;0:20:00;Pasajero enfermo;Servicio;Media;FALSO;5;FALSO;7718
3681;23126;27;27;4;11/01/2024;2024;1;13:30:00;Huelga parcial;Operacional;Alta;VERDADERO;24;VERDADERO;0
3682;11661;28;14;4;27/06/2023;2023;6;19:58:00;Obras calzada;Externo;Media;FALSO;19;FALSO;0
3683;38199;22;8;5;08/02/2024;2024;2;20:11:00;Accidente leve;Seguridad;Alta;VERDADERO;82;VERDADERO;39169
3684;6751;32;4;1;23/04/2023;2023;4;16:27:00;Accidente leve;Seguridad;Alta;VERDADERO;20;VERDADERO;204126
3685;48819;16;16;6;11/07/2024;2024;7;7:25:00;Fallo climatizacion;Vehiculo;Baja;FALSO;9;FALSO;21422
3686;7917;22;22;1;30/01/2024;2024;1;6:23:00;Huelga parcial;Operacional;Alta;VERDADERO;9;FALSO;0
3687;16605;16;2;7;19/04/2022;2022;4;12:22:00;Accidente grave;Seguridad;Critica;VERDADERO;12;FALSO;586195
3688;5368;35;21;2;04/02/2024;2024;2;20:55:00;Fallo climatizacion;Vehiculo;Baja;FALSO;18;FALSO;24388
3689;3445;2;2;6;02/08/2022;2022;8;14:00:00;Vandalismo;Seguridad;Media;FALSO;40;FALSO;24039
3690;8570;3;3;8;21/06/2022;2022;6;11:20:00;Obras calzada;Externo;Media;FALSO;5;FALSO;0
3691;8930;27;27;8;06/10/2024;2024;10;18:32:00;Averia mecanica;Vehiculo;Alta;VERDADERO;21;VERDADERO;217435
3692;21908;27;13;10;02/10/2022;2022;10;22:03:00;Fallo electrico;Vehiculo;Alta;VERDADERO;75;FALSO;106409
3693;3932;27;13;1;27/01/2023;2023;1;7:07:00;Huelga parcial;Operacional;Alta;VERDADERO;37;FALSO;0
3694;5349;16;2;8;19/03/2022;2022;3;6:31:00;Retencion trafico;Externo;Baja;FALSO;17;FALSO;867
3695;28245;22;22;4;20/07/2022;2022;7;12:21:00;Fallo electrico;Vehiculo;Alta;VERDADERO;5;VERDADERO;144156
3696;32605;14;14;3;11/08/2022;2022;8;22:11:00;Accidente grave;Seguridad;Critica;VERDADERO;48;FALSO;1200694
3697;11536;29;1;2;13/07/2022;2022;7;21:32:00;Condiciones meteo;Externo;Media;FALSO;44;FALSO;0
3698;17122;29;15;1;23/07/2023;2023;7;7:27:00;Condiciones meteo;Externo;Media;FALSO;11;FALSO;0
3699;46474;23;23;9;21/07/2024;2024;7;19:23:00;Pinchazo;Vehiculo;Media;VERDADERO;59;VERDADERO;18683
3700;22349;6;6;9;13/10/2024;2024;10;13:54:00;Fallo electrico;Vehiculo;Alta;VERDADERO;5;VERDADERO;106782
3701;26261;12;26;10;14/11/2024;2024;11;22:41:00;Obras calzada;Externo;Media;FALSO;5;FALSO;0
3702;16136;9;9;2;26/12/2023;2023;12;19:21:00;Vandalismo;Seguridad;Media;FALSO;42;FALSO;35492
3703;10501;2;2;7;21/04/2023;2023;4;11:11:00;Condiciones meteo;Externo;Media;FALSO;6;FALSO;0
3704;18234;7;7;10;28/10/2023;2023;10;22:21:00;Obras calzada;Externo;Media;FALSO;46;FALSO;0
3705;13296;25;25;4;10/02/2024;2024;2;7:07:00;Vandalismo;Seguridad;Media;FALSO;16;FALSO;7601
3706;28715;30;16;5;03/04/2024;2024;4;6:51:00;Averia mecanica;Vehiculo;Alta;VERDADERO;88;VERDADERO;37883
3707;27661;26;26;9;14/03/2023;2023;3;20:35:00;Retencion trafico;Externo;Baja;FALSO;11;FALSO;334
3708;13269;40;26;4;15/05/2023;2023;5;7:04:00;Averia mecanica;Vehiculo;Alta;VERDADERO;18;VERDADERO;152692
3709;47920;41;13;7;07/05/2024;2024;5;12:15:00;Fallo electrico;Vehiculo;Alta;VERDADERO;35;VERDADERO;8044
3710;34429;32;18;3;11/11/2022;2022;11;7:07:00;Pasajero enfermo;Servicio;Media;FALSO;16;FALSO;6502
3711;3266;33;19;6;09/07/2024;2024;7;18:02:00;Accidente leve;Seguridad;Alta;VERDADERO;41;VERDADERO;121536
3712;45851;30;16;2;25/02/2023;2023;2;8:47:00;Pasajero enfermo;Servicio;Media;FALSO;23;FALSO;372
3713;15005;12;26;2;21/08/2024;2024;8;19:24:00;Obras calzada;Externo;Media;FALSO;5;FALSO;0
3714;22397;12;26;9;26/04/2022;2022;4;14:01:00;Pasajero enfermo;Servicio;Media;FALSO;14;FALSO;9347
3715;34430;33;19;10;24/02/2022;2022;2;23:51:00;Condiciones meteo;Externo;Media;FALSO;9;FALSO;0
3716;24213;22;22;5;06/06/2024;2024;6;6:34:00;Vandalismo;Seguridad;Media;FALSO;25;FALSO;30742
3717;44043;28;28;2;10/02/2024;2024;2;19:21:00;Fallo climatizacion;Vehiculo;Baja;FALSO;17;FALSO;781
3718;6523;14;28;9;09/10/2024;2024;10;13:54:00;Obras calzada;Externo;Media;FALSO;9;FALSO;0
3719;28633;32;18;7;03/08/2023;2023;8;9:52:00;Averia mecanica;Vehiculo;Alta;VERDADERO;46;VERDADERO;286752
3720;47704;35;21;8;03/10/2024;2024;10;14:33:00;Pinchazo;Vehiculo;Media;VERDADERO;36;FALSO;35416
3721;20212;11;25;4;05/06/2023;2023;6;16:50:00;Huelga parcial;Operacional;Alta;VERDADERO;20;VERDADERO;0
3722;31723;14;28;9;22/02/2023;2023;2;20:42:00;Vandalismo;Seguridad;Media;FALSO;7;FALSO;16498
3723;4895;24;24;5;07/11/2022;2022;11;8:00:00;Accidente leve;Seguridad;Alta;VERDADERO;119;VERDADERO;233074
3724;15192;31;17;1;11/04/2022;2022;4;21:18:00;Pinchazo;Vehiculo;Media;VERDADERO;5;VERDADERO;12346
3725;18210;25;11;3;23/04/2023;2023;4;7:06:00;Obras calzada;Externo;Media;FALSO;15;FALSO;0
3726;39809;36;22;5;07/01/2023;2023;1;9:00:00;Obras calzada;Externo;Media;FALSO;13;FALSO;0
3727;30546;13;27;10;16/12/2024;2024;12;22:11:00;Accidente grave;Seguridad;Critica;VERDADERO;16;VERDADERO;919768
3728;7668;25;25;3;02/10/2024;2024;10;8:52:00;Fallo electrico;Vehiculo;Alta;VERDADERO;19;VERDADERO;131325
3729;28074;19;19;7;22/03/2023;2023;3;19:53:00;Pinchazo;Vehiculo;Media;VERDADERO;23;FALSO;30699
3730;34015;38;24;3;08/06/2023;2023;6;7:01:00;Averia mecanica;Vehiculo;Alta;VERDADERO;42;FALSO;111613
3731;31119;40;12;4;11/09/2022;2022;9;17:55:00;Obras calzada;Externo;Media;FALSO;24;FALSO;0
3732;461;42;14;3;22/04/2023;2023;4;17:23:00;Averia mecanica;Vehiculo;Alta;VERDADERO;18;FALSO;242188
3733;28187;6;20;2;06/02/2022;2022;2;17:00:00;Fallo electrico;Vehiculo;Alta;VERDADERO;10;VERDADERO;90865
3734;25681;20;6;10;02/06/2023;2023;6;23:00:00;Condiciones meteo;Externo;Media;FALSO;13;FALSO;0
3735;11681;6;6;10;20/02/2023;2023;2;1:40:00;Vandalismo;Seguridad;Media;FALSO;43;FALSO;27656
3736;12948;13;13;3;29/08/2022;2022;8;6:33:00;Accidente leve;Seguridad;Alta;VERDADERO;39;FALSO;397509
3737;14238;1;15;10;12/03/2022;2022;3;0:20:00;Retencion trafico;Externo;Baja;FALSO;62;FALSO;238
3738;7687;2;16;10;09/06/2023;2023;6;22:10:00;Condiciones meteo;Externo;Media;FALSO;17;FALSO;0
3739;46605;28;14;6;28/12/2022;2022;12;10:02:00;Accidente leve;Seguridad;Alta;VERDADERO;9;FALSO;110468
3740;23443;8;8;9;18/02/2024;2024;2;17:56:00;Accidente grave;Seguridad;Critica;VERDADERO;68;FALSO;1097558
3741;9932;21;21;2;14/12/2022;2022;12;9:53:00;Huelga parcial;Operacional;Alta;VERDADERO;59;FALSO;0
3742;32939;12;12;8;22/11/2024;2024;11;21:23:00;Pinchazo;Vehiculo;Media;VERDADERO;37;VERDADERO;35598
3743;28217;36;22;10;08/11/2024;2024;11;23:40:00;Accidente grave;Seguridad;Critica;VERDADERO;143;VERDADERO;100400
3744;8455;14;28;5;07/11/2022;2022;11;11:40:00;Huelga parcial;Operacional;Alta;VERDADERO;98;FALSO;0
3745;5842;5;19;5;10/12/2022;2022;12;12:24:00;Fallo climatizacion;Vehiculo;Baja;FALSO;5;FALSO;8498
3746;13376;21;21;6;25/09/2022;2022;9;11:58:00;Huelga parcial;Operacional;Alta;VERDADERO;25;VERDADERO;0
3747;37380;1;1;3;01/06/2023;2023;6;15:40:00;Huelga parcial;Operacional;Alta;VERDADERO;86;FALSO;0
3748;2136;37;9;10;03/02/2022;2022;2;3:38:00;Accidente grave;Seguridad;Critica;VERDADERO;37;VERDADERO;841093
3749;7818;7;7;1;05/07/2023;2023;7;6:14:00;Averia mecanica;Vehiculo;Alta;VERDADERO;5;FALSO;44148
3750;1378;35;7;10;05/02/2022;2022;2;0:40:00;Retencion trafico;Externo;Baja;FALSO;5;FALSO;3069
3751;10176;13;13;7;01/11/2022;2022;11;18:17:00;Vandalismo;Seguridad;Media;FALSO;14;FALSO;48965
3752;4690;29;15;5;20/11/2024;2024;11;19:21:00;Condiciones meteo;Externo;Media;FALSO;21;FALSO;0
3753;28427;36;8;2;10/09/2022;2022;9;11:36:00;Vandalismo;Seguridad;Media;FALSO;5;FALSO;67239
3754;46128;13;13;3;26/08/2024;2024;8;21:10:00;Accidente grave;Seguridad;Critica;VERDADERO;21;VERDADERO;988934
3755;20185;26;26;7;11/07/2023;2023;7;15:20:00;Averia mecanica;Vehiculo;Alta;VERDADERO;6;VERDADERO;19215
3756;49386;37;23;3;03/02/2022;2022;2;11:22:00;Pasajero enfermo;Servicio;Media;FALSO;22;FALSO;7329
3757;40578;7;7;10;07/11/2022;2022;11;22:24:00;Pinchazo;Vehiculo;Media;VERDADERO;17;VERDADERO;21876
3758;11814;13;27;3;26/11/2024;2024;11;20:14:00;Pasajero enfermo;Servicio;Media;FALSO;15;FALSO;6323
3759;27521;12;26;1;20/09/2022;2022;9;19:43:00;Retencion trafico;Externo;Baja;FALSO;38;FALSO;138
3760;42505;2;2;4;29/05/2022;2022;5;8:19:00;Fallo electrico;Vehiculo;Alta;VERDADERO;24;FALSO;124264
3761;24354;37;23;7;21/02/2022;2022;2;13:30:00;Fallo climatizacion;Vehiculo;Baja;FALSO;47;FALSO;24735
3762;22295;36;8;6;06/10/2022;2022;10;11:23:00;Condiciones meteo;Externo;Media;FALSO;27;FALSO;0
3763;47725;14;14;3;25/10/2024;2024;10;16:53:00;Huelga parcial;Operacional;Alta;VERDADERO;29;VERDADERO;0
3764;31462;5;19;8;06/05/2022;2022;5;17:17:00;Averia mecanica;Vehiculo;Alta;VERDADERO;57;FALSO;188844
3765;31870;35;7;5;26/05/2022;2022;5;9:42:00;Pinchazo;Vehiculo;Media;VERDADERO;37;VERDADERO;32269
3766;39164;21;21;9;19/12/2024;2024;12;10:50:00;Fallo electrico;Vehiculo;Alta;VERDADERO;15;FALSO;47021
3767;47877;40;26;9;28/04/2024;2024;4;20:37:00;Retencion trafico;Externo;Baja;FALSO;5;FALSO;144
3768;4257;16;2;4;23/06/2023;2023;6;11:08:00;Retencion trafico;Externo;Baja;FALSO;5;FALSO;1604
3769;5188;23;9;8;01/12/2023;2023;12;16:11:00;Fallo climatizacion;Vehiculo;Baja;FALSO;5;FALSO;19029
3770;29761;26;26;6;11/12/2023;2023;12;10:50:00;Pinchazo;Vehiculo;Media;VERDADERO;16;VERDADERO;35941
3771;4741;38;10;8;02/01/2023;2023;1;20:37:00;Fallo climatizacion;Vehiculo;Baja;FALSO;20;FALSO;10939
3772;47836;41;13;9;04/11/2023;2023;11;11:00:00;Huelga parcial;Operacional;Alta;VERDADERO;116;VERDADERO;0
3773;6014;9;23;1;22/12/2023;2023;12;20:41:00;Accidente leve;Seguridad;Alta;VERDADERO;45;VERDADERO;241382
3774;16056;13;13;1;17/12/2024;2024;12;21:32:00;Huelga parcial;Operacional;Alta;VERDADERO;153;FALSO;0
3775;3701;6;6;7;14/08/2022;2022;8;17:51:00;Pasajero enfermo;Servicio;Media;FALSO;37;FALSO;9807
3776;217;8;22;7;22/05/2022;2022;5;20:20:00;Fallo electrico;Vehiculo;Alta;VERDADERO;5;VERDADERO;69141
3777;40469;24;10;8;29/12/2024;2024;12;21:12:00;Accidente leve;Seguridad;Alta;VERDADERO;42;VERDADERO;82099
3778;23895;40;12;5;03/08/2023;2023;8;12:12:00;Accidente leve;Seguridad;Alta;VERDADERO;11;VERDADERO;192062
3779;30501;10;10;4;03/07/2023;2023;7;22:01:00;Huelga parcial;Operacional;Alta;VERDADERO;48;VERDADERO;0
3780;27238;23;23;1;31/10/2022;2022;10;7:41:00;Accidente leve;Seguridad;Alta;VERDADERO;51;VERDADERO;381817
3781;13884;25;25;7;08/10/2023;2023;10;15:44:00;Obras calzada;Externo;Media;FALSO;33;FALSO;0
3782;21548;3;17;10;18/12/2024;2024;12;23:25:00;Fallo climatizacion;Vehiculo;Baja;FALSO;6;FALSO;13352
3783;22511;42;28;3;26/09/2023;2023;9;20:43:00;Pinchazo;Vehiculo;Media;VERDADERO;28;VERDADERO;29033
3784;11036;33;5;2;29/02/2024;2024;2;21:00:00;Pasajero enfermo;Servicio;Media;FALSO;23;FALSO;8208
3785;20692;29;1;8;27/08/2024;2024;8;18:50:00;Condiciones meteo;Externo;Media;FALSO;5;FALSO;0
3786;35721;22;22;1;15/04/2024;2024;4;21:32:00;Accidente grave;Seguridad;Critica;VERDADERO;8;VERDADERO;211229
3787;14505;16;2;1;28/12/2024;2024;12;12:44:00;Condiciones meteo;Externo;Media;FALSO;5;FALSO;0
3788;7894;41;27;1;09/09/2023;2023;9;10:27:00;Huelga parcial;Operacional;Alta;VERDADERO;159;VERDADERO;0
3789;27680;3;17;9;19/09/2024;2024;9;15:41:00;Pasajero enfermo;Servicio;Media;FALSO;22;FALSO;9321
3790;5909;30;2;8;24/04/2024;2024;4;19:03:00;Pasajero enfermo;Servicio;Media;FALSO;19;FALSO;9467
3791;4505;12;26;5;01/12/2022;2022;12;8:53:00;Averia mecanica;Vehiculo;Alta;VERDADERO;60;FALSO;13637
3792;9087;16;16;1;14/12/2022;2022;12;6:12:00;Fallo electrico;Vehiculo;Alta;VERDADERO;17;VERDADERO;174862
3793;2329;20;6;9;09/01/2024;2024;1;8:32:00;Accidente grave;Seguridad;Critica;VERDADERO;41;VERDADERO;138601
3794;44442;7;7;4;02/03/2024;2024;3;21:34:00;Vandalismo;Seguridad;Media;FALSO;5;FALSO;53023
3795;32784;25;25;8;21/03/2024;2024;3;12:33:00;Obras calzada;Externo;Media;FALSO;10;FALSO;0
3796;47360;27;13;3;24/01/2022;2022;1;19:10:00;Accidente leve;Seguridad;Alta;VERDADERO;108;VERDADERO;78872
3797;46675;14;28;2;07/05/2022;2022;5;12:03:00;Pinchazo;Vehiculo;Media;VERDADERO;18;VERDADERO;25405
3798;15855;22;8;7;23/06/2023;2023;6;20:19:00;Pinchazo;Vehiculo;Media;VERDADERO;20;VERDADERO;17007
3799;49480;5;5;2;21/04/2023;2023;4;19:26:00;Pinchazo;Vehiculo;Media;VERDADERO;18;VERDADERO;19778
3800;42205;38;10;5;31/07/2024;2024;7;8:30:00;Condiciones meteo;Externo;Media;FALSO;30;FALSO;0
3801;12958;23;23;10;20/02/2024;2024;2;22:45:00;Obras calzada;Externo;Media;FALSO;12;FALSO;0
3802;35130;19;19;7;18/06/2023;2023;6;11:59:00;Obras calzada;Externo;Media;FALSO;5;FALSO;0
3803;15147;28;28;6;23/04/2022;2022;4;9:50:00;Pasajero enfermo;Servicio;Media;FALSO;36;FALSO;1797
3804;31308;19;5;8;23/08/2024;2024;8;17:31:00;Fallo electrico;Vehiculo;Alta;VERDADERO;31;VERDADERO;122117
3805;7415;24;24;1;15/07/2022;2022;7;7:50:00;Vandalismo;Seguridad;Media;FALSO;5;FALSO;54919
3806;6309;10;10;10;17/04/2024;2024;4;22:40:00;Huelga parcial;Operacional;Alta;VERDADERO;35;VERDADERO;0
3807;27368;27;13;8;20/12/2024;2024;12;16:41:00;Accidente grave;Seguridad;Critica;VERDADERO;64;VERDADERO;1199087
3808;9847;20;20;1;30/01/2023;2023;1;6:23:00;Huelga parcial;Operacional;Alta;VERDADERO;23;VERDADERO;0
3809;13371;16;16;5;15/02/2024;2024;2;17:31:00;Fallo climatizacion;Vehiculo;Baja;FALSO;5;FALSO;2951
3810;45334;17;3;10;02/02/2023;2023;2;23:57:00;Accidente leve;Seguridad;Alta;VERDADERO;28;VERDADERO;347179
3811;33177;40;26;4;27/03/2022;2022;3;19:51:00;Obras calzada;Externo;Media;FALSO;18;FALSO;0
3812;32130;1;15;8;04/01/2022;2022;1;18:01:00;Condiciones meteo;Externo;Media;FALSO;7;FALSO;0
3813;17213;36;22;4;16/05/2023;2023;5;20:12:00;Fallo electrico;Vehiculo;Alta;VERDADERO;18;VERDADERO;135938
3814;24295;20;20;10;01/11/2022;2022;11;1:20:00;Condiciones meteo;Externo;Media;FALSO;70;FALSO;0
3815;13745;12;26;2;01/04/2024;2024;4;11:20:00;Huelga parcial;Operacional;Alta;VERDADERO;20;VERDADERO;0
3816;2437;2;2;8;27/03/2022;2022;3;18:03:00;Fallo electrico;Vehiculo;Alta;VERDADERO;5;FALSO;46888
3817;22106;15;15;7;09/01/2023;2023;1;6:40:00;Obras calzada;Externo;Media;FALSO;10;FALSO;0
3818;47786;33;19;6;01/12/2022;2022;12;16:33:00;Fallo electrico;Vehiculo;Alta;VERDADERO;76;FALSO;181799
3819;34895;36;8;10;18/07/2024;2024;7;4:00:00;Obras calzada;Externo;Media;FALSO;78;FALSO;0
3820;20411;42;28;2;31/10/2024;2024;10;19:30:00;Fallo climatizacion;Vehiculo;Baja;FALSO;5;FALSO;7802
3821;32237;24;10;8;25/01/2023;2023;1;8:37:00;Fallo electrico;Vehiculo;Alta;VERDADERO;78;VERDADERO;58222
3822;30913;2;2;9;05/04/2024;2024;4;12:23:00;Fallo climatizacion;Vehiculo;Baja;FALSO;28;FALSO;25976
3823;48464;39;25;9;30/11/2023;2023;11;19:12:00;Obras calzada;Externo;Media;FALSO;11;FALSO;0
3824;32885;42;14;8;09/09/2024;2024;9;21:21:00;Accidente grave;Seguridad;Critica;VERDADERO;57;VERDADERO;1115681
3825;42110;27;27;5;28/06/2023;2023;6;16:00:00;Fallo electrico;Vehiculo;Alta;VERDADERO;12;FALSO;125653
3826;39510;31;3;2;22/01/2023;2023;1;14:56:00;Averia mecanica;Vehiculo;Alta;VERDADERO;11;FALSO;36941
3827;41122;5;19;2;13/12/2023;2023;12;12:45:00;Obras calzada;Externo;Media;FALSO;10;FALSO;0
3828;29711;18;4;6;23/05/2024;2024;5;20:02:00;Condiciones meteo;Externo;Media;FALSO;5;FALSO;0
3829;33117;22;22;10;21/10/2023;2023;10;0:05:00;Retencion trafico;Externo;Baja;FALSO;32;FALSO;478
3830;9350;27;27;3;15/09/2023;2023;9;8:50:00;Averia mecanica;Vehiculo;Alta;VERDADERO;50;VERDADERO;287554
3831;20841;10;10;7;23/12/2024;2024;12;14:11:00;Fallo climatizacion;Vehiculo;Baja;FALSO;18;FALSO;12134
3832;40354;35;7;7;02/03/2022;2022;3;10:52:00;Huelga parcial;Operacional;Alta;VERDADERO;35;VERDADERO;0
3833;17240;21;21;2;13/06/2024;2024;6;21:00:00;Condiciones meteo;Externo;Media;FALSO;25;FALSO;0
3834;48606;13;27;3;09/04/2024;2024;4;20:48:00;Obras calzada;Externo;Media;FALSO;5;FALSO;0
3835;16177;8;22;5;13/02/2023;2023;2;6:00:00;Huelga parcial;Operacional;Alta;VERDADERO;44;FALSO;0
3836;12832;23;9;2;22/08/2022;2022;8;15:31:00;Averia mecanica;Vehiculo;Alta;VERDADERO;74;FALSO;21811
3837;38589;34;6;6;28/06/2022;2022;6;19:35:00;Accidente leve;Seguridad;Alta;VERDADERO;72;VERDADERO;154967
3838;48801;40;26;3;03/06/2024;2024;6;9:10:00;Fallo climatizacion;Vehiculo;Baja;FALSO;10;FALSO;12206
3839;45872;9;9;9;26/11/2024;2024;11;17:29:00;Pinchazo;Vehiculo;Media;VERDADERO;5;FALSO;23531
3840;48922;35;7;6;07/09/2024;2024;9;12:42:00;Averia mecanica;Vehiculo;Alta;VERDADERO;18;VERDADERO;291804
3841;7201;20;6;5;11/08/2023;2023;8;19:02:00;Averia mecanica;Vehiculo;Alta;VERDADERO;60;VERDADERO;156561
3842;36990;31;3;2;19/06/2024;2024;6;20:26:00;Retencion trafico;Externo;Baja;FALSO;10;FALSO;4946
3843;45963;16;16;10;20/02/2023;2023;2;22:59:00;Pasajero enfermo;Servicio;Media;FALSO;13;FALSO;9675
3844;891;10;24;10;01/06/2024;2024;6;23:13:00;Condiciones meteo;Externo;Media;FALSO;38;FALSO;0
3845;48015;10;24;8;25/11/2024;2024;11;9:06:00;Accidente leve;Seguridad;Alta;VERDADERO;123;VERDADERO;211456
3846;7891;38;24;2;28/07/2024;2024;7;19:52:00;Accidente leve;Seguridad;Alta;VERDADERO;5;VERDADERO;340414
3847;20400;31;17;9;23/04/2024;2024;4;7:50:00;Retencion trafico;Externo;Baja;FALSO;27;FALSO;4202
3848;16228;17;17;2;18/09/2022;2022;9;7:35:00;Vandalismo;Seguridad;Media;FALSO;5;FALSO;40335
3849;5688;19;5;8;08/01/2022;2022;1;21:47:00;Averia mecanica;Vehiculo;Alta;VERDADERO;5;VERDADERO;248519
3850;31163;42;28;9;03/11/2023;2023;11;15:01:00;Condiciones meteo;Externo;Media;FALSO;14;FALSO;0
3851;43029;22;22;6;24/12/2024;2024;12;18:53:00;Huelga parcial;Operacional;Alta;VERDADERO;9;VERDADERO;0
3852;48149;18;18;5;11/02/2022;2022;2;16:01:00;Obras calzada;Externo;Media;FALSO;8;FALSO;0
3853;45402;1;15;2;16/07/2024;2024;7;20:00:00;Obras calzada;Externo;Media;FALSO;50;FALSO;0
3854;41757;10;10;8;03/09/2022;2022;9;6:10:00;Fallo electrico;Vehiculo;Alta;VERDADERO;30;FALSO;106738
3855;8529;4;18;7;05/08/2022;2022;8;14:52:00;Vandalismo;Seguridad;Media;FALSO;12;FALSO;30622
3856;40909;2;2;6;13/04/2023;2023;4;8:04:00;Obras calzada;Externo;Media;FALSO;12;FALSO;0
3857;652;23;9;8;12/05/2023;2023;5;9:44:00;Accidente grave;Seguridad;Critica;VERDADERO;5;VERDADERO;40098
3858;13907;6;20;4;17/08/2024;2024;8;20:03:00;Accidente leve;Seguridad;Alta;VERDADERO;5;VERDADERO;120643
3859;23232;7;21;7;30/06/2024;2024;6;16:35:00;Fallo electrico;Vehiculo;Alta;VERDADERO;21;VERDADERO;140662
3860;23344;35;21;7;22/04/2024;2024;4;15:40:00;Fallo climatizacion;Vehiculo;Baja;FALSO;32;FALSO;2159
3861;27498;31;3;1;17/08/2023;2023;8;21:42:00;Averia mecanica;Vehiculo;Alta;VERDADERO;7;VERDADERO;252114
3862;5011;14;28;10;21/09/2022;2022;9;23:00:00;Retencion trafico;Externo;Baja;FALSO;55;FALSO;2928
3863;18149;6;6;6;26/07/2023;2023;7;21:23:00;Condiciones meteo;Externo;Media;FALSO;22;FALSO;0
3864;36688;23;9;2;09/07/2023;2023;7;7:03:00;Fallo climatizacion;Vehiculo;Baja;FALSO;27;FALSO;29398
3865;28577;18;18;7;27/01/2024;2024;1;16:41:00;Fallo climatizacion;Vehiculo;Baja;FALSO;5;FALSO;11315
3866;34714;23;23;10;14/03/2024;2024;3;4:50:00;Obras calzada;Externo;Media;FALSO;24;FALSO;0
3867;33392;3;17;3;25/08/2024;2024;8;21:40:00;Pasajero enfermo;Servicio;Media;FALSO;17;FALSO;9533
3868;49768;41;13;10;07/03/2022;2022;3;22:02:00;Vandalismo;Seguridad;Media;FALSO;5;FALSO;14205
3869;46160;3;17;1;06/01/2022;2022;1;14:10:00;Pasajero enfermo;Servicio;Media;FALSO;6;FALSO;9867
3870;35268;31;17;3;16/12/2022;2022;12;10:41:00;Vandalismo;Seguridad;Media;FALSO;16;FALSO;76464
3871;2555;36;8;3;02/01/2024;2024;1;18:28:00;Pasajero enfermo;Servicio;Media;FALSO;5;FALSO;9002
3872;3715;20;20;2;06/06/2024;2024;6;19:17:00;Averia mecanica;Vehiculo;Alta;VERDADERO;120;VERDADERO;254827
3873;16564;17;17;1;06/04/2023;2023;4;13:03:00;Huelga parcial;Operacional;Alta;VERDADERO;42;VERDADERO;0
3874;24881;18;18;8;26/08/2024;2024;8;20:51:00;Condiciones meteo;Externo;Media;FALSO;19;FALSO;0
3875;21280;29;1;9;11/01/2023;2023;1;10:50:00;Pasajero enfermo;Servicio;Media;FALSO;5;FALSO;3079
3876;38942;9;23;7;13/12/2023;2023;12;7:21:00;Pasajero enfermo;Servicio;Media;FALSO;19;FALSO;1909
3877;12388;41;13;2;12/12/2023;2023;12;7:34:00;Condiciones meteo;Externo;Media;FALSO;5;FALSO;0
3878;33417;28;14;5;19/07/2022;2022;7;18:35:00;Pinchazo;Vehiculo;Media;VERDADERO;23;VERDADERO;37578
3879;11809;8;22;2;23/05/2023;2023;5;7:30:00;Fallo electrico;Vehiculo;Alta;VERDADERO;27;VERDADERO;56004
3880;25954;41;27;8;16/02/2024;2024;2;7:11:00;Huelga parcial;Operacional;Alta;VERDADERO;189;VERDADERO;0
3881;19322;3;3;6;18/07/2023;2023;7;11:41:00;Accidente grave;Seguridad;Critica;VERDADERO;22;VERDADERO;954877
3882;43437;10;10;8;06/06/2023;2023;6;20:27:00;Pinchazo;Vehiculo;Media;VERDADERO;21;FALSO;29112
3883;26429;12;26;5;26/02/2022;2022;2;20:37:00;Obras calzada;Externo;Media;FALSO;6;FALSO;0
3884;34883;24;24;1;13/12/2022;2022;12;19:16:00;Fallo climatizacion;Vehiculo;Baja;FALSO;16;FALSO;10702
3885;10010;15;15;2;22/09/2023;2023;9;21:40:00;Accidente grave;Seguridad;Critica;VERDADERO;5;VERDADERO;1238054
3886;27091;2;16;1;12/10/2023;2023;10;12:40:00;Vandalismo;Seguridad;Media;FALSO;82;FALSO;63471
3887;9126;13;27;2;09/12/2023;2023;12;19:52:00;Accidente grave;Seguridad;Critica;VERDADERO;38;FALSO;538567
3888;37456;35;21;2;29/01/2023;2023;1;10:13:00;Fallo electrico;Vehiculo;Alta;VERDADERO;12;VERDADERO;46257
3889;48233;18;18;1;27/01/2022;2022;1;20:03:00;Fallo electrico;Vehiculo;Alta;VERDADERO;5;FALSO;163199
3890;29214;25;11;2;05/10/2023;2023;10;6:51:00;Vandalismo;Seguridad;Media;FALSO;11;FALSO;53608
3891;8518;35;7;9;17/05/2023;2023;5;14:20:00;Accidente leve;Seguridad;Alta;VERDADERO;81;FALSO;314832
3892;17714;33;19;4;01/10/2022;2022;10;18:56:00;Condiciones meteo;Externo;Media;FALSO;11;FALSO;0
3893;22947;16;16;6;23/11/2022;2022;11;16:32:00;Obras calzada;Externo;Media;FALSO;5;FALSO;0
3894;37539;34;20;9;20/03/2022;2022;3;18:04:00;Pinchazo;Vehiculo;Media;VERDADERO;5;VERDADERO;39107
3895;8275;2;16;7;17/03/2024;2024;3;20:50:00;Obras calzada;Externo;Media;FALSO;5;FALSO;0
3896;34449;10;10;1;16/05/2022;2022;5;16:21:00;Vandalismo;Seguridad;Media;FALSO;5;FALSO;17577
3897;48377;36;22;10;25/08/2023;2023;8;0:41:00;Fallo climatizacion;Vehiculo;Baja;FALSO;18;FALSO;539
3898;49914;19;19;4;04/04/2024;2024;4;9:11:00;Condiciones meteo;Externo;Media;FALSO;5;FALSO;0
3899;30339;16;16;1;03/08/2023;2023;8;7:51:00;Accidente grave;Seguridad;Critica;VERDADERO;51;FALSO;690379
3900;29619;10;24;2;07/07/2024;2024;7;16:43:00;Obras calzada;Externo;Media;FALSO;5;FALSO;0
3901;4827;40;12;4;09/05/2023;2023;5;20:43:00;Accidente grave;Seguridad;Critica;VERDADERO;25;FALSO;737692
3902;32086;41;27;10;21/04/2024;2024;4;23:22:00;Pasajero enfermo;Servicio;Media;FALSO;6;FALSO;1158
3903;10172;9;9;5;11/02/2022;2022;2;20:04:00;Condiciones meteo;Externo;Media;FALSO;20;FALSO;0
3904;10784;33;5;7;25/09/2024;2024;9;19:42:00;Accidente grave;Seguridad;Critica;VERDADERO;69;FALSO;1285846
3905;17691;10;24;4;10/08/2022;2022;8;8:21:00;Huelga parcial;Operacional;Alta;VERDADERO;50;VERDADERO;0
3906;45905;42;14;6;15/06/2023;2023;6;21:30:00;Accidente grave;Seguridad;Critica;VERDADERO;128;VERDADERO;1272503
3907;39304;35;21;9;04/05/2023;2023;5;14:58:00;Averia mecanica;Vehiculo;Alta;VERDADERO;18;FALSO;24184
3908;33544;29;1;4;12/08/2024;2024;8;13:22:00;Condiciones meteo;Externo;Media;FALSO;5;FALSO;0
3909;21675;4;4;8;20/12/2022;2022;12;11:14:00;Averia mecanica;Vehiculo;Alta;VERDADERO;35;VERDADERO;262184
3910;15220;17;17;4;21/11/2024;2024;11;20:34:00;Averia mecanica;Vehiculo;Alta;VERDADERO;47;VERDADERO;228461
3911;7512;37;9;7;15/05/2023;2023;5;20:50:00;Vandalismo;Seguridad;Media;FALSO;16;FALSO;57134
3912;19435;32;4;8;08/11/2022;2022;11;21:30:00;Pasajero enfermo;Servicio;Media;FALSO;10;FALSO;4193
3913;22923;34;20;7;17/07/2022;2022;7;16:40:00;Condiciones meteo;Externo;Media;FALSO;5;FALSO;0
3914;38110;17;3;6;07/08/2022;2022;8;17:32:00;Accidente leve;Seguridad;Alta;VERDADERO;22;VERDADERO;365932
3915;46999;2;16;9;21/01/2024;2024;1;20:18:00;Pasajero enfermo;Servicio;Media;FALSO;5;FALSO;2261
3916;40521;34;6;7;12/11/2023;2023;11;12:33:00;Pinchazo;Vehiculo;Media;VERDADERO;8;VERDADERO;25312
3917;36347;18;4;9;30/06/2022;2022;6;7:48:00;Huelga parcial;Operacional;Alta;VERDADERO;41;VERDADERO;0
3918;2515;38;24;10;02/02/2024;2024;2;22:08:00;Pasajero enfermo;Servicio;Media;FALSO;11;FALSO;2458
3919;19719;22;8;2;03/06/2023;2023;6;10:10:00;Accidente grave;Seguridad;Critica;VERDADERO;62;FALSO;767416
3920;42954;31;3;6;25/11/2022;2022;11;14:10:00;Accidente grave;Seguridad;Critica;VERDADERO;58;VERDADERO;1051261
3921;17142;7;7;6;14/11/2024;2024;11;16:53:00;Condiciones meteo;Externo;Media;FALSO;26;FALSO;0
3922;35992;41;13;9;03/08/2023;2023;8;20:37:00;Retencion trafico;Externo;Baja;FALSO;6;FALSO;4216
3923;7678;35;7;7;22/07/2024;2024;7;15:40:00;Pinchazo;Vehiculo;Media;VERDADERO;16;FALSO;20024
3924;8443;2;16;5;06/10/2023;2023;10;11:55:00;Condiciones meteo;Externo;Media;FALSO;5;FALSO;0
3925;48274;17;3;5;26/02/2023;2023;2;13:52:00;Pinchazo;Vehiculo;Media;VERDADERO;18;VERDADERO;38085
3926;43494;25;11;10;09/12/2023;2023;12;22:10:00;Accidente leve;Seguridad;Alta;VERDADERO;5;VERDADERO;102326
3927;48640;5;5;5;19/08/2022;2022;8;14:00:00;Obras calzada;Externo;Media;FALSO;5;FALSO;0
3928;43503;34;20;1;29/06/2024;2024;6;6:31:00;Accidente grave;Seguridad;Critica;VERDADERO;62;VERDADERO;512179
3929;13792;17;17;4;26/06/2022;2022;6;18:08:00;Accidente leve;Seguridad;Alta;VERDADERO;166;VERDADERO;52107
3930;8618;9;23;4;19/03/2022;2022;3;12:22:00;Averia mecanica;Vehiculo;Alta;VERDADERO;49;FALSO;195512
3931;4249;8;22;6;11/02/2022;2022;2;6:21:00;Vandalismo;Seguridad;Media;FALSO;5;FALSO;12708
3932;21721;8;22;10;28/07/2023;2023;7;3:40:00;Pasajero enfermo;Servicio;Media;FALSO;22;FALSO;7753
3933;26309;18;18;3;27/12/2022;2022;12;15:20:00;Vandalismo;Seguridad;Media;FALSO;13;FALSO;22368
3934;2516;39;25;2;19/10/2023;2023;10;6:22:00;Vandalismo;Seguridad;Media;FALSO;9;FALSO;19036
3935;2727;40;12;8;21/03/2023;2023;3;20:47:00;Huelga parcial;Operacional;Alta;VERDADERO;5;FALSO;0
3936;49877;24;10;7;16/02/2022;2022;2;18:00:00;Averia mecanica;Vehiculo;Alta;VERDADERO;18;VERDADERO;29602
3937;22551;40;12;8;26/12/2022;2022;12;20:34:00;Vandalismo;Seguridad;Media;FALSO;5;FALSO;10187
3938;25562;27;27;4;16/04/2024;2024;4;18:55:00;Huelga parcial;Operacional;Alta;VERDADERO;132;FALSO;0
3939;46564;29;1;3;12/12/2023;2023;12;11:10:00;Fallo electrico;Vehiculo;Alta;VERDADERO;8;FALSO;182844
3940;6586;35;7;6;27/01/2022;2022;1;13:30:00;Fallo climatizacion;Vehiculo;Baja;FALSO;5;FALSO;1850
3941;40733;36;22;9;24/09/2022;2022;9;8:39:00;Accidente leve;Seguridad;Alta;VERDADERO;18;VERDADERO;351141
3942;24852;31;17;6;31/07/2024;2024;7;19:20:00;Averia mecanica;Vehiculo;Alta;VERDADERO;17;VERDADERO;267539
3943;29429;30;2;5;04/07/2023;2023;7;15:50:00;Retencion trafico;Externo;Baja;FALSO;5;FALSO;1261
3944;31804;11;25;2;30/12/2022;2022;12;22:30:00;Retencion trafico;Externo;Baja;FALSO;7;FALSO;4935
3945;43731;10;24;5;22/07/2024;2024;7;11:53:00;Accidente grave;Seguridad;Critica;VERDADERO;32;VERDADERO;690163
3946;25705;2;2;9;08/08/2022;2022;8;11:50:00;Fallo electrico;Vehiculo;Alta;VERDADERO;44;FALSO;54527
3947;30343;20;20;6;23/09/2024;2024;9;11:31:00;Accidente grave;Seguridad;Critica;VERDADERO;28;FALSO;1118782
3948;21074;33;19;2;08/10/2022;2022;10;6:32:00;Obras calzada;Externo;Media;FALSO;16;FALSO;0
3949;16813;14;14;8;23/06/2022;2022;6;10:44:00;Pinchazo;Vehiculo;Media;VERDADERO;32;VERDADERO;14808
3950;46205;6;6;7;01/04/2023;2023;4;18:38:00;Obras calzada;Externo;Media;FALSO;23;FALSO;0
3951;32292;37;9;6;22/05/2022;2022;5;10:31:00;Vandalismo;Seguridad;Media;FALSO;7;FALSO;3956
3952;35506;17;3;1;28/10/2024;2024;10;18:21:00;Fallo climatizacion;Vehiculo;Baja;FALSO;16;FALSO;12281
3953;29984;39;25;6;10/02/2023;2023;2;15:32:00;Averia mecanica;Vehiculo;Alta;VERDADERO;83;VERDADERO;127897
3954;35084;15;1;9;11/02/2024;2024;2;11:25:00;Averia mecanica;Vehiculo;Alta;VERDADERO;14;VERDADERO;170575
3955;14286;7;7;8;24/06/2022;2022;6;18:11:00;Obras calzada;Externo;Media;FALSO;9;FALSO;0
3956;31624;41;13;6;17/09/2023;2023;9;8:22:00;Pasajero enfermo;Servicio;Media;FALSO;40;FALSO;8148
3957;37327;32;4;9;03/11/2022;2022;11;20:25:00;Condiciones meteo;Externo;Media;FALSO;5;FALSO;0
3958;6794;33;19;10;29/05/2023;2023;5;5:19:00;Condiciones meteo;Externo;Media;FALSO;14;FALSO;0
3959;2901;4;18;7;25/05/2022;2022;5;7:45:00;Pasajero enfermo;Servicio;Media;FALSO;38;FALSO;5248
3960;9744;1;1;5;14/06/2024;2024;6;8:23:00;Accidente leve;Seguridad;Alta;VERDADERO;82;VERDADERO;176023
3961;15838;5;19;5;03/05/2022;2022;5;18:20:00;Retencion trafico;Externo;Baja;FALSO;5;FALSO;4684
3962;42212;3;17;5;06/09/2022;2022;9;15:40:00;Retencion trafico;Externo;Baja;FALSO;27;FALSO;2459
3963;4705;2;2;9;09/09/2024;2024;9;21:56:00;Vandalismo;Seguridad;Media;FALSO;31;FALSO;18174
3964;27326;27;27;4;02/07/2023;2023;7;10:00:00;Condiciones meteo;Externo;Media;FALSO;22;FALSO;0
3965;29520;37;9;5;02/08/2023;2023;8;7:31:00;Accidente leve;Seguridad;Alta;VERDADERO;20;FALSO;134651
3966;12525;10;10;4;29/12/2022;2022;12;7:10:00;Averia mecanica;Vehiculo;Alta;VERDADERO;5;VERDADERO;100697
3967;937;14;14;6;24/02/2024;2024;2;9:01:00;Fallo climatizacion;Vehiculo;Baja;FALSO;9;FALSO;9736
3968;38818;11;11;9;14/08/2022;2022;8;20:31:00;Fallo climatizacion;Vehiculo;Baja;FALSO;5;FALSO;26132
3969;40299;22;8;8;23/07/2022;2022;7;9:23:00;Condiciones meteo;Externo;Media;FALSO;5;FALSO;0
3970;30143;30;16;8;08/02/2022;2022;2;22:21:00;Vandalismo;Seguridad;Media;FALSO;6;FALSO;62222
3971;32194;23;23;10;08/06/2022;2022;6;3:29:00;Condiciones meteo;Externo;Media;FALSO;5;FALSO;0
3972;40975;26;12;1;02/06/2023;2023;6;21:34:00;Pasajero enfermo;Servicio;Media;FALSO;35;FALSO;4382
3973;5749;38;10;9;03/10/2022;2022;10;8:30:00;Obras calzada;Externo;Media;FALSO;23;FALSO;0
3974;21049;8;22;8;06/10/2023;2023;10;22:48:00;Accidente grave;Seguridad;Critica;VERDADERO;24;FALSO;344082
3975;21974;9;23;7;25/08/2024;2024;8;21:11:00;Accidente grave;Seguridad;Critica;VERDADERO;5;VERDADERO;868502
3976;14555;24;24;3;15/12/2022;2022;12;18:52:00;Accidente leve;Seguridad;Alta;VERDADERO;9;FALSO;356675
3977;20563;26;12;10;01/06/2023;2023;6;22:20:00;Fallo electrico;Vehiculo;Alta;VERDADERO;30;VERDADERO;31689
3978;48809;6;6;7;09/03/2023;2023;3;19:36:00;Pasajero enfermo;Servicio;Media;FALSO;45;FALSO;655
3979;27160;29;1;3;06/03/2023;2023;3;13:32:00;Huelga parcial;Operacional;Alta;VERDADERO;181;VERDADERO;0
3980;31828;35;21;10;02/09/2023;2023;9;3:50:00;Huelga parcial;Operacional;Alta;VERDADERO;154;VERDADERO;0
3981;12623;24;24;2;09/11/2022;2022;11;19:52:00;Pasajero enfermo;Servicio;Media;FALSO;33;FALSO;1759
3982;5922;1;15;2;08/08/2022;2022;8;12:50:00;Pasajero enfermo;Servicio;Media;FALSO;5;FALSO;7819
3983;1721;42;14;2;02/08/2024;2024;8;11:40:00;Vandalismo;Seguridad;Media;FALSO;63;FALSO;72303
3984;582;37;23;6;11/09/2022;2022;9;13:43:00;Obras calzada;Externo;Media;FALSO;12;FALSO;0
3985;24466;23;23;9;21/02/2024;2024;2;19:14:00;Pinchazo;Vehiculo;Media;VERDADERO;5;FALSO;1385
3986;6144;13;13;5;16/04/2024;2024;4;14:14:00;Retencion trafico;Externo;Baja;FALSO;24;FALSO;547
3987;47121;40;26;4;10/05/2024;2024;5;16:23:00;Vandalismo;Seguridad;Media;FALSO;21;FALSO;31262
3988;12663;22;8;3;20/09/2022;2022;9;14:50:00;Fallo electrico;Vehiculo;Alta;VERDADERO;52;VERDADERO;78181
3989;6362;21;7;1;17/11/2022;2022;11;8:34:00;Pinchazo;Vehiculo;Media;VERDADERO;8;VERDADERO;32178
3990;42202;35;7;8;20/12/2022;2022;12;20:09:00;Retencion trafico;Externo;Baja;FALSO;14;FALSO;907
3991;34562;39;11;10;21/11/2022;2022;11;4:20:00;Obras calzada;Externo;Media;FALSO;5;FALSO;0
3992;29124;19;5;2;09/10/2024;2024;10;18:40:00;Fallo climatizacion;Vehiculo;Baja;FALSO;90;FALSO;16321
3993;20306;21;7;7;04/01/2024;2024;1;17:34:00;Fallo electrico;Vehiculo;Alta;VERDADERO;55;VERDADERO;142068
3994;34089;28;14;2;09/08/2023;2023;8;7:34:00;Fallo climatizacion;Vehiculo;Baja;FALSO;28;FALSO;18135
3995;10255;8;8;8;09/03/2024;2024;3;17:46:00;Condiciones meteo;Externo;Media;FALSO;6;FALSO;0
3996;46736;33;5;3;23/04/2023;2023;4;14:32:00;Accidente grave;Seguridad;Critica;VERDADERO;5;VERDADERO;981647
3997;28682;39;11;2;27/09/2024;2024;9;18:47:00;Retencion trafico;Externo;Baja;FALSO;21;FALSO;2414
3998;46607;30;16;2;06/03/2023;2023;3;14:41:00;Pasajero enfermo;Servicio;Media;FALSO;41;FALSO;5205
3999;7500;25;25;3;17/02/2023;2023;2;13:50:00;Pinchazo;Vehiculo;Media;VERDADERO;11;VERDADERO;23832
4000;24976;29;1;8;14/04/2022;2022;4;10:43:00;Vandalismo;Seguridad;Media;FALSO;5;FALSO;18683
